{
  "scan_timestamp": "2025-11-26T06:31:01.202991+00:00",
  "duration_seconds": 861.95,
  "performance_metrics": {
    "total_processed": 412,
    "valid_configs": 239,
    "duplicates": 0,
    "failed_tests": 173,
    "success_rate": 58.01,
    "avg_latency_ms": 139.05,
    "avg_score": 99.07
  },
  "protocol_summary": {
    "vmess": {
      "count": 60,
      "avg_lat": 123.25,
      "avg_score": 99.17833333333333
    },
    "vless": {
      "count": 102,
      "avg_lat": 130.13725490196077,
      "avg_score": 99.13241830065358
    },
    "ss": {
      "count": 0,
      "avg_lat": 0.0,
      "avg_score": 0.0
    },
    "trojan": {
      "count": 77,
      "avg_lat": 163.15584415584416,
      "avg_score": 98.91229437229437
    }
  }
}