{
  "scan_timestamp": "2025-11-26T04:30:22.027577+00:00",
  "duration_seconds": 834.77,
  "performance_metrics": {
    "total_processed": 397,
    "valid_configs": 242,
    "duplicates": 0,
    "failed_tests": 155,
    "success_rate": 60.96,
    "avg_latency_ms": 144.09,
    "avg_score": 99.04
  },
  "protocol_summary": {
    "vmess": {
      "count": 52,
      "avg_lat": 118.09615384615384,
      "avg_score": 99.21269230769232
    },
    "vless": {
      "count": 121,
      "avg_lat": 160.16528925619835,
      "avg_score": 98.93223140495867
    },
    "ss": {
      "count": 0,
      "avg_lat": 0.0,
      "avg_score": 0.0
    },
    "trojan": {
      "count": 69,
      "avg_lat": 135.47826086956522,
      "avg_score": 99.0968115942029
    }
  }
}