{
  "scan_timestamp": "2025-11-20T03:51:47.971407+00:00",
  "duration_seconds": 864.11,
  "performance_metrics": {
    "total_processed": 415,
    "valid_configs": 236,
    "duplicates": 0,
    "failed_tests": 179,
    "success_rate": 56.87,
    "avg_latency_ms": 120.29,
    "avg_score": 99.2
  },
  "protocol_summary": {
    "vmess": {
      "count": 49,
      "avg_lat": 163.20408163265307,
      "avg_score": 98.91197278911564
    },
    "vless": {
      "count": 112,
      "avg_lat": 70.85714285714286,
      "avg_score": 99.52761904761905
    },
    "ss": {
      "count": 1,
      "avg_lat": 124.0,
      "avg_score": 99.17333333333333
    },
    "trojan": {
      "count": 74,
      "avg_lat": 166.64864864864865,
      "avg_score": 98.88900900900902
    }
  }
}