{
  "scan_timestamp": "2025-10-29T09:24:50.152361+00:00",
  "duration_seconds": 827.87,
  "performance_metrics": {
    "total_processed": 398,
    "valid_configs": 218,
    "duplicates": 0,
    "failed_tests": 180,
    "success_rate": 54.77,
    "avg_latency_ms": 129.9,
    "avg_score": 99.13
  },
  "protocol_summary": {
    "vmess": {
      "count": 67,
      "avg_lat": 186.1492537313433,
      "avg_score": 98.75900497512438
    },
    "vless": {
      "count": 120,
      "avg_lat": 60.666666666666664,
      "avg_score": 99.59555555555556
    },
    "ss": {
      "count": 1,
      "avg_lat": 128.0,
      "avg_score": 99.14666666666666
    },
    "trojan": {
      "count": 30,
      "avg_lat": 281.26666666666665,
      "avg_score": 98.12488888888889
    }
  }
}