{
  "scan_timestamp": "2025-11-03T06:30:52.298477+00:00",
  "duration_seconds": 862.01,
  "performance_metrics": {
    "total_processed": 390,
    "valid_configs": 215,
    "duplicates": 0,
    "failed_tests": 175,
    "success_rate": 55.13,
    "avg_latency_ms": 187.8,
    "avg_score": 98.75
  },
  "protocol_summary": {
    "vmess": {
      "count": 78,
      "avg_lat": 268.2692307692308,
      "avg_score": 98.21153846153847
    },
    "vless": {
      "count": 115,
      "avg_lat": 148.05217391304348,
      "avg_score": 99.01298550724638
    },
    "ss": {
      "count": 1,
      "avg_lat": 159.0,
      "avg_score": 98.94
    },
    "trojan": {
      "count": 21,
      "avg_lat": 107.95238095238095,
      "avg_score": 99.28031746031746
    }
  }
}