{
  "scan_timestamp": "2025-11-24T10:29:08.361084+00:00",
  "duration_seconds": 996.29,
  "performance_metrics": {
    "total_processed": 470,
    "valid_configs": 285,
    "duplicates": 0,
    "failed_tests": 185,
    "success_rate": 60.64,
    "avg_latency_ms": 142.41,
    "avg_score": 99.05
  },
  "protocol_summary": {
    "vmess": {
      "count": 48,
      "avg_lat": 146.625,
      "avg_score": 99.0225
    },
    "vless": {
      "count": 108,
      "avg_lat": 122.79629629629629,
      "avg_score": 99.18135802469135
    },
    "ss": {
      "count": 0,
      "avg_lat": 0.0,
      "avg_score": 0.0
    },
    "trojan": {
      "count": 129,
      "avg_lat": 157.27131782945736,
      "avg_score": 98.95152454780361
    }
  }
}