{
  "scan_timestamp": "2025-11-12T02:44:00.708993+00:00",
  "duration_seconds": 1087.97,
  "performance_metrics": {
    "total_processed": 479,
    "valid_configs": 308,
    "duplicates": 0,
    "failed_tests": 171,
    "success_rate": 64.3,
    "avg_latency_ms": 122.37,
    "avg_score": 99.18
  },
  "protocol_summary": {
    "vmess": {
      "count": 35,
      "avg_lat": 296.25714285714287,
      "avg_score": 98.02495238095239
    },
    "vless": {
      "count": 257,
      "avg_lat": 97.41634241245136,
      "avg_score": 99.35055771725033
    },
    "ss": {
      "count": 1,
      "avg_lat": 127.0,
      "avg_score": 99.15333333333334
    },
    "trojan": {
      "count": 15,
      "avg_lat": 143.8,
      "avg_score": 99.04133333333333
    }
  }
}