{
  "scan_timestamp": "2025-10-30T20:21:53.716526+00:00",
  "duration_seconds": 649.86,
  "performance_metrics": {
    "total_processed": 351,
    "valid_configs": 156,
    "duplicates": 0,
    "failed_tests": 195,
    "success_rate": 44.44,
    "avg_latency_ms": 153.9,
    "avg_score": 98.97
  },
  "protocol_summary": {
    "vmess": {
      "count": 55,
      "avg_lat": 327.72727272727275,
      "avg_score": 97.81515151515151
    },
    "vless": {
      "count": 96,
      "avg_lat": 52.770833333333336,
      "avg_score": 99.64819444444446
    },
    "ss": {
      "count": 1,
      "avg_lat": 136.0,
      "avg_score": 99.09333333333333
    },
    "trojan": {
      "count": 4,
      "avg_lat": 195.25,
      "avg_score": 98.69833333333334
    }
  }
}