{
  "scan_timestamp": "2025-11-16T19:25:29.291641+00:00",
  "duration_seconds": 1083.77,
  "performance_metrics": {
    "total_processed": 474,
    "valid_configs": 326,
    "duplicates": 0,
    "failed_tests": 148,
    "success_rate": 68.78,
    "avg_latency_ms": 159.7,
    "avg_score": 98.94
  },
  "protocol_summary": {
    "vmess": {
      "count": 56,
      "avg_lat": 203.75,
      "avg_score": 98.64166666666667
    },
    "vless": {
      "count": 205,
      "avg_lat": 142.21463414634147,
      "avg_score": 99.05190243902439
    },
    "ss": {
      "count": 1,
      "avg_lat": 152.0,
      "avg_score": 98.98666666666666
    },
    "trojan": {
      "count": 64,
      "avg_lat": 177.265625,
      "avg_score": 98.81822916666667
    }
  }
}