{
  "scan_timestamp": "2025-11-16T08:58:59.280364+00:00",
  "duration_seconds": 1100.97,
  "performance_metrics": {
    "total_processed": 474,
    "valid_configs": 329,
    "duplicates": 0,
    "failed_tests": 145,
    "success_rate": 69.41,
    "avg_latency_ms": 135.82,
    "avg_score": 99.09
  },
  "protocol_summary": {
    "vmess": {
      "count": 54,
      "avg_lat": 100.53703703703704,
      "avg_score": 99.32975308641974
    },
    "vless": {
      "count": 206,
      "avg_lat": 140.09708737864077,
      "avg_score": 99.06601941747572
    },
    "ss": {
      "count": 1,
      "avg_lat": 182.0,
      "avg_score": 98.78666666666666
    },
    "trojan": {
      "count": 68,
      "avg_lat": 150.19117647058823,
      "avg_score": 98.99872549019608
    }
  }
}