{
  "scan_timestamp": "2025-10-27T20:22:06.999276+00:00",
  "duration_seconds": 787.76,
  "performance_metrics": {
    "total_processed": 383,
    "valid_configs": 205,
    "duplicates": 0,
    "failed_tests": 178,
    "success_rate": 53.52,
    "avg_latency_ms": 98.8,
    "avg_score": 99.34
  },
  "protocol_summary": {
    "vmess": {
      "count": 62,
      "avg_lat": 122.58064516129032,
      "avg_score": 99.18279569892472
    },
    "vless": {
      "count": 120,
      "avg_lat": 66.98333333333333,
      "avg_score": 99.55344444444445
    },
    "ss": {
      "count": 1,
      "avg_lat": 152.0,
      "avg_score": 98.98666666666666
    },
    "trojan": {
      "count": 22,
      "avg_lat": 202.95454545454547,
      "avg_score": 98.64696969696969
    }
  }
}