{
  "scan_timestamp": "2025-11-03T05:24:40.331628+00:00",
  "duration_seconds": 807.41,
  "performance_metrics": {
    "total_processed": 385,
    "valid_configs": 196,
    "duplicates": 0,
    "failed_tests": 189,
    "success_rate": 50.91,
    "avg_latency_ms": 112.6,
    "avg_score": 99.25
  },
  "protocol_summary": {
    "vmess": {
      "count": 66,
      "avg_lat": 152.4090909090909,
      "avg_score": 98.9839393939394
    },
    "vless": {
      "count": 109,
      "avg_lat": 90.71559633027523,
      "avg_score": 99.39522935779816
    },
    "ss": {
      "count": 1,
      "avg_lat": 121.0,
      "avg_score": 99.19333333333333
    },
    "trojan": {
      "count": 20,
      "avg_lat": 100.05,
      "avg_score": 99.333
    }
  }
}