{
  "scan_timestamp": "2025-11-17T10:29:22.821690+00:00",
  "duration_seconds": 1031.63,
  "performance_metrics": {
    "total_processed": 438,
    "valid_configs": 309,
    "duplicates": 0,
    "failed_tests": 129,
    "success_rate": 70.55,
    "avg_latency_ms": 139.83,
    "avg_score": 99.07
  },
  "protocol_summary": {
    "vmess": {
      "count": 35,
      "avg_lat": 105.51428571428572,
      "avg_score": 99.29657142857143
    },
    "vless": {
      "count": 202,
      "avg_lat": 142.44059405940595,
      "avg_score": 99.05039603960397
    },
    "ss": {
      "count": 1,
      "avg_lat": 193.0,
      "avg_score": 98.71333333333334
    },
    "trojan": {
      "count": 71,
      "avg_lat": 148.56338028169014,
      "avg_score": 99.00957746478873
    }
  }
}