{
  "scan_timestamp": "2025-11-12T14:29:15.056511+00:00",
  "duration_seconds": 1085.29,
  "performance_metrics": {
    "total_processed": 478,
    "valid_configs": 312,
    "duplicates": 0,
    "failed_tests": 166,
    "success_rate": 65.27,
    "avg_latency_ms": 174.95,
    "avg_score": 98.83
  },
  "protocol_summary": {
    "vmess": {
      "count": 34,
      "avg_lat": 389.6470588235294,
      "avg_score": 97.40235294117646
    },
    "vless": {
      "count": 245,
      "avg_lat": 142.59591836734694,
      "avg_score": 99.04936054421769
    },
    "ss": {
      "count": 1,
      "avg_lat": 143.0,
      "avg_score": 99.04666666666667
    },
    "trojan": {
      "count": 32,
      "avg_lat": 195.5625,
      "avg_score": 98.69625
    }
  }
}