{
  "scan_timestamp": "2025-11-29T02:39:10.152279+00:00",
  "duration_seconds": 896.39,
  "performance_metrics": {
    "total_processed": 475,
    "valid_configs": 208,
    "duplicates": 0,
    "failed_tests": 267,
    "success_rate": 43.79,
    "avg_latency_ms": 158.29,
    "avg_score": 98.94
  },
  "protocol_summary": {
    "vmess": {
      "count": 38,
      "avg_lat": 178.73684210526315,
      "avg_score": 98.80842105263157
    },
    "vless": {
      "count": 86,
      "avg_lat": 114.70930232558139,
      "avg_score": 99.23527131782946
    },
    "ss": {
      "count": 0,
      "avg_lat": 0.0,
      "avg_score": 0.0
    },
    "trojan": {
      "count": 84,
      "avg_lat": 193.66666666666666,
      "avg_score": 98.7088888888889
    }
  }
}