{
  "scan_timestamp": "2025-11-17T08:33:01.058269+00:00",
  "duration_seconds": 1027.79,
  "performance_metrics": {
    "total_processed": 436,
    "valid_configs": 308,
    "duplicates": 0,
    "failed_tests": 128,
    "success_rate": 70.64,
    "avg_latency_ms": 118.55,
    "avg_score": 99.21
  },
  "protocol_summary": {
    "vmess": {
      "count": 35,
      "avg_lat": 98.94285714285714,
      "avg_score": 99.34038095238095
    },
    "vless": {
      "count": 203,
      "avg_lat": 107.5960591133005,
      "avg_score": 99.28269293924465
    },
    "ss": {
      "count": 1,
      "avg_lat": 167.0,
      "avg_score": 98.88666666666667
    },
    "trojan": {
      "count": 69,
      "avg_lat": 160.02898550724638,
      "avg_score": 98.93314009661836
    }
  }
}