{
  "scan_timestamp": "2025-11-19T17:23:26.838527+00:00",
  "duration_seconds": 826.29,
  "performance_metrics": {
    "total_processed": 415,
    "valid_configs": 219,
    "duplicates": 0,
    "failed_tests": 196,
    "success_rate": 52.77,
    "avg_latency_ms": 180.45,
    "avg_score": 98.8
  },
  "protocol_summary": {
    "vmess": {
      "count": 41,
      "avg_lat": 255.41463414634146,
      "avg_score": 98.29723577235772
    },
    "vless": {
      "count": 97,
      "avg_lat": 177.58762886597938,
      "avg_score": 98.8160824742268
    },
    "ss": {
      "count": 1,
      "avg_lat": 175.0,
      "avg_score": 98.83333333333333
    },
    "trojan": {
      "count": 80,
      "avg_lat": 145.575,
      "avg_score": 99.0295
    }
  }
}