{
  "scan_timestamp": "2025-11-16T12:34:54.411345+00:00",
  "duration_seconds": 1097.53,
  "performance_metrics": {
    "total_processed": 475,
    "valid_configs": 326,
    "duplicates": 0,
    "failed_tests": 149,
    "success_rate": 68.63,
    "avg_latency_ms": 103.22,
    "avg_score": 99.31
  },
  "protocol_summary": {
    "vmess": {
      "count": 48,
      "avg_lat": 107.47916666666667,
      "avg_score": 99.28347222222222
    },
    "vless": {
      "count": 218,
      "avg_lat": 90.4770642201835,
      "avg_score": 99.39681957186545
    },
    "ss": {
      "count": 1,
      "avg_lat": 122.0,
      "avg_score": 99.18666666666667
    },
    "trojan": {
      "count": 59,
      "avg_lat": 146.54237288135593,
      "avg_score": 99.02305084745763
    }
  }
}