{
  "scan_timestamp": "2025-11-07T17:27:48.220136+00:00",
  "duration_seconds": 1123.69,
  "performance_metrics": {
    "total_processed": 474,
    "valid_configs": 330,
    "duplicates": 0,
    "failed_tests": 144,
    "success_rate": 69.62,
    "avg_latency_ms": 150.97,
    "avg_score": 98.99
  },
  "protocol_summary": {
    "vmess": {
      "count": 60,
      "avg_lat": 160.1,
      "avg_score": 98.93266666666666
    },
    "vless": {
      "count": 265,
      "avg_lat": 144.38490566037737,
      "avg_score": 99.03743396226415
    },
    "ss": {
      "count": 0,
      "avg_lat": 0.0,
      "avg_score": 0.0
    },
    "trojan": {
      "count": 5,
      "avg_lat": 390.2,
      "avg_score": 97.39866666666667
    }
  }
}