{
  "scan_timestamp": "2025-11-01T20:24:22.424336+00:00",
  "duration_seconds": 901.84,
  "performance_metrics": {
    "total_processed": 428,
    "valid_configs": 227,
    "duplicates": 0,
    "failed_tests": 201,
    "success_rate": 53.04,
    "avg_latency_ms": 209.89,
    "avg_score": 98.6
  },
  "protocol_summary": {
    "vmess": {
      "count": 105,
      "avg_lat": 302.9047619047619,
      "avg_score": 97.98063492063493
    },
    "vless": {
      "count": 107,
      "avg_lat": 136.3551401869159,
      "avg_score": 99.09096573208723
    },
    "ss": {
      "count": 1,
      "avg_lat": 178.0,
      "avg_score": 98.81333333333333
    },
    "trojan": {
      "count": 14,
      "avg_lat": 76.57142857142857,
      "avg_score": 99.4895238095238
    }
  }
}