{
  "scan_timestamp": "2025-11-04T08:32:14.893382+00:00",
  "duration_seconds": 1062.98,
  "performance_metrics": {
    "total_processed": 464,
    "valid_configs": 295,
    "duplicates": 0,
    "failed_tests": 169,
    "success_rate": 63.58,
    "avg_latency_ms": 105.88,
    "avg_score": 99.29
  },
  "protocol_summary": {
    "vmess": {
      "count": 34,
      "avg_lat": 99.29411764705883,
      "avg_score": 99.33803921568628
    },
    "vless": {
      "count": 243,
      "avg_lat": 107.37037037037037,
      "avg_score": 99.2841975308642
    },
    "ss": {
      "count": 1,
      "avg_lat": 128.0,
      "avg_score": 99.14666666666666
    },
    "trojan": {
      "count": 17,
      "avg_lat": 96.52941176470588,
      "avg_score": 99.3564705882353
    }
  }
}