{
  "scan_timestamp": "2025-11-09T12:35:14.988935+00:00",
  "duration_seconds": 1136.69,
  "performance_metrics": {
    "total_processed": 477,
    "valid_configs": 322,
    "duplicates": 0,
    "failed_tests": 155,
    "success_rate": 67.51,
    "avg_latency_ms": 159.66,
    "avg_score": 98.94
  },
  "protocol_summary": {
    "vmess": {
      "count": 42,
      "avg_lat": 159.95238095238096,
      "avg_score": 98.93365079365078
    },
    "vless": {
      "count": 266,
      "avg_lat": 159.80827067669173,
      "avg_score": 98.93461152882206
    },
    "ss": {
      "count": 1,
      "avg_lat": 182.0,
      "avg_score": 98.78666666666666
    },
    "trojan": {
      "count": 13,
      "avg_lat": 153.84615384615384,
      "avg_score": 98.97435897435898
    }
  }
}