{
  "scan_timestamp": "2025-11-17T17:28:28.781803+00:00",
  "duration_seconds": 1106.77,
  "performance_metrics": {
    "total_processed": 474,
    "valid_configs": 333,
    "duplicates": 0,
    "failed_tests": 141,
    "success_rate": 70.25,
    "avg_latency_ms": 144.52,
    "avg_score": 99.04
  },
  "protocol_summary": {
    "vmess": {
      "count": 49,
      "avg_lat": 148.57142857142858,
      "avg_score": 99.00952380952381
    },
    "vless": {
      "count": 212,
      "avg_lat": 144.25943396226415,
      "avg_score": 99.03827044025158
    },
    "ss": {
      "count": 1,
      "avg_lat": 180.0,
      "avg_score": 98.8
    },
    "trojan": {
      "count": 71,
      "avg_lat": 142.01408450704224,
      "avg_score": 99.05323943661972
    }
  }
}