{
  "scan_timestamp": "2025-11-30T18:31:08.519613+00:00",
  "duration_seconds": 1050.34,
  "performance_metrics": {
    "total_processed": 474,
    "valid_configs": 309,
    "duplicates": 0,
    "failed_tests": 165,
    "success_rate": 65.19,
    "avg_latency_ms": 193.25,
    "avg_score": 98.71
  },
  "protocol_summary": {
    "vmess": {
      "count": 71,
      "avg_lat": 262.80281690140845,
      "avg_score": 98.24798122065728
    },
    "vless": {
      "count": 195,
      "avg_lat": 177.54358974358973,
      "avg_score": 98.81637606837606
    },
    "ss": {
      "count": 0,
      "avg_lat": 0.0,
      "avg_score": 0.0
    },
    "trojan": {
      "count": 43,
      "avg_lat": 149.62790697674419,
      "avg_score": 99.00248062015504
    }
  }
}