{
  "scan_timestamp": "2025-11-03T19:20:32.285509+00:00",
  "duration_seconds": 754.19,
  "performance_metrics": {
    "total_processed": 351,
    "valid_configs": 177,
    "duplicates": 0,
    "failed_tests": 174,
    "success_rate": 50.43,
    "avg_latency_ms": 120.52,
    "avg_score": 99.2
  },
  "protocol_summary": {
    "vmess": {
      "count": 65,
      "avg_lat": 219.52307692307693,
      "avg_score": 98.53651282051281
    },
    "vless": {
      "count": 93,
      "avg_lat": 51.645161290322584,
      "avg_score": 99.65569892473118
    },
    "ss": {
      "count": 1,
      "avg_lat": 125.0,
      "avg_score": 99.16666666666667
    },
    "trojan": {
      "count": 18,
      "avg_lat": 118.61111111111111,
      "avg_score": 99.20925925925926
    }
  }
}