{
  "scan_timestamp": "2025-12-05T20:28:07.064177+00:00",
  "duration_seconds": 992.5,
  "performance_metrics": {
    "total_processed": 471,
    "valid_configs": 271,
    "duplicates": 0,
    "failed_tests": 200,
    "success_rate": 57.54,
    "avg_latency_ms": 136.67,
    "avg_score": 99.09
  },
  "protocol_summary": {
    "vmess": {
      "count": 105,
      "avg_lat": 159.62857142857143,
      "avg_score": 98.93580952380952
    },
    "vless": {
      "count": 124,
      "avg_lat": 97.98387096774194,
      "avg_score": 99.34677419354838
    },
    "ss": {
      "count": 0,
      "avg_lat": 0.0,
      "avg_score": 0.0
    },
    "trojan": {
      "count": 42,
      "avg_lat": 193.47619047619048,
      "avg_score": 98.71015873015874
    }
  }
}