{
  "scan_timestamp": "2025-11-06T04:00:17.547734+00:00",
  "duration_seconds": 1129.0,
  "performance_metrics": {
    "total_processed": 479,
    "valid_configs": 341,
    "duplicates": 0,
    "failed_tests": 138,
    "success_rate": 71.19,
    "avg_latency_ms": 143.87,
    "avg_score": 99.04
  },
  "protocol_summary": {
    "vmess": {
      "count": 53,
      "avg_lat": 155.75471698113208,
      "avg_score": 98.9616352201258
    },
    "vless": {
      "count": 280,
      "avg_lat": 142.02142857142857,
      "avg_score": 99.05319047619048
    },
    "ss": {
      "count": 0,
      "avg_lat": 0.0,
      "avg_score": 0.0
    },
    "trojan": {
      "count": 8,
      "avg_lat": 129.75,
      "avg_score": 99.135
    }
  }
}