{
  "scan_timestamp": "2025-11-08T23:27:35.479036+00:00",
  "duration_seconds": 1112.34,
  "performance_metrics": {
    "total_processed": 476,
    "valid_configs": 327,
    "duplicates": 0,
    "failed_tests": 149,
    "success_rate": 68.7,
    "avg_latency_ms": 128.19,
    "avg_score": 99.15
  },
  "protocol_summary": {
    "vmess": {
      "count": 63,
      "avg_lat": 120.38095238095238,
      "avg_score": 99.19746031746033
    },
    "vless": {
      "count": 248,
      "avg_lat": 127.78629032258064,
      "avg_score": 99.14809139784946
    },
    "ss": {
      "count": 1,
      "avg_lat": 150.0,
      "avg_score": 99.0
    },
    "trojan": {
      "count": 15,
      "avg_lat": 166.26666666666668,
      "avg_score": 98.89155555555554
    }
  }
}