{
  "scan_timestamp": "2025-12-05T19:24:50.539284+00:00",
  "duration_seconds": 995.38,
  "performance_metrics": {
    "total_processed": 471,
    "valid_configs": 276,
    "duplicates": 0,
    "failed_tests": 195,
    "success_rate": 58.6,
    "avg_latency_ms": 162.39,
    "avg_score": 98.92
  },
  "protocol_summary": {
    "vmess": {
      "count": 106,
      "avg_lat": 209.1320754716981,
      "avg_score": 98.60578616352201
    },
    "vless": {
      "count": 127,
      "avg_lat": 108.03937007874016,
      "avg_score": 99.2797375328084
    },
    "ss": {
      "count": 0,
      "avg_lat": 0.0,
      "avg_score": 0.0
    },
    "trojan": {
      "count": 43,
      "avg_lat": 207.69767441860466,
      "avg_score": 98.6153488372093
    }
  }
}