{
  "scan_timestamp": "2025-11-04T12:39:28.623646+00:00",
  "duration_seconds": 1147.69,
  "performance_metrics": {
    "total_processed": 481,
    "valid_configs": 328,
    "duplicates": 0,
    "failed_tests": 153,
    "success_rate": 68.19,
    "avg_latency_ms": 141.49,
    "avg_score": 99.06
  },
  "protocol_summary": {
    "vmess": {
      "count": 39,
      "avg_lat": 253.33333333333334,
      "avg_score": 98.3111111111111
    },
    "vless": {
      "count": 271,
      "avg_lat": 127.81180811808117,
      "avg_score": 99.1479212792128
    },
    "ss": {
      "count": 1,
      "avg_lat": 134.0,
      "avg_score": 99.10666666666667
    },
    "trojan": {
      "count": 17,
      "avg_lat": 103.41176470588235,
      "avg_score": 99.31058823529412
    }
  }
}