{
  "scan_timestamp": "2025-11-16T23:27:17.590735+00:00",
  "duration_seconds": 1089.77,
  "performance_metrics": {
    "total_processed": 473,
    "valid_configs": 330,
    "duplicates": 0,
    "failed_tests": 143,
    "success_rate": 69.77,
    "avg_latency_ms": 141.2,
    "avg_score": 99.06
  },
  "protocol_summary": {
    "vmess": {
      "count": 54,
      "avg_lat": 159.90740740740742,
      "avg_score": 98.93395061728395
    },
    "vless": {
      "count": 212,
      "avg_lat": 136.8443396226415,
      "avg_score": 99.08770440251573
    },
    "ss": {
      "count": 1,
      "avg_lat": 171.0,
      "avg_score": 98.86
    },
    "trojan": {
      "count": 63,
      "avg_lat": 139.34920634920636,
      "avg_score": 99.07100529100529
    }
  }
}