{
  "scan_timestamp": "2025-12-02T21:27:31.102230+00:00",
  "duration_seconds": 1043.8,
  "performance_metrics": {
    "total_processed": 477,
    "valid_configs": 306,
    "duplicates": 0,
    "failed_tests": 171,
    "success_rate": 64.15,
    "avg_latency_ms": 153.92,
    "avg_score": 98.97
  },
  "protocol_summary": {
    "vmess": {
      "count": 63,
      "avg_lat": 259.031746031746,
      "avg_score": 98.2731216931217
    },
    "vless": {
      "count": 171,
      "avg_lat": 122.25730994152046,
      "avg_score": 99.18495126705653
    },
    "ss": {
      "count": 0,
      "avg_lat": 0.0,
      "avg_score": 0.0
    },
    "trojan": {
      "count": 72,
      "avg_lat": 137.125,
      "avg_score": 99.08583333333334
    }
  }
}