{
  "scan_timestamp": "2025-11-06T04:35:03.523038+00:00",
  "duration_seconds": 1130.01,
  "performance_metrics": {
    "total_processed": 479,
    "valid_configs": 341,
    "duplicates": 0,
    "failed_tests": 138,
    "success_rate": 71.19,
    "avg_latency_ms": 150.16,
    "avg_score": 99.0
  },
  "protocol_summary": {
    "vmess": {
      "count": 53,
      "avg_lat": 183.56603773584905,
      "avg_score": 98.77622641509434
    },
    "vless": {
      "count": 280,
      "avg_lat": 142.90357142857144,
      "avg_score": 99.04730952380952
    },
    "ss": {
      "count": 0,
      "avg_lat": 0.0,
      "avg_score": 0.0
    },
    "trojan": {
      "count": 8,
      "avg_lat": 182.625,
      "avg_score": 98.7825
    }
  }
}