{
  "scan_timestamp": "2025-11-25T09:30:24.104748+00:00",
  "duration_seconds": 1006.91,
  "performance_metrics": {
    "total_processed": 465,
    "valid_configs": 303,
    "duplicates": 0,
    "failed_tests": 162,
    "success_rate": 65.16,
    "avg_latency_ms": 156.11,
    "avg_score": 98.96
  },
  "protocol_summary": {
    "vmess": {
      "count": 70,
      "avg_lat": 202.64285714285714,
      "avg_score": 98.64904761904762
    },
    "vless": {
      "count": 101,
      "avg_lat": 141.3861386138614,
      "avg_score": 99.05742574257425
    },
    "ss": {
      "count": 0,
      "avg_lat": 0.0,
      "avg_score": 0.0
    },
    "trojan": {
      "count": 132,
      "avg_lat": 142.68939393939394,
      "avg_score": 99.04873737373737
    }
  }
}