{
  "scan_timestamp": "2025-12-04T21:27:06.605603+00:00",
  "duration_seconds": 1035.36,
  "performance_metrics": {
    "total_processed": 475,
    "valid_configs": 293,
    "duplicates": 0,
    "failed_tests": 182,
    "success_rate": 61.68,
    "avg_latency_ms": 143.4,
    "avg_score": 99.04
  },
  "protocol_summary": {
    "vmess": {
      "count": 109,
      "avg_lat": 163.70642201834863,
      "avg_score": 98.90862385321101
    },
    "vless": {
      "count": 141,
      "avg_lat": 99.39007092198581,
      "avg_score": 99.33739952718676
    },
    "ss": {
      "count": 0,
      "avg_lat": 0.0,
      "avg_score": 0.0
    },
    "trojan": {
      "count": 43,
      "avg_lat": 236.25581395348837,
      "avg_score": 98.42496124031008
    }
  }
}