{
  "scan_timestamp": "2025-11-25T05:26:43.218629+00:00",
  "duration_seconds": 953.41,
  "performance_metrics": {
    "total_processed": 460,
    "valid_configs": 275,
    "duplicates": 0,
    "failed_tests": 185,
    "success_rate": 59.78,
    "avg_latency_ms": 115.17,
    "avg_score": 99.23
  },
  "protocol_summary": {
    "vmess": {
      "count": 60,
      "avg_lat": 139.55,
      "avg_score": 99.06966666666668
    },
    "vless": {
      "count": 102,
      "avg_lat": 84.49019607843137,
      "avg_score": 99.4367320261438
    },
    "ss": {
      "count": 0,
      "avg_lat": 0.0,
      "avg_score": 0.0
    },
    "trojan": {
      "count": 113,
      "avg_lat": 129.91150442477877,
      "avg_score": 99.1339233038348
    }
  }
}