{
  "scan_timestamp": "2025-12-06T07:25:04.686265+00:00",
  "duration_seconds": 946.15,
  "performance_metrics": {
    "total_processed": 473,
    "valid_configs": 257,
    "duplicates": 0,
    "failed_tests": 216,
    "success_rate": 54.33,
    "avg_latency_ms": 160.14,
    "avg_score": 98.93
  },
  "protocol_summary": {
    "vmess": {
      "count": 91,
      "avg_lat": 244.42857142857142,
      "avg_score": 98.37047619047618
    },
    "vless": {
      "count": 126,
      "avg_lat": 81.73809523809524,
      "avg_score": 99.45507936507937
    },
    "ss": {
      "count": 0,
      "avg_lat": 0.0,
      "avg_score": 0.0
    },
    "trojan": {
      "count": 40,
      "avg_lat": 215.35,
      "avg_score": 98.56433333333334
    }
  }
}