{
  "scan_timestamp": "2025-11-01T02:39:25.751957+00:00",
  "duration_seconds": 773.92,
  "performance_metrics": {
    "total_processed": 380,
    "valid_configs": 198,
    "duplicates": 0,
    "failed_tests": 182,
    "success_rate": 52.11,
    "avg_latency_ms": 123.32,
    "avg_score": 99.18
  },
  "protocol_summary": {
    "vmess": {
      "count": 67,
      "avg_lat": 142.3582089552239,
      "avg_score": 99.05094527363184
    },
    "vless": {
      "count": 104,
      "avg_lat": 92.39423076923077,
      "avg_score": 99.38403846153847
    },
    "ss": {
      "count": 1,
      "avg_lat": 147.0,
      "avg_score": 99.02
    },
    "trojan": {
      "count": 26,
      "avg_lat": 197.03846153846155,
      "avg_score": 98.68641025641026
    }
  }
}