{
  "scan_timestamp": "2025-11-22T00:59:44.905932+00:00",
  "duration_seconds": 906.92,
  "performance_metrics": {
    "total_processed": 430,
    "valid_configs": 257,
    "duplicates": 0,
    "failed_tests": 173,
    "success_rate": 59.77,
    "avg_latency_ms": 140.86,
    "avg_score": 99.06
  },
  "protocol_summary": {
    "vmess": {
      "count": 55,
      "avg_lat": 195.54545454545453,
      "avg_score": 98.69636363636364
    },
    "vless": {
      "count": 126,
      "avg_lat": 119.53174603174604,
      "avg_score": 99.2031216931217
    },
    "ss": {
      "count": 0,
      "avg_lat": 0.0,
      "avg_score": 0.0
    },
    "trojan": {
      "count": 76,
      "avg_lat": 136.6315789473684,
      "avg_score": 99.08912280701755
    }
  }
}