{
  "scan_timestamp": "2025-11-06T02:45:55.220541+00:00",
  "duration_seconds": 1125.46,
  "performance_metrics": {
    "total_processed": 479,
    "valid_configs": 339,
    "duplicates": 0,
    "failed_tests": 140,
    "success_rate": 70.77,
    "avg_latency_ms": 154.68,
    "avg_score": 98.97
  },
  "protocol_summary": {
    "vmess": {
      "count": 51,
      "avg_lat": 158.2156862745098,
      "avg_score": 98.94522875816995
    },
    "vless": {
      "count": 280,
      "avg_lat": 153.56071428571428,
      "avg_score": 98.9762619047619
    },
    "ss": {
      "count": 0,
      "avg_lat": 0.0,
      "avg_score": 0.0
    },
    "trojan": {
      "count": 8,
      "avg_lat": 171.25,
      "avg_score": 98.85833333333333
    }
  }
}