{
  "scan_timestamp": "2025-11-11T16:31:18.494028+00:00",
  "duration_seconds": 1125.03,
  "performance_metrics": {
    "total_processed": 481,
    "valid_configs": 329,
    "duplicates": 0,
    "failed_tests": 152,
    "success_rate": 68.4,
    "avg_latency_ms": 169.99,
    "avg_score": 98.87
  },
  "protocol_summary": {
    "vmess": {
      "count": 29,
      "avg_lat": 324.2413793103448,
      "avg_score": 97.83839080459771
    },
    "vless": {
      "count": 283,
      "avg_lat": 154.85865724381625,
      "avg_score": 98.96760895170789
    },
    "ss": {
      "count": 1,
      "avg_lat": 151.0,
      "avg_score": 98.99333333333334
    },
    "trojan": {
      "count": 16,
      "avg_lat": 159.3125,
      "avg_score": 98.93791666666667
    }
  }
}