{
  "scan_timestamp": "2025-10-28T21:22:13.855857+00:00",
  "duration_seconds": 780.53,
  "performance_metrics": {
    "total_processed": 368,
    "valid_configs": 209,
    "duplicates": 0,
    "failed_tests": 159,
    "success_rate": 56.79,
    "avg_latency_ms": 126.14,
    "avg_score": 99.16
  },
  "protocol_summary": {
    "vmess": {
      "count": 67,
      "avg_lat": 174.01492537313433,
      "avg_score": 98.83990049751245
    },
    "vless": {
      "count": 120,
      "avg_lat": 90.65833333333333,
      "avg_score": 99.39561111111111
    },
    "ss": {
      "count": 1,
      "avg_lat": 125.0,
      "avg_score": 99.16666666666667
    },
    "trojan": {
      "count": 21,
      "avg_lat": 176.23809523809524,
      "avg_score": 98.82507936507938
    }
  }
}