{
  "scan_timestamp": "2025-10-29T11:23:01.482860+00:00",
  "duration_seconds": 825.18,
  "performance_metrics": {
    "total_processed": 398,
    "valid_configs": 218,
    "duplicates": 0,
    "failed_tests": 180,
    "success_rate": 54.77,
    "avg_latency_ms": 107.49,
    "avg_score": 99.28
  },
  "protocol_summary": {
    "vmess": {
      "count": 67,
      "avg_lat": 138.44776119402985,
      "avg_score": 99.07701492537313
    },
    "vless": {
      "count": 120,
      "avg_lat": 59.85,
      "avg_score": 99.60099999999998
    },
    "ss": {
      "count": 1,
      "avg_lat": 127.0,
      "avg_score": 99.15333333333334
    },
    "trojan": {
      "count": 30,
      "avg_lat": 228.23333333333332,
      "avg_score": 98.47844444444445
    }
  }
}