{
  "scan_timestamp": "2025-11-15T21:26:05.758223+00:00",
  "duration_seconds": 1099.62,
  "performance_metrics": {
    "total_processed": 473,
    "valid_configs": 323,
    "duplicates": 0,
    "failed_tests": 150,
    "success_rate": 68.29,
    "avg_latency_ms": 152.16,
    "avg_score": 98.99
  },
  "protocol_summary": {
    "vmess": {
      "count": 53,
      "avg_lat": 134.8679245283019,
      "avg_score": 99.10088050314465
    },
    "vless": {
      "count": 211,
      "avg_lat": 146.5781990521327,
      "avg_score": 99.02281200631911
    },
    "ss": {
      "count": 1,
      "avg_lat": 210.0,
      "avg_score": 98.6
    },
    "trojan": {
      "count": 58,
      "avg_lat": 187.27586206896552,
      "avg_score": 98.75149425287357
    }
  }
}