{
  "scan_timestamp": "2025-11-09T11:26:29.496081+00:00",
  "duration_seconds": 1134.41,
  "performance_metrics": {
    "total_processed": 474,
    "valid_configs": 329,
    "duplicates": 0,
    "failed_tests": 145,
    "success_rate": 69.41,
    "avg_latency_ms": 96.96,
    "avg_score": 99.35
  },
  "protocol_summary": {
    "vmess": {
      "count": 67,
      "avg_lat": 104.46268656716418,
      "avg_score": 99.30358208955224
    },
    "vless": {
      "count": 246,
      "avg_lat": 89.5040650406504,
      "avg_score": 99.40330623306232
    },
    "ss": {
      "count": 1,
      "avg_lat": 127.0,
      "avg_score": 99.15333333333334
    },
    "trojan": {
      "count": 15,
      "avg_lat": 183.8,
      "avg_score": 98.77466666666666
    }
  }
}