{
  "scan_timestamp": "2025-11-22T05:23:48.472945+00:00",
  "duration_seconds": 839.41,
  "performance_metrics": {
    "total_processed": 405,
    "valid_configs": 238,
    "duplicates": 0,
    "failed_tests": 167,
    "success_rate": 58.77,
    "avg_latency_ms": 154.73,
    "avg_score": 98.97
  },
  "protocol_summary": {
    "vmess": {
      "count": 41,
      "avg_lat": 190.85365853658536,
      "avg_score": 98.72764227642277
    },
    "vless": {
      "count": 116,
      "avg_lat": 141.38793103448276,
      "avg_score": 99.05741379310345
    },
    "ss": {
      "count": 0,
      "avg_lat": 0.0,
      "avg_score": 0.0
    },
    "trojan": {
      "count": 81,
      "avg_lat": 155.55555555555554,
      "avg_score": 98.96296296296296
    }
  }
}