{
  "scan_timestamp": "2025-11-23T19:22:48.631017+00:00",
  "duration_seconds": 909.66,
  "performance_metrics": {
    "total_processed": 465,
    "valid_configs": 263,
    "duplicates": 0,
    "failed_tests": 202,
    "success_rate": 56.56,
    "avg_latency_ms": 145.86,
    "avg_score": 99.03
  },
  "protocol_summary": {
    "vmess": {
      "count": 39,
      "avg_lat": 103.97435897435898,
      "avg_score": 99.3068376068376
    },
    "vless": {
      "count": 120,
      "avg_lat": 140.975,
      "avg_score": 99.06016666666666
    },
    "ss": {
      "count": 0,
      "avg_lat": 0.0,
      "avg_score": 0.0
    },
    "trojan": {
      "count": 104,
      "avg_lat": 167.21153846153845,
      "avg_score": 98.8852564102564
    }
  }
}