{
  "scan_timestamp": "2025-10-26T19:13:17.257498+00:00",
  "duration_seconds": 354.53,
  "performance_metrics": {
    "total_processed": 156,
    "valid_configs": 86,
    "duplicates": 0,
    "failed_tests": 70,
    "success_rate": 55.13,
    "avg_latency_ms": 151.97,
    "avg_score": 98.99
  },
  "protocol_summary": {
    "vmess": {
      "count": 58,
      "avg_lat": 159.82758620689654,
      "avg_score": 98.93448275862069
    },
    "vless": {
      "count": 10,
      "avg_lat": 46.9,
      "avg_score": 99.68733333333333
    },
    "ss": {
      "count": 0,
      "avg_lat": 0.0,
      "avg_score": 0.0
    },
    "trojan": {
      "count": 18,
      "avg_lat": 185.0,
      "avg_score": 98.76666666666667
    }
  }
}