{
  "scan_timestamp": "2025-10-27T03:51:32.805842+00:00",
  "duration_seconds": 349.69,
  "performance_metrics": {
    "total_processed": 159,
    "valid_configs": 90,
    "duplicates": 0,
    "failed_tests": 69,
    "success_rate": 56.6,
    "avg_latency_ms": 131.1,
    "avg_score": 99.13
  },
  "protocol_summary": {
    "vmess": {
      "count": 65,
      "avg_lat": 144.7076923076923,
      "avg_score": 99.03528205128205
    },
    "vless": {
      "count": 10,
      "avg_lat": 46.3,
      "avg_score": 99.69133333333333
    },
    "ss": {
      "count": 0,
      "avg_lat": 0.0,
      "avg_score": 0.0
    },
    "trojan": {
      "count": 15,
      "avg_lat": 128.66666666666666,
      "avg_score": 99.14222222222222
    }
  }
}