{
  "scan_timestamp": "2025-10-31T06:29:47.400501+00:00",
  "duration_seconds": 863.61,
  "performance_metrics": {
    "total_processed": 414,
    "valid_configs": 228,
    "duplicates": 0,
    "failed_tests": 186,
    "success_rate": 55.07,
    "avg_latency_ms": 136.57,
    "avg_score": 99.09
  },
  "protocol_summary": {
    "vmess": {
      "count": 69,
      "avg_lat": 201.34782608695653,
      "avg_score": 98.65768115942029
    },
    "vless": {
      "count": 102,
      "avg_lat": 75.91176470588235,
      "avg_score": 99.49392156862746
    },
    "ss": {
      "count": 1,
      "avg_lat": 180.0,
      "avg_score": 98.8
    },
    "trojan": {
      "count": 56,
      "avg_lat": 166.44642857142858,
      "avg_score": 98.89035714285714
    }
  }
}