{
  "scan_timestamp": "2025-11-05T04:32:31.792204+00:00",
  "duration_seconds": 1148.94,
  "performance_metrics": {
    "total_processed": 477,
    "valid_configs": 338,
    "duplicates": 0,
    "failed_tests": 139,
    "success_rate": 70.86,
    "avg_latency_ms": 180.21,
    "avg_score": 98.8
  },
  "protocol_summary": {
    "vmess": {
      "count": 53,
      "avg_lat": 283.35849056603774,
      "avg_score": 98.11094339622642
    },
    "vless": {
      "count": 275,
      "avg_lat": 161.45454545454547,
      "avg_score": 98.92363636363636
    },
    "ss": {
      "count": 0,
      "avg_lat": 0.0,
      "avg_score": 0.0
    },
    "trojan": {
      "count": 10,
      "avg_lat": 149.4,
      "avg_score": 99.00399999999999
    }
  }
}