{
  "scan_timestamp": "2025-12-02T05:28:55.471528+00:00",
  "duration_seconds": 1050.89,
  "performance_metrics": {
    "total_processed": 485,
    "valid_configs": 303,
    "duplicates": 0,
    "failed_tests": 182,
    "success_rate": 62.47,
    "avg_latency_ms": 167.1,
    "avg_score": 98.89
  },
  "protocol_summary": {
    "vmess": {
      "count": 75,
      "avg_lat": 226.30666666666667,
      "avg_score": 98.49128888888889
    },
    "vless": {
      "count": 157,
      "avg_lat": 146.52229299363057,
      "avg_score": 99.0231847133758
    },
    "ss": {
      "count": 0,
      "avg_lat": 0.0,
      "avg_score": 0.0
    },
    "trojan": {
      "count": 71,
      "avg_lat": 150.04225352112675,
      "avg_score": 98.99971830985915
    }
  }
}