{
  "scan_timestamp": "2025-11-05T23:28:26.200151+00:00",
  "duration_seconds": 1128.61,
  "performance_metrics": {
    "total_processed": 479,
    "valid_configs": 332,
    "duplicates": 0,
    "failed_tests": 147,
    "success_rate": 69.31,
    "avg_latency_ms": 133.18,
    "avg_score": 99.11
  },
  "protocol_summary": {
    "vmess": {
      "count": 53,
      "avg_lat": 166.39622641509433,
      "avg_score": 98.89069182389937
    },
    "vless": {
      "count": 270,
      "avg_lat": 123.93333333333334,
      "avg_score": 99.17377777777777
    },
    "ss": {
      "count": 1,
      "avg_lat": 137.0,
      "avg_score": 99.08666666666667
    },
    "trojan": {
      "count": 8,
      "avg_lat": 224.75,
      "avg_score": 98.50166666666667
    }
  }
}