{
  "scan_timestamp": "2025-11-19T13:39:27.064364+00:00",
  "duration_seconds": 837.48,
  "performance_metrics": {
    "total_processed": 423,
    "valid_configs": 226,
    "duplicates": 0,
    "failed_tests": 197,
    "success_rate": 53.43,
    "avg_latency_ms": 135.09,
    "avg_score": 99.1
  },
  "protocol_summary": {
    "vmess": {
      "count": 35,
      "avg_lat": 199.14285714285714,
      "avg_score": 98.67238095238095
    },
    "vless": {
      "count": 98,
      "avg_lat": 86.40816326530613,
      "avg_score": 99.4239455782313
    },
    "ss": {
      "count": 1,
      "avg_lat": 150.0,
      "avg_score": 99.0
    },
    "trojan": {
      "count": 92,
      "avg_lat": 162.41304347826087,
      "avg_score": 98.9172463768116
    }
  }
}