{
  "scan_timestamp": "2025-11-12T03:56:53.562924+00:00",
  "duration_seconds": 1063.32,
  "performance_metrics": {
    "total_processed": 479,
    "valid_configs": 306,
    "duplicates": 0,
    "failed_tests": 173,
    "success_rate": 63.88,
    "avg_latency_ms": 147.72,
    "avg_score": 99.02
  },
  "protocol_summary": {
    "vmess": {
      "count": 40,
      "avg_lat": 377.6,
      "avg_score": 97.48266666666667
    },
    "vless": {
      "count": 252,
      "avg_lat": 111.35714285714286,
      "avg_score": 99.25761904761906
    },
    "ss": {
      "count": 1,
      "avg_lat": 130.0,
      "avg_score": 99.13333333333334
    },
    "trojan": {
      "count": 13,
      "avg_lat": 146.6153846153846,
      "avg_score": 99.0225641025641
    }
  }
}