{
  "scan_timestamp": "2025-11-27T09:28:09.998970+00:00",
  "duration_seconds": 955.45,
  "performance_metrics": {
    "total_processed": 481,
    "valid_configs": 225,
    "duplicates": 0,
    "failed_tests": 256,
    "success_rate": 46.78,
    "avg_latency_ms": 156.6,
    "avg_score": 98.96
  },
  "protocol_summary": {
    "vmess": {
      "count": 40,
      "avg_lat": 163.6,
      "avg_score": 98.90933333333334
    },
    "vless": {
      "count": 101,
      "avg_lat": 146.36633663366337,
      "avg_score": 99.02422442244224
    },
    "ss": {
      "count": 0,
      "avg_lat": 0.0,
      "avg_score": 0.0
    },
    "trojan": {
      "count": 84,
      "avg_lat": 165.58333333333334,
      "avg_score": 98.8961111111111
    }
  }
}