{
  "scan_timestamp": "2025-11-04T18:33:39.762833+00:00",
  "duration_seconds": 1135.86,
  "performance_metrics": {
    "total_processed": 478,
    "valid_configs": 321,
    "duplicates": 0,
    "failed_tests": 157,
    "success_rate": 67.15,
    "avg_latency_ms": 169.69,
    "avg_score": 98.87
  },
  "protocol_summary": {
    "vmess": {
      "count": 43,
      "avg_lat": 148.58139534883722,
      "avg_score": 99.00945736434109
    },
    "vless": {
      "count": 267,
      "avg_lat": 174.20973782771534,
      "avg_score": 98.83860174781523
    },
    "ss": {
      "count": 1,
      "avg_lat": 180.0,
      "avg_score": 98.8
    },
    "trojan": {
      "count": 10,
      "avg_lat": 138.6,
      "avg_score": 99.076
    }
  }
}