{
  "scan_timestamp": "2025-11-03T15:24:01.712503+00:00",
  "duration_seconds": 764.55,
  "performance_metrics": {
    "total_processed": 355,
    "valid_configs": 180,
    "duplicates": 0,
    "failed_tests": 175,
    "success_rate": 50.7,
    "avg_latency_ms": 138.54,
    "avg_score": 99.08
  },
  "protocol_summary": {
    "vmess": {
      "count": 64,
      "avg_lat": 219.84375,
      "avg_score": 98.534375
    },
    "vless": {
      "count": 95,
      "avg_lat": 80.65263157894736,
      "avg_score": 99.46231578947369
    },
    "ss": {
      "count": 1,
      "avg_lat": 183.0,
      "avg_score": 98.78
    },
    "trojan": {
      "count": 20,
      "avg_lat": 151.1,
      "avg_score": 98.99266666666666
    }
  }
}