{
  "scan_timestamp": "2025-11-14T05:29:55.791535+00:00",
  "duration_seconds": 1156.49,
  "performance_metrics": {
    "total_processed": 478,
    "valid_configs": 348,
    "duplicates": 0,
    "failed_tests": 130,
    "success_rate": 72.8,
    "avg_latency_ms": 111.86,
    "avg_score": 99.25
  },
  "protocol_summary": {
    "vmess": {
      "count": 29,
      "avg_lat": 179.82758620689654,
      "avg_score": 98.80114942528735
    },
    "vless": {
      "count": 257,
      "avg_lat": 91.1284046692607,
      "avg_score": 99.39247730220492
    },
    "ss": {
      "count": 1,
      "avg_lat": 126.0,
      "avg_score": 99.16
    },
    "trojan": {
      "count": 61,
      "avg_lat": 166.68852459016392,
      "avg_score": 98.88874316939891
    }
  }
}