{
  "scan_timestamp": "2025-12-06T10:25:14.448598+00:00",
  "duration_seconds": 919.59,
  "performance_metrics": {
    "total_processed": 473,
    "valid_configs": 254,
    "duplicates": 0,
    "failed_tests": 219,
    "success_rate": 53.7,
    "avg_latency_ms": 153.09,
    "avg_score": 98.98
  },
  "protocol_summary": {
    "vmess": {
      "count": 81,
      "avg_lat": 198.7283950617284,
      "avg_score": 98.6751440329218
    },
    "vless": {
      "count": 128,
      "avg_lat": 107.3984375,
      "avg_score": 99.28401041666666
    },
    "ss": {
      "count": 0,
      "avg_lat": 0.0,
      "avg_score": 0.0
    },
    "trojan": {
      "count": 45,
      "avg_lat": 200.88888888888889,
      "avg_score": 98.66074074074075
    }
  }
}