{
  "scan_timestamp": "2025-11-04T02:37:16.224394+00:00",
  "duration_seconds": 743.09,
  "performance_metrics": {
    "total_processed": 358,
    "valid_configs": 169,
    "duplicates": 0,
    "failed_tests": 189,
    "success_rate": 47.21,
    "avg_latency_ms": 96.38,
    "avg_score": 99.36
  },
  "protocol_summary": {
    "vmess": {
      "count": 52,
      "avg_lat": 118.0,
      "avg_score": 99.21333333333334
    },
    "vless": {
      "count": 96,
      "avg_lat": 70.30208333333333,
      "avg_score": 99.53131944444443
    },
    "ss": {
      "count": 1,
      "avg_lat": 176.0,
      "avg_score": 98.82666666666667
    },
    "trojan": {
      "count": 20,
      "avg_lat": 161.4,
      "avg_score": 98.924
    }
  }
}