{
  "scan_timestamp": "2025-11-29T23:25:05.990180+00:00",
  "duration_seconds": 947.69,
  "performance_metrics": {
    "total_processed": 476,
    "valid_configs": 223,
    "duplicates": 0,
    "failed_tests": 253,
    "success_rate": 46.85,
    "avg_latency_ms": 119.63,
    "avg_score": 99.2
  },
  "protocol_summary": {
    "vmess": {
      "count": 31,
      "avg_lat": 101.93548387096774,
      "avg_score": 99.32043010752689
    },
    "vless": {
      "count": 107,
      "avg_lat": 101.5607476635514,
      "avg_score": 99.32292834890966
    },
    "ss": {
      "count": 0,
      "avg_lat": 0.0,
      "avg_score": 0.0
    },
    "trojan": {
      "count": 85,
      "avg_lat": 148.8235294117647,
      "avg_score": 99.0078431372549
    }
  }
}