{
  "scan_timestamp": "2025-11-16T06:32:51.860236+00:00",
  "duration_seconds": 1109.77,
  "performance_metrics": {
    "total_processed": 475,
    "valid_configs": 336,
    "duplicates": 0,
    "failed_tests": 139,
    "success_rate": 70.74,
    "avg_latency_ms": 142.36,
    "avg_score": 99.05
  },
  "protocol_summary": {
    "vmess": {
      "count": 62,
      "avg_lat": 119.20967741935483,
      "avg_score": 99.2052688172043
    },
    "vless": {
      "count": 213,
      "avg_lat": 148.28169014084506,
      "avg_score": 99.01145539906102
    },
    "ss": {
      "count": 1,
      "avg_lat": 180.0,
      "avg_score": 98.8
    },
    "trojan": {
      "count": 60,
      "avg_lat": 144.63333333333333,
      "avg_score": 99.03577777777778
    }
  }
}