{
  "scan_timestamp": "2025-11-30T12:33:41.940492+00:00",
  "duration_seconds": 980.56,
  "performance_metrics": {
    "total_processed": 473,
    "valid_configs": 273,
    "duplicates": 0,
    "failed_tests": 200,
    "success_rate": 57.72,
    "avg_latency_ms": 136.43,
    "avg_score": 99.09
  },
  "protocol_summary": {
    "vmess": {
      "count": 76,
      "avg_lat": 173.21052631578948,
      "avg_score": 98.84526315789473
    },
    "vless": {
      "count": 110,
      "avg_lat": 98.02727272727273,
      "avg_score": 99.34648484848485
    },
    "ss": {
      "count": 0,
      "avg_lat": 0.0,
      "avg_score": 0.0
    },
    "trojan": {
      "count": 87,
      "avg_lat": 152.86206896551724,
      "avg_score": 98.98091954022989
    }
  }
}