{
  "scan_timestamp": "2025-11-09T05:28:07.492797+00:00",
  "duration_seconds": 1107.85,
  "performance_metrics": {
    "total_processed": 475,
    "valid_configs": 325,
    "duplicates": 0,
    "failed_tests": 150,
    "success_rate": 68.42,
    "avg_latency_ms": 145.17,
    "avg_score": 99.03
  },
  "protocol_summary": {
    "vmess": {
      "count": 63,
      "avg_lat": 163.53968253968253,
      "avg_score": 98.90973544973545
    },
    "vless": {
      "count": 246,
      "avg_lat": 136.03658536585365,
      "avg_score": 99.09308943089431
    },
    "ss": {
      "count": 1,
      "avg_lat": 181.0,
      "avg_score": 98.79333333333334
    },
    "trojan": {
      "count": 15,
      "avg_lat": 215.33333333333334,
      "avg_score": 98.56444444444445
    }
  }
}