{
  "scan_timestamp": "2025-11-11T05:29:23.347539+00:00",
  "duration_seconds": 1097.76,
  "performance_metrics": {
    "total_processed": 478,
    "valid_configs": 318,
    "duplicates": 0,
    "failed_tests": 160,
    "success_rate": 66.53,
    "avg_latency_ms": 118.68,
    "avg_score": 99.21
  },
  "protocol_summary": {
    "vmess": {
      "count": 50,
      "avg_lat": 206.58,
      "avg_score": 98.62280000000001
    },
    "vless": {
      "count": 238,
      "avg_lat": 94.97899159663865,
      "avg_score": 99.36680672268908
    },
    "ss": {
      "count": 1,
      "avg_lat": 127.0,
      "avg_score": 99.15333333333334
    },
    "trojan": {
      "count": 29,
      "avg_lat": 161.3793103448276,
      "avg_score": 98.9241379310345
    }
  }
}