{
  "scan_timestamp": "2025-11-01T12:31:08.825124+00:00",
  "duration_seconds": 888.56,
  "performance_metrics": {
    "total_processed": 442,
    "valid_configs": 219,
    "duplicates": 0,
    "failed_tests": 223,
    "success_rate": 49.55,
    "avg_latency_ms": 203.16,
    "avg_score": 98.65
  },
  "protocol_summary": {
    "vmess": {
      "count": 94,
      "avg_lat": 325.9148936170213,
      "avg_score": 97.8272340425532
    },
    "vless": {
      "count": 108,
      "avg_lat": 101.01851851851852,
      "avg_score": 99.32654320987655
    },
    "ss": {
      "count": 1,
      "avg_lat": 148.0,
      "avg_score": 99.01333333333334
    },
    "trojan": {
      "count": 16,
      "avg_lat": 174.8125,
      "avg_score": 98.83458333333333
    }
  }
}