{
  "scan_timestamp": "2025-10-28T03:47:36.912074+00:00",
  "duration_seconds": 711.25,
  "performance_metrics": {
    "total_processed": 357,
    "valid_configs": 181,
    "duplicates": 0,
    "failed_tests": 176,
    "success_rate": 50.7,
    "avg_latency_ms": 152.78,
    "avg_score": 98.98
  },
  "protocol_summary": {
    "vmess": {
      "count": 60,
      "avg_lat": 291.56666666666666,
      "avg_score": 98.05622222222222
    },
    "vless": {
      "count": 116,
      "avg_lat": 80.53448275862068,
      "avg_score": 99.46310344827586
    },
    "ss": {
      "count": 1,
      "avg_lat": 182.0,
      "avg_score": 98.78666666666666
    },
    "trojan": {
      "count": 4,
      "avg_lat": 158.75,
      "avg_score": 98.94166666666666
    }
  }
}