{
  "scan_timestamp": "2025-11-25T22:24:54.309172+00:00",
  "duration_seconds": 915.73,
  "performance_metrics": {
    "total_processed": 427,
    "valid_configs": 269,
    "duplicates": 0,
    "failed_tests": 158,
    "success_rate": 63.0,
    "avg_latency_ms": 133.38,
    "avg_score": 99.11
  },
  "protocol_summary": {
    "vmess": {
      "count": 55,
      "avg_lat": 142.1090909090909,
      "avg_score": 99.05260606060607
    },
    "vless": {
      "count": 122,
      "avg_lat": 132.01639344262296,
      "avg_score": 99.11989071038252
    },
    "ss": {
      "count": 0,
      "avg_lat": 0.0,
      "avg_score": 0.0
    },
    "trojan": {
      "count": 92,
      "avg_lat": 129.95652173913044,
      "avg_score": 99.13362318840579
    }
  }
}