{
  "scan_timestamp": "2025-11-03T01:02:54.742400+00:00",
  "duration_seconds": 801.95,
  "performance_metrics": {
    "total_processed": 383,
    "valid_configs": 190,
    "duplicates": 0,
    "failed_tests": 193,
    "success_rate": 49.61,
    "avg_latency_ms": 132.17,
    "avg_score": 99.12
  },
  "protocol_summary": {
    "vmess": {
      "count": 61,
      "avg_lat": 165.50819672131146,
      "avg_score": 98.89661202185793
    },
    "vless": {
      "count": 109,
      "avg_lat": 104.94495412844037,
      "avg_score": 99.30036697247706
    },
    "ss": {
      "count": 1,
      "avg_lat": 148.0,
      "avg_score": 99.01333333333334
    },
    "trojan": {
      "count": 19,
      "avg_lat": 180.47368421052633,
      "avg_score": 98.79684210526317
    }
  }
}