{
  "scan_timestamp": "2025-11-25T21:26:33.508962+00:00",
  "duration_seconds": 1023.22,
  "performance_metrics": {
    "total_processed": 470,
    "valid_configs": 302,
    "duplicates": 0,
    "failed_tests": 168,
    "success_rate": 64.26,
    "avg_latency_ms": 124.25,
    "avg_score": 99.17
  },
  "protocol_summary": {
    "vmess": {
      "count": 67,
      "avg_lat": 99.71641791044776,
      "avg_score": 99.33522388059701
    },
    "vless": {
      "count": 117,
      "avg_lat": 144.12820512820514,
      "avg_score": 99.0391452991453
    },
    "ss": {
      "count": 0,
      "avg_lat": 0.0,
      "avg_score": 0.0
    },
    "trojan": {
      "count": 118,
      "avg_lat": 118.47457627118644,
      "avg_score": 99.21016949152542
    }
  }
}