{
  "scan_timestamp": "2025-10-26T18:18:42.820477+00:00",
  "duration_seconds": 353.31,
  "performance_metrics": {
    "total_processed": 157,
    "valid_configs": 89,
    "duplicates": 0,
    "failed_tests": 68,
    "success_rate": 56.69,
    "avg_latency_ms": 136.51,
    "avg_score": 99.09
  },
  "protocol_summary": {
    "vmess": {
      "count": 61,
      "avg_lat": 123.29508196721312,
      "avg_score": 99.17803278688524
    },
    "vless": {
      "count": 10,
      "avg_lat": 71.2,
      "avg_score": 99.52533333333334
    },
    "ss": {
      "count": 0,
      "avg_lat": 0.0,
      "avg_score": 0.0
    },
    "trojan": {
      "count": 18,
      "avg_lat": 217.55555555555554,
      "avg_score": 98.54962962962964
    }
  }
}