{
  "scan_timestamp": "2025-11-09T22:27:13.519977+00:00",
  "duration_seconds": 1099.91,
  "performance_metrics": {
    "total_processed": 475,
    "valid_configs": 321,
    "duplicates": 0,
    "failed_tests": 154,
    "success_rate": 67.58,
    "avg_latency_ms": 142.68,
    "avg_score": 99.05
  },
  "protocol_summary": {
    "vmess": {
      "count": 62,
      "avg_lat": 178.96774193548387,
      "avg_score": 98.80688172043011
    },
    "vless": {
      "count": 246,
      "avg_lat": 132.3739837398374,
      "avg_score": 99.11750677506775
    },
    "ss": {
      "count": 1,
      "avg_lat": 145.0,
      "avg_score": 99.03333333333333
    },
    "trojan": {
      "count": 12,
      "avg_lat": 166.25,
      "avg_score": 98.89166666666667
    }
  }
}