{
  "scan_timestamp": "2025-10-31T15:24:37.567346+00:00",
  "duration_seconds": 906.12,
  "performance_metrics": {
    "total_processed": 417,
    "valid_configs": 240,
    "duplicates": 0,
    "failed_tests": 177,
    "success_rate": 57.55,
    "avg_latency_ms": 191.38,
    "avg_score": 98.72
  },
  "protocol_summary": {
    "vmess": {
      "count": 107,
      "avg_lat": 292.4485981308411,
      "avg_score": 98.05034267912774
    },
    "vless": {
      "count": 101,
      "avg_lat": 98.34653465346534,
      "avg_score": 99.34435643564358
    },
    "ss": {
      "count": 1,
      "avg_lat": 198.0,
      "avg_score": 98.68
    },
    "trojan": {
      "count": 31,
      "avg_lat": 145.4516129032258,
      "avg_score": 99.03032258064516
    }
  }
}