{
  "scan_timestamp": "2025-12-01T11:26:35.132165+00:00",
  "duration_seconds": 1013.45,
  "performance_metrics": {
    "total_processed": 475,
    "valid_configs": 304,
    "duplicates": 0,
    "failed_tests": 171,
    "success_rate": 64.0,
    "avg_latency_ms": 175.15,
    "avg_score": 98.83
  },
  "protocol_summary": {
    "vmess": {
      "count": 78,
      "avg_lat": 293.46153846153845,
      "avg_score": 98.04358974358973
    },
    "vless": {
      "count": 180,
      "avg_lat": 117.27777777777777,
      "avg_score": 99.21814814814815
    },
    "ss": {
      "count": 0,
      "avg_lat": 0.0,
      "avg_score": 0.0
    },
    "trojan": {
      "count": 46,
      "avg_lat": 201.0,
      "avg_score": 98.66
    }
  }
}