{
  "scan_timestamp": "2025-10-27T17:22:26.259437+00:00",
  "duration_seconds": 802.56,
  "performance_metrics": {
    "total_processed": 387,
    "valid_configs": 211,
    "duplicates": 0,
    "failed_tests": 176,
    "success_rate": 54.52,
    "avg_latency_ms": 99.69,
    "avg_score": 99.34
  },
  "protocol_summary": {
    "vmess": {
      "count": 68,
      "avg_lat": 142.19117647058823,
      "avg_score": 99.0520588235294
    },
    "vless": {
      "count": 120,
      "avg_lat": 71.13333333333334,
      "avg_score": 99.52577777777779
    },
    "ss": {
      "count": 1,
      "avg_lat": 187.0,
      "avg_score": 98.75333333333333
    },
    "trojan": {
      "count": 22,
      "avg_lat": 120.13636363636364,
      "avg_score": 99.19909090909091
    }
  }
}