{
  "scan_timestamp": "2025-12-03T08:32:47.030566+00:00",
  "duration_seconds": 1049.94,
  "performance_metrics": {
    "total_processed": 483,
    "valid_configs": 308,
    "duplicates": 0,
    "failed_tests": 175,
    "success_rate": 63.77,
    "avg_latency_ms": 164.43,
    "avg_score": 98.9
  },
  "protocol_summary": {
    "vmess": {
      "count": 82,
      "avg_lat": 275.3780487804878,
      "avg_score": 98.16414634146342
    },
    "vless": {
      "count": 170,
      "avg_lat": 115.40588235294118,
      "avg_score": 99.23062745098038
    },
    "ss": {
      "count": 0,
      "avg_lat": 0.0,
      "avg_score": 0.0
    },
    "trojan": {
      "count": 56,
      "avg_lat": 150.80357142857142,
      "avg_score": 98.99464285714285
    }
  }
}