{
  "scan_timestamp": "2025-11-16T10:27:56.910810+00:00",
  "duration_seconds": 1088.78,
  "performance_metrics": {
    "total_processed": 473,
    "valid_configs": 329,
    "duplicates": 0,
    "failed_tests": 144,
    "success_rate": 69.56,
    "avg_latency_ms": 161.81,
    "avg_score": 98.92
  },
  "protocol_summary": {
    "vmess": {
      "count": 54,
      "avg_lat": 121.31481481481481,
      "avg_score": 99.19123456790123
    },
    "vless": {
      "count": 206,
      "avg_lat": 157.8009708737864,
      "avg_score": 98.94799352750809
    },
    "ss": {
      "count": 1,
      "avg_lat": 183.0,
      "avg_score": 98.78
    },
    "trojan": {
      "count": 68,
      "avg_lat": 205.8235294117647,
      "avg_score": 98.6278431372549
    }
  }
}