{
  "scan_timestamp": "2025-11-06T21:28:18.551501+00:00",
  "duration_seconds": 1136.55,
  "performance_metrics": {
    "total_processed": 479,
    "valid_configs": 329,
    "duplicates": 0,
    "failed_tests": 150,
    "success_rate": 68.68,
    "avg_latency_ms": 111.51,
    "avg_score": 99.26
  },
  "protocol_summary": {
    "vmess": {
      "count": 53,
      "avg_lat": 102.54716981132076,
      "avg_score": 99.31635220125786
    },
    "vless": {
      "count": 265,
      "avg_lat": 110.39245283018867,
      "avg_score": 99.26405031446541
    },
    "ss": {
      "count": 1,
      "avg_lat": 141.0,
      "avg_score": 99.06
    },
    "trojan": {
      "count": 10,
      "avg_lat": 185.7,
      "avg_score": 98.762
    }
  }
}