{
  "scan_timestamp": "2025-11-03T17:22:14.268992+00:00",
  "duration_seconds": 756.75,
  "performance_metrics": {
    "total_processed": 352,
    "valid_configs": 177,
    "duplicates": 0,
    "failed_tests": 175,
    "success_rate": 50.28,
    "avg_latency_ms": 115.66,
    "avg_score": 99.23
  },
  "protocol_summary": {
    "vmess": {
      "count": 63,
      "avg_lat": 179.4126984126984,
      "avg_score": 98.80391534391534
    },
    "vless": {
      "count": 95,
      "avg_lat": 73.47368421052632,
      "avg_score": 99.51017543859649
    },
    "ss": {
      "count": 1,
      "avg_lat": 126.0,
      "avg_score": 99.16
    },
    "trojan": {
      "count": 18,
      "avg_lat": 114.55555555555556,
      "avg_score": 99.2362962962963
    }
  }
}