{
  "scan_timestamp": "2025-12-01T10:30:28.876731+00:00",
  "duration_seconds": 1064.41,
  "performance_metrics": {
    "total_processed": 475,
    "valid_configs": 315,
    "duplicates": 0,
    "failed_tests": 160,
    "success_rate": 66.32,
    "avg_latency_ms": 209.23,
    "avg_score": 98.61
  },
  "protocol_summary": {
    "vmess": {
      "count": 78,
      "avg_lat": 299.6923076923077,
      "avg_score": 98.00205128205128
    },
    "vless": {
      "count": 194,
      "avg_lat": 184.0721649484536,
      "avg_score": 98.77285223367699
    },
    "ss": {
      "count": 0,
      "avg_lat": 0.0,
      "avg_score": 0.0
    },
    "trojan": {
      "count": 43,
      "avg_lat": 158.65116279069767,
      "avg_score": 98.94232558139537
    }
  }
}