{
  "scan_timestamp": "2025-11-01T23:24:14.046197+00:00",
  "duration_seconds": 890.84,
  "performance_metrics": {
    "total_processed": 412,
    "valid_configs": 223,
    "duplicates": 0,
    "failed_tests": 189,
    "success_rate": 54.13,
    "avg_latency_ms": 172.27,
    "avg_score": 98.85
  },
  "protocol_summary": {
    "vmess": {
      "count": 84,
      "avg_lat": 287.3333333333333,
      "avg_score": 98.08444444444446
    },
    "vless": {
      "count": 117,
      "avg_lat": 86.94017094017094,
      "avg_score": 99.42039886039886
    },
    "ss": {
      "count": 1,
      "avg_lat": 127.0,
      "avg_score": 99.15333333333334
    },
    "trojan": {
      "count": 21,
      "avg_lat": 189.61904761904762,
      "avg_score": 98.73587301587301
    }
  }
}