{
  "scan_timestamp": "2025-10-30T16:23:41.037049+00:00",
  "duration_seconds": 654.69,
  "performance_metrics": {
    "total_processed": 346,
    "valid_configs": 161,
    "duplicates": 0,
    "failed_tests": 185,
    "success_rate": 46.53,
    "avg_latency_ms": 124.75,
    "avg_score": 99.17
  },
  "protocol_summary": {
    "vmess": {
      "count": 60,
      "avg_lat": 181.08333333333334,
      "avg_score": 98.79277777777777
    },
    "vless": {
      "count": 95,
      "avg_lat": 86.08421052631579,
      "avg_score": 99.4261052631579
    },
    "ss": {
      "count": 1,
      "avg_lat": 177.0,
      "avg_score": 98.82
    },
    "trojan": {
      "count": 5,
      "avg_lat": 173.0,
      "avg_score": 98.84666666666666
    }
  }
}