{
  "scan_timestamp": "2025-11-13T11:28:26.763492+00:00",
  "duration_seconds": 1111.91,
  "performance_metrics": {
    "total_processed": 478,
    "valid_configs": 320,
    "duplicates": 0,
    "failed_tests": 158,
    "success_rate": 66.95,
    "avg_latency_ms": 159.5,
    "avg_score": 98.94
  },
  "protocol_summary": {
    "vmess": {
      "count": 47,
      "avg_lat": 178.2127659574468,
      "avg_score": 98.81191489361701
    },
    "vless": {
      "count": 234,
      "avg_lat": 150.42307692307693,
      "avg_score": 98.9971794871795
    },
    "ss": {
      "count": 1,
      "avg_lat": 216.0,
      "avg_score": 98.56
    },
    "trojan": {
      "count": 38,
      "avg_lat": 190.78947368421052,
      "avg_score": 98.72807017543859
    }
  }
}