{
  "scan_timestamp": "2025-11-28T14:25:22.633013+00:00",
  "duration_seconds": 903.87,
  "performance_metrics": {
    "total_processed": 477,
    "valid_configs": 210,
    "duplicates": 0,
    "failed_tests": 267,
    "success_rate": 44.03,
    "avg_latency_ms": 161.0,
    "avg_score": 98.93
  },
  "protocol_summary": {
    "vmess": {
      "count": 38,
      "avg_lat": 214.5,
      "avg_score": 98.57
    },
    "vless": {
      "count": 88,
      "avg_lat": 95.38636363636364,
      "avg_score": 99.3640909090909
    },
    "ss": {
      "count": 0,
      "avg_lat": 0.0,
      "avg_score": 0.0
    },
    "trojan": {
      "count": 84,
      "avg_lat": 205.52380952380952,
      "avg_score": 98.62984126984126
    }
  }
}