{
  "scan_timestamp": "2025-10-27T10:25:50.812670+00:00",
  "duration_seconds": 810.23,
  "performance_metrics": {
    "total_processed": 365,
    "valid_configs": 219,
    "duplicates": 0,
    "failed_tests": 146,
    "success_rate": 60.0,
    "avg_latency_ms": 113.26,
    "avg_score": 99.24
  },
  "protocol_summary": {
    "vmess": {
      "count": 67,
      "avg_lat": 155.8955223880597,
      "avg_score": 98.96069651741294
    },
    "vless": {
      "count": 123,
      "avg_lat": 67.869918699187,
      "avg_score": 99.54753387533876
    },
    "ss": {
      "count": 1,
      "avg_lat": 163.0,
      "avg_score": 98.91333333333333
    },
    "trojan": {
      "count": 28,
      "avg_lat": 208.85714285714286,
      "avg_score": 98.60761904761905
    }
  }
}