{
  "scan_timestamp": "2025-11-30T05:26:59.807047+00:00",
  "duration_seconds": 983.49,
  "performance_metrics": {
    "total_processed": 473,
    "valid_configs": 238,
    "duplicates": 0,
    "failed_tests": 235,
    "success_rate": 50.32,
    "avg_latency_ms": 156.77,
    "avg_score": 98.95
  },
  "protocol_summary": {
    "vmess": {
      "count": 28,
      "avg_lat": 92.46428571428571,
      "avg_score": 99.38357142857141
    },
    "vless": {
      "count": 109,
      "avg_lat": 98.14678899082568,
      "avg_score": 99.3456880733945
    },
    "ss": {
      "count": 0,
      "avg_lat": 0.0,
      "avg_score": 0.0
    },
    "trojan": {
      "count": 101,
      "avg_lat": 237.87128712871288,
      "avg_score": 98.41419141914191
    }
  }
}