{
  "scan_timestamp": "2025-11-26T22:22:39.249760+00:00",
  "duration_seconds": 768.16,
  "performance_metrics": {
    "total_processed": 387,
    "valid_configs": 210,
    "duplicates": 0,
    "failed_tests": 177,
    "success_rate": 54.26,
    "avg_latency_ms": 119.33,
    "avg_score": 99.2
  },
  "protocol_summary": {
    "vmess": {
      "count": 41,
      "avg_lat": 117.26829268292683,
      "avg_score": 99.21821138211382
    },
    "vless": {
      "count": 99,
      "avg_lat": 93.22222222222223,
      "avg_score": 99.37851851851852
    },
    "ss": {
      "count": 0,
      "avg_lat": 0.0,
      "avg_score": 0.0
    },
    "trojan": {
      "count": 70,
      "avg_lat": 157.45714285714286,
      "avg_score": 98.95028571428573
    }
  }
}