{
  "scan_timestamp": "2025-11-20T21:23:37.191247+00:00",
  "duration_seconds": 835.13,
  "performance_metrics": {
    "total_processed": 411,
    "valid_configs": 233,
    "duplicates": 0,
    "failed_tests": 178,
    "success_rate": 56.69,
    "avg_latency_ms": 124.19,
    "avg_score": 99.17
  },
  "protocol_summary": {
    "vmess": {
      "count": 43,
      "avg_lat": 137.8139534883721,
      "avg_score": 99.0812403100775
    },
    "vless": {
      "count": 108,
      "avg_lat": 112.21296296296296,
      "avg_score": 99.25191358024692
    },
    "ss": {
      "count": 1,
      "avg_lat": 127.0,
      "avg_score": 99.15333333333334
    },
    "trojan": {
      "count": 81,
      "avg_lat": 132.90123456790124,
      "avg_score": 99.11399176954733
    }
  }
}