{
  "scan_timestamp": "2025-11-14T13:42:39.201335+00:00",
  "duration_seconds": 1145.24,
  "performance_metrics": {
    "total_processed": 480,
    "valid_configs": 337,
    "duplicates": 0,
    "failed_tests": 143,
    "success_rate": 70.21,
    "avg_latency_ms": 125.12,
    "avg_score": 99.17
  },
  "protocol_summary": {
    "vmess": {
      "count": 30,
      "avg_lat": 283.73333333333335,
      "avg_score": 98.10844444444443
    },
    "vless": {
      "count": 243,
      "avg_lat": 99.64197530864197,
      "avg_score": 99.33572016460904
    },
    "ss": {
      "count": 1,
      "avg_lat": 128.0,
      "avg_score": 99.14666666666666
    },
    "trojan": {
      "count": 63,
      "avg_lat": 147.84126984126985,
      "avg_score": 99.01439153439154
    }
  }
}