{
  "scan_timestamp": "2025-11-30T14:26:27.626512+00:00",
  "duration_seconds": 1056.24,
  "performance_metrics": {
    "total_processed": 474,
    "valid_configs": 320,
    "duplicates": 0,
    "failed_tests": 154,
    "success_rate": 67.51,
    "avg_latency_ms": 157.68,
    "avg_score": 98.95
  },
  "protocol_summary": {
    "vmess": {
      "count": 71,
      "avg_lat": 155.95774647887325,
      "avg_score": 98.96028169014085
    },
    "vless": {
      "count": 198,
      "avg_lat": 132.4747474747475,
      "avg_score": 99.11683501683503
    },
    "ss": {
      "count": 0,
      "avg_lat": 0.0,
      "avg_score": 0.0
    },
    "trojan": {
      "count": 51,
      "avg_lat": 257.9019607843137,
      "avg_score": 98.28065359477125
    }
  }
}