{
  "scan_timestamp": "2025-11-23T09:25:46.084714+00:00",
  "duration_seconds": 969.28,
  "performance_metrics": {
    "total_processed": 467,
    "valid_configs": 289,
    "duplicates": 0,
    "failed_tests": 178,
    "success_rate": 61.88,
    "avg_latency_ms": 147.52,
    "avg_score": 99.02
  },
  "protocol_summary": {
    "vmess": {
      "count": 45,
      "avg_lat": 185.86666666666667,
      "avg_score": 98.76088888888889
    },
    "vless": {
      "count": 126,
      "avg_lat": 114.42857142857143,
      "avg_score": 99.23714285714286
    },
    "ss": {
      "count": 0,
      "avg_lat": 0.0,
      "avg_score": 0.0
    },
    "trojan": {
      "count": 118,
      "avg_lat": 168.22881355932202,
      "avg_score": 98.87847457627119
    }
  }
}