{
  "scan_timestamp": "2025-11-27T13:40:57.570824+00:00",
  "duration_seconds": 939.76,
  "performance_metrics": {
    "total_processed": 480,
    "valid_configs": 223,
    "duplicates": 0,
    "failed_tests": 257,
    "success_rate": 46.46,
    "avg_latency_ms": 148.64,
    "avg_score": 99.01
  },
  "protocol_summary": {
    "vmess": {
      "count": 36,
      "avg_lat": 173.19444444444446,
      "avg_score": 98.84537037037038
    },
    "vless": {
      "count": 103,
      "avg_lat": 122.0,
      "avg_score": 99.18666666666667
    },
    "ss": {
      "count": 0,
      "avg_lat": 0.0,
      "avg_score": 0.0
    },
    "trojan": {
      "count": 84,
      "avg_lat": 170.77380952380952,
      "avg_score": 98.86150793650793
    }
  }
}