{
  "scan_timestamp": "2025-12-01T03:23:39.797716+00:00",
  "duration_seconds": 1064.64,
  "performance_metrics": {
    "total_processed": 474,
    "valid_configs": 319,
    "duplicates": 0,
    "failed_tests": 155,
    "success_rate": 67.3,
    "avg_latency_ms": 185.16,
    "avg_score": 98.77
  },
  "protocol_summary": {
    "vmess": {
      "count": 80,
      "avg_lat": 320.65,
      "avg_score": 97.86233333333334
    },
    "vless": {
      "count": 197,
      "avg_lat": 114.94923857868021,
      "avg_score": 99.2336717428088
    },
    "ss": {
      "count": 0,
      "avg_lat": 0.0,
      "avg_score": 0.0
    },
    "trojan": {
      "count": 42,
      "avg_lat": 256.42857142857144,
      "avg_score": 98.29047619047618
    }
  }
}