{
  "scan_timestamp": "2025-11-09T19:24:44.241771+00:00",
  "duration_seconds": 1108.09,
  "performance_metrics": {
    "total_processed": 477,
    "valid_configs": 317,
    "duplicates": 0,
    "failed_tests": 160,
    "success_rate": 66.46,
    "avg_latency_ms": 166.67,
    "avg_score": 98.89
  },
  "protocol_summary": {
    "vmess": {
      "count": 61,
      "avg_lat": 217.37704918032787,
      "avg_score": 98.55081967213115
    },
    "vless": {
      "count": 242,
      "avg_lat": 154.62396694214877,
      "avg_score": 98.96917355371902
    },
    "ss": {
      "count": 1,
      "avg_lat": 186.0,
      "avg_score": 98.76
    },
    "trojan": {
      "count": 13,
      "avg_lat": 151.53846153846155,
      "avg_score": 98.98974358974358
    }
  }
}