{
  "scan_timestamp": "2025-11-16T05:28:16.415824+00:00",
  "duration_seconds": 1095.3,
  "performance_metrics": {
    "total_processed": 475,
    "valid_configs": 326,
    "duplicates": 0,
    "failed_tests": 149,
    "success_rate": 68.63,
    "avg_latency_ms": 112.72,
    "avg_score": 99.25
  },
  "protocol_summary": {
    "vmess": {
      "count": 62,
      "avg_lat": 121.96774193548387,
      "avg_score": 99.18688172043011
    },
    "vless": {
      "count": 214,
      "avg_lat": 102.76635514018692,
      "avg_score": 99.31489096573208
    },
    "ss": {
      "count": 1,
      "avg_lat": 126.0,
      "avg_score": 99.16
    },
    "trojan": {
      "count": 49,
      "avg_lat": 144.24489795918367,
      "avg_score": 99.03836734693878
    }
  }
}