{
  "scan_timestamp": "2025-11-14T04:33:31.310988+00:00",
  "duration_seconds": 1155.86,
  "performance_metrics": {
    "total_processed": 478,
    "valid_configs": 344,
    "duplicates": 0,
    "failed_tests": 134,
    "success_rate": 71.97,
    "avg_latency_ms": 152.69,
    "avg_score": 98.98
  },
  "protocol_summary": {
    "vmess": {
      "count": 26,
      "avg_lat": 103.61538461538461,
      "avg_score": 99.30923076923077
    },
    "vless": {
      "count": 256,
      "avg_lat": 137.7109375,
      "avg_score": 99.08192708333334
    },
    "ss": {
      "count": 1,
      "avg_lat": 186.0,
      "avg_score": 98.76
    },
    "trojan": {
      "count": 61,
      "avg_lat": 235.91803278688525,
      "avg_score": 98.42721311475411
    }
  }
}