{
  "scan_timestamp": "2025-11-25T17:28:58.244932+00:00",
  "duration_seconds": 1030.83,
  "performance_metrics": {
    "total_processed": 470,
    "valid_configs": 304,
    "duplicates": 0,
    "failed_tests": 166,
    "success_rate": 64.68,
    "avg_latency_ms": 141.18,
    "avg_score": 99.06
  },
  "protocol_summary": {
    "vmess": {
      "count": 64,
      "avg_lat": 118.5,
      "avg_score": 99.21000000000001
    },
    "vless": {
      "count": 115,
      "avg_lat": 162.02608695652174,
      "avg_score": 98.91982608695653
    },
    "ss": {
      "count": 0,
      "avg_lat": 0.0,
      "avg_score": 0.0
    },
    "trojan": {
      "count": 125,
      "avg_lat": 133.608,
      "avg_score": 99.10928
    }
  }
}