{
  "scan_timestamp": "2025-12-01T23:26:59.714686+00:00",
  "duration_seconds": 1039.2,
  "performance_metrics": {
    "total_processed": 484,
    "valid_configs": 302,
    "duplicates": 0,
    "failed_tests": 182,
    "success_rate": 62.4,
    "avg_latency_ms": 177.53,
    "avg_score": 98.82
  },
  "protocol_summary": {
    "vmess": {
      "count": 74,
      "avg_lat": 294.6756756756757,
      "avg_score": 98.0354954954955
    },
    "vless": {
      "count": 158,
      "avg_lat": 109.0632911392405,
      "avg_score": 99.27291139240506
    },
    "ss": {
      "count": 0,
      "avg_lat": 0.0,
      "avg_score": 0.0
    },
    "trojan": {
      "count": 70,
      "avg_lat": 208.22857142857143,
      "avg_score": 98.61180952380953
    }
  }
}