{
  "scan_timestamp": "2025-11-15T17:26:25.419552+00:00",
  "duration_seconds": 1134.17,
  "performance_metrics": {
    "total_processed": 474,
    "valid_configs": 333,
    "duplicates": 0,
    "failed_tests": 141,
    "success_rate": 70.25,
    "avg_latency_ms": 169.97,
    "avg_score": 98.87
  },
  "protocol_summary": {
    "vmess": {
      "count": 40,
      "avg_lat": 286.925,
      "avg_score": 98.08716666666666
    },
    "vless": {
      "count": 236,
      "avg_lat": 149.83898305084745,
      "avg_score": 99.00107344632768
    },
    "ss": {
      "count": 1,
      "avg_lat": 193.0,
      "avg_score": 98.71333333333334
    },
    "trojan": {
      "count": 56,
      "avg_lat": 170.85714285714286,
      "avg_score": 98.86095238095238
    }
  }
}