{
  "scan_timestamp": "2025-12-01T20:27:21.513277+00:00",
  "duration_seconds": 1022.01,
  "performance_metrics": {
    "total_processed": 479,
    "valid_configs": 297,
    "duplicates": 0,
    "failed_tests": 182,
    "success_rate": 62.0,
    "avg_latency_ms": 215.04,
    "avg_score": 98.57
  },
  "protocol_summary": {
    "vmess": {
      "count": 78,
      "avg_lat": 345.55128205128204,
      "avg_score": 97.6963247863248
    },
    "vless": {
      "count": 158,
      "avg_lat": 133.1772151898734,
      "avg_score": 99.11215189873417
    },
    "ss": {
      "count": 0,
      "avg_lat": 0.0,
      "avg_score": 0.0
    },
    "trojan": {
      "count": 61,
      "avg_lat": 260.21311475409834,
      "avg_score": 98.26524590163935
    }
  }
}