{
  "scan_timestamp": "2025-11-23T20:26:03.086993+00:00",
  "duration_seconds": 906.14,
  "performance_metrics": {
    "total_processed": 465,
    "valid_configs": 261,
    "duplicates": 0,
    "failed_tests": 204,
    "success_rate": 56.13,
    "avg_latency_ms": 124.23,
    "avg_score": 99.17
  },
  "protocol_summary": {
    "vmess": {
      "count": 40,
      "avg_lat": 121.55,
      "avg_score": 99.18966666666667
    },
    "vless": {
      "count": 114,
      "avg_lat": 105.95614035087719,
      "avg_score": 99.29362573099415
    },
    "ss": {
      "count": 0,
      "avg_lat": 0.0,
      "avg_score": 0.0
    },
    "trojan": {
      "count": 107,
      "avg_lat": 144.70093457943926,
      "avg_score": 99.03532710280375
    }
  }
}