{
  "scan_timestamp": "2025-11-06T01:05:09.800455+00:00",
  "duration_seconds": 1130.12,
  "performance_metrics": {
    "total_processed": 479,
    "valid_configs": 341,
    "duplicates": 0,
    "failed_tests": 138,
    "success_rate": 71.19,
    "avg_latency_ms": 146.23,
    "avg_score": 99.03
  },
  "protocol_summary": {
    "vmess": {
      "count": 53,
      "avg_lat": 144.81132075471697,
      "avg_score": 99.03459119496854
    },
    "vless": {
      "count": 280,
      "avg_lat": 146.0,
      "avg_score": 99.02666666666667
    },
    "ss": {
      "count": 0,
      "avg_lat": 0.0,
      "avg_score": 0.0
    },
    "trojan": {
      "count": 8,
      "avg_lat": 163.75,
      "avg_score": 98.90833333333333
    }
  }
}