{
  "scan_timestamp": "2025-11-19T03:55:10.239770+00:00",
  "duration_seconds": 979.7,
  "performance_metrics": {
    "total_processed": 426,
    "valid_configs": 268,
    "duplicates": 0,
    "failed_tests": 158,
    "success_rate": 62.91,
    "avg_latency_ms": 111.53,
    "avg_score": 99.26
  },
  "protocol_summary": {
    "vmess": {
      "count": 40,
      "avg_lat": 115.175,
      "avg_score": 99.23216666666667
    },
    "vless": {
      "count": 175,
      "avg_lat": 96.79428571428572,
      "avg_score": 99.35470476190477
    },
    "ss": {
      "count": 1,
      "avg_lat": 150.0,
      "avg_score": 99.0
    },
    "trojan": {
      "count": 52,
      "avg_lat": 157.57692307692307,
      "avg_score": 98.94948717948718
    }
  }
}