{
  "scan_timestamp": "2025-11-24T16:27:15.331731+00:00",
  "duration_seconds": 974.76,
  "performance_metrics": {
    "total_processed": 470,
    "valid_configs": 271,
    "duplicates": 0,
    "failed_tests": 199,
    "success_rate": 57.66,
    "avg_latency_ms": 166.89,
    "avg_score": 98.89
  },
  "protocol_summary": {
    "vmess": {
      "count": 50,
      "avg_lat": 204.54,
      "avg_score": 98.6364
    },
    "vless": {
      "count": 101,
      "avg_lat": 154.2970297029703,
      "avg_score": 98.97135313531354
    },
    "ss": {
      "count": 0,
      "avg_lat": 0.0,
      "avg_score": 0.0
    },
    "trojan": {
      "count": 120,
      "avg_lat": 161.80833333333334,
      "avg_score": 98.92127777777777
    }
  }
}