{
  "scan_timestamp": "2025-11-06T09:30:47.198405+00:00",
  "duration_seconds": 1156.6,
  "performance_metrics": {
    "total_processed": 479,
    "valid_configs": 347,
    "duplicates": 0,
    "failed_tests": 132,
    "success_rate": 72.44,
    "avg_latency_ms": 108.15,
    "avg_score": 99.28
  },
  "protocol_summary": {
    "vmess": {
      "count": 77,
      "avg_lat": 110.01298701298701,
      "avg_score": 99.26658008658009
    },
    "vless": {
      "count": 264,
      "avg_lat": 105.90530303030303,
      "avg_score": 99.29396464646464
    },
    "ss": {
      "count": 0,
      "avg_lat": 0.0,
      "avg_score": 0.0
    },
    "trojan": {
      "count": 6,
      "avg_lat": 183.16666666666666,
      "avg_score": 98.7788888888889
    }
  }
}