{
  "scan_timestamp": "2025-11-10T19:24:15.218127+00:00",
  "duration_seconds": 961.78,
  "performance_metrics": {
    "total_processed": 444,
    "valid_configs": 229,
    "duplicates": 0,
    "failed_tests": 215,
    "success_rate": 51.58,
    "avg_latency_ms": 114.82,
    "avg_score": 99.23
  },
  "protocol_summary": {
    "vmess": {
      "count": 60,
      "avg_lat": 169.1,
      "avg_score": 98.87266666666666
    },
    "vless": {
      "count": 143,
      "avg_lat": 83.5944055944056,
      "avg_score": 99.44270396270397
    },
    "ss": {
      "count": 1,
      "avg_lat": 137.0,
      "avg_score": 99.08666666666667
    },
    "trojan": {
      "count": 25,
      "avg_lat": 162.28,
      "avg_score": 98.91813333333333
    }
  }
}