{
  "scan_timestamp": "2025-12-05T18:30:30.903108+00:00",
  "duration_seconds": 999.95,
  "performance_metrics": {
    "total_processed": 471,
    "valid_configs": 277,
    "duplicates": 0,
    "failed_tests": 194,
    "success_rate": 58.81,
    "avg_latency_ms": 168.62,
    "avg_score": 98.88
  },
  "protocol_summary": {
    "vmess": {
      "count": 106,
      "avg_lat": 219.14150943396226,
      "avg_score": 98.53905660377357
    },
    "vless": {
      "count": 129,
      "avg_lat": 118.65891472868218,
      "avg_score": 99.20894056847546
    },
    "ss": {
      "count": 0,
      "avg_lat": 0.0,
      "avg_score": 0.0
    },
    "trojan": {
      "count": 42,
      "avg_lat": 194.54761904761904,
      "avg_score": 98.70301587301587
    }
  }
}