{
  "scan_timestamp": "2025-11-25T04:32:37.060120+00:00",
  "duration_seconds": 955.65,
  "performance_metrics": {
    "total_processed": 460,
    "valid_configs": 273,
    "duplicates": 0,
    "failed_tests": 187,
    "success_rate": 59.35,
    "avg_latency_ms": 137.74,
    "avg_score": 99.08
  },
  "protocol_summary": {
    "vmess": {
      "count": 60,
      "avg_lat": 132.36666666666667,
      "avg_score": 99.11755555555555
    },
    "vless": {
      "count": 101,
      "avg_lat": 137.93069306930693,
      "avg_score": 99.08046204620463
    },
    "ss": {
      "count": 0,
      "avg_lat": 0.0,
      "avg_score": 0.0
    },
    "trojan": {
      "count": 112,
      "avg_lat": 140.4375,
      "avg_score": 99.06375
    }
  }
}