{
  "scan_timestamp": "2025-10-28T09:25:48.463155+00:00",
  "duration_seconds": 856.96,
  "performance_metrics": {
    "total_processed": 400,
    "valid_configs": 232,
    "duplicates": 0,
    "failed_tests": 168,
    "success_rate": 58.0,
    "avg_latency_ms": 156.4,
    "avg_score": 98.96
  },
  "protocol_summary": {
    "vmess": {
      "count": 71,
      "avg_lat": 284.6056338028169,
      "avg_score": 98.10262910798123
    },
    "vless": {
      "count": 121,
      "avg_lat": 56.247933884297524,
      "avg_score": 99.62501377410469
    },
    "ss": {
      "count": 1,
      "avg_lat": 124.0,
      "avg_score": 99.17333333333333
    },
    "trojan": {
      "count": 39,
      "avg_lat": 234.53846153846155,
      "avg_score": 98.43641025641026
    }
  }
}