{
  "scan_timestamp": "2025-11-12T12:38:05.163462+00:00",
  "duration_seconds": 1107.59,
  "performance_metrics": {
    "total_processed": 479,
    "valid_configs": 319,
    "duplicates": 0,
    "failed_tests": 160,
    "success_rate": 66.6,
    "avg_latency_ms": 198.9,
    "avg_score": 98.67
  },
  "protocol_summary": {
    "vmess": {
      "count": 35,
      "avg_lat": 472.0285714285714,
      "avg_score": 96.85314285714286
    },
    "vless": {
      "count": 249,
      "avg_lat": 158.7429718875502,
      "avg_score": 98.94171352074967
    },
    "ss": {
      "count": 1,
      "avg_lat": 181.0,
      "avg_score": 98.79333333333334
    },
    "trojan": {
      "count": 34,
      "avg_lat": 212.35294117647058,
      "avg_score": 98.5843137254902
    }
  }
}