{
  "scan_timestamp": "2025-11-09T17:26:08.724891+00:00",
  "duration_seconds": 1106.47,
  "performance_metrics": {
    "total_processed": 478,
    "valid_configs": 327,
    "duplicates": 0,
    "failed_tests": 151,
    "success_rate": 68.41,
    "avg_latency_ms": 160.42,
    "avg_score": 98.93
  },
  "protocol_summary": {
    "vmess": {
      "count": 54,
      "avg_lat": 188.77777777777777,
      "avg_score": 98.74148148148149
    },
    "vless": {
      "count": 262,
      "avg_lat": 155.43893129770993,
      "avg_score": 98.96374045801527
    },
    "ss": {
      "count": 0,
      "avg_lat": 0.0,
      "avg_score": 0.0
    },
    "trojan": {
      "count": 11,
      "avg_lat": 139.72727272727272,
      "avg_score": 99.06848484848484
    }
  }
}