{
  "scan_timestamp": "2025-10-31T03:50:16.629903+00:00",
  "duration_seconds": 722.69,
  "performance_metrics": {
    "total_processed": 371,
    "valid_configs": 184,
    "duplicates": 0,
    "failed_tests": 187,
    "success_rate": 49.6,
    "avg_latency_ms": 142.89,
    "avg_score": 99.05
  },
  "protocol_summary": {
    "vmess": {
      "count": 63,
      "avg_lat": 224.44444444444446,
      "avg_score": 98.5037037037037
    },
    "vless": {
      "count": 103,
      "avg_lat": 86.74757281553399,
      "avg_score": 99.42168284789643
    },
    "ss": {
      "count": 1,
      "avg_lat": 158.0,
      "avg_score": 98.94666666666667
    },
    "trojan": {
      "count": 17,
      "avg_lat": 179.88235294117646,
      "avg_score": 98.80078431372549
    }
  }
}