{
  "scan_timestamp": "2025-11-29T15:25:03.311343+00:00",
  "duration_seconds": 956.78,
  "performance_metrics": {
    "total_processed": 474,
    "valid_configs": 238,
    "duplicates": 0,
    "failed_tests": 236,
    "success_rate": 50.21,
    "avg_latency_ms": 165.85,
    "avg_score": 98.89
  },
  "protocol_summary": {
    "vmess": {
      "count": 34,
      "avg_lat": 95.38235294117646,
      "avg_score": 99.36411764705883
    },
    "vless": {
      "count": 111,
      "avg_lat": 109.76576576576576,
      "avg_score": 99.26822822822822
    },
    "ss": {
      "count": 0,
      "avg_lat": 0.0,
      "avg_score": 0.0
    },
    "trojan": {
      "count": 93,
      "avg_lat": 258.55913978494624,
      "avg_score": 98.27627240143369
    }
  }
}