{
  "scan_timestamp": "2025-11-28T04:29:32.189696+00:00",
  "duration_seconds": 941.2,
  "performance_metrics": {
    "total_processed": 478,
    "valid_configs": 220,
    "duplicates": 0,
    "failed_tests": 258,
    "success_rate": 46.03,
    "avg_latency_ms": 170.3,
    "avg_score": 98.86
  },
  "protocol_summary": {
    "vmess": {
      "count": 32,
      "avg_lat": 212.0,
      "avg_score": 98.58666666666667
    },
    "vless": {
      "count": 108,
      "avg_lat": 107.80555555555556,
      "avg_score": 99.28129629629629
    },
    "ss": {
      "count": 0,
      "avg_lat": 0.0,
      "avg_score": 0.0
    },
    "trojan": {
      "count": 80,
      "avg_lat": 238.0,
      "avg_score": 98.41333333333333
    }
  }
}