{
  "scan_timestamp": "2025-11-27T16:27:18.693027+00:00",
  "duration_seconds": 903.4,
  "performance_metrics": {
    "total_processed": 475,
    "valid_configs": 209,
    "duplicates": 0,
    "failed_tests": 266,
    "success_rate": 44.0,
    "avg_latency_ms": 186.55,
    "avg_score": 98.76
  },
  "protocol_summary": {
    "vmess": {
      "count": 36,
      "avg_lat": 242.88888888888889,
      "avg_score": 98.38074074074075
    },
    "vless": {
      "count": 99,
      "avg_lat": 158.06060606060606,
      "avg_score": 98.94626262626262
    },
    "ss": {
      "count": 0,
      "avg_lat": 0.0,
      "avg_score": 0.0
    },
    "trojan": {
      "count": 74,
      "avg_lat": 197.24324324324326,
      "avg_score": 98.68504504504504
    }
  }
}