{
  "scan_timestamp": "2025-11-15T02:41:28.254029+00:00",
  "duration_seconds": 1151.68,
  "performance_metrics": {
    "total_processed": 479,
    "valid_configs": 350,
    "duplicates": 0,
    "failed_tests": 129,
    "success_rate": 73.07,
    "avg_latency_ms": 151.03,
    "avg_score": 98.99
  },
  "protocol_summary": {
    "vmess": {
      "count": 37,
      "avg_lat": 155.6216216216216,
      "avg_score": 98.96252252252252
    },
    "vless": {
      "count": 251,
      "avg_lat": 151.9402390438247,
      "avg_score": 98.98706507304117
    },
    "ss": {
      "count": 1,
      "avg_lat": 176.0,
      "avg_score": 98.82666666666667
    },
    "trojan": {
      "count": 61,
      "avg_lat": 144.11475409836066,
      "avg_score": 99.03923497267759
    }
  }
}