{
  "scan_timestamp": "2025-11-20T10:26:46.282743+00:00",
  "duration_seconds": 908.74,
  "performance_metrics": {
    "total_processed": 416,
    "valid_configs": 262,
    "duplicates": 0,
    "failed_tests": 154,
    "success_rate": 62.98,
    "avg_latency_ms": 146.0,
    "avg_score": 99.03
  },
  "protocol_summary": {
    "vmess": {
      "count": 50,
      "avg_lat": 139.02,
      "avg_score": 99.0732
    },
    "vless": {
      "count": 121,
      "avg_lat": 134.1404958677686,
      "avg_score": 99.1057300275482
    },
    "ss": {
      "count": 1,
      "avg_lat": 173.0,
      "avg_score": 98.84666666666666
    },
    "trojan": {
      "count": 90,
      "avg_lat": 165.5222222222222,
      "avg_score": 98.89651851851852
    }
  }
}