{
  "scan_timestamp": "2025-11-17T04:01:13.394647+00:00",
  "duration_seconds": 1091.26,
  "performance_metrics": {
    "total_processed": 472,
    "valid_configs": 330,
    "duplicates": 0,
    "failed_tests": 142,
    "success_rate": 69.92,
    "avg_latency_ms": 155.41,
    "avg_score": 98.96
  },
  "protocol_summary": {
    "vmess": {
      "count": 53,
      "avg_lat": 191.1509433962264,
      "avg_score": 98.7256603773585
    },
    "vless": {
      "count": 212,
      "avg_lat": 144.22169811320754,
      "avg_score": 99.03852201257862
    },
    "ss": {
      "count": 1,
      "avg_lat": 183.0,
      "avg_score": 98.78
    },
    "trojan": {
      "count": 64,
      "avg_lat": 162.421875,
      "avg_score": 98.9171875
    }
  }
}