{
  "scan_timestamp": "2025-10-29T02:42:37.235754+00:00",
  "duration_seconds": 825.94,
  "performance_metrics": {
    "total_processed": 392,
    "valid_configs": 220,
    "duplicates": 0,
    "failed_tests": 172,
    "success_rate": 56.12,
    "avg_latency_ms": 159.31,
    "avg_score": 98.94
  },
  "protocol_summary": {
    "vmess": {
      "count": 68,
      "avg_lat": 276.05882352941177,
      "avg_score": 98.15960784313725
    },
    "vless": {
      "count": 122,
      "avg_lat": 74.0327868852459,
      "avg_score": 99.50644808743169
    },
    "ss": {
      "count": 1,
      "avg_lat": 152.0,
      "avg_score": 98.98666666666666
    },
    "trojan": {
      "count": 29,
      "avg_lat": 244.58620689655172,
      "avg_score": 98.36942528735634
    }
  }
}