{
  "scan_timestamp": "2025-11-08T04:30:54.437026+00:00",
  "duration_seconds": 1152.45,
  "performance_metrics": {
    "total_processed": 479,
    "valid_configs": 345,
    "duplicates": 0,
    "failed_tests": 134,
    "success_rate": 72.03,
    "avg_latency_ms": 104.9,
    "avg_score": 99.3
  },
  "protocol_summary": {
    "vmess": {
      "count": 73,
      "avg_lat": 91.17808219178082,
      "avg_score": 99.39214611872147
    },
    "vless": {
      "count": 265,
      "avg_lat": 106.8,
      "avg_score": 99.288
    },
    "ss": {
      "count": 0,
      "avg_lat": 0.0,
      "avg_score": 0.0
    },
    "trojan": {
      "count": 7,
      "avg_lat": 175.85714285714286,
      "avg_score": 98.82761904761904
    }
  }
}