{
  "scan_timestamp": "2025-10-27T06:33:49.429039+00:00",
  "duration_seconds": 846.06,
  "performance_metrics": {
    "total_processed": 379,
    "valid_configs": 225,
    "duplicates": 0,
    "failed_tests": 154,
    "success_rate": 59.37,
    "avg_latency_ms": 114.88,
    "avg_score": 99.23
  },
  "protocol_summary": {
    "vmess": {
      "count": 66,
      "avg_lat": 170.16666666666666,
      "avg_score": 98.86555555555556
    },
    "vless": {
      "count": 121,
      "avg_lat": 67.48760330578513,
      "avg_score": 99.55008264462809
    },
    "ss": {
      "count": 1,
      "avg_lat": 159.0,
      "avg_score": 98.94
    },
    "trojan": {
      "count": 37,
      "avg_lat": 170.02702702702703,
      "avg_score": 98.86648648648648
    }
  }
}