{
  "scan_timestamp": "2025-11-27T17:24:12.398188+00:00",
  "duration_seconds": 915.25,
  "performance_metrics": {
    "total_processed": 474,
    "valid_configs": 227,
    "duplicates": 0,
    "failed_tests": 247,
    "success_rate": 47.89,
    "avg_latency_ms": 188.07,
    "avg_score": 98.75
  },
  "protocol_summary": {
    "vmess": {
      "count": 37,
      "avg_lat": 187.45945945945945,
      "avg_score": 98.75027027027028
    },
    "vless": {
      "count": 102,
      "avg_lat": 116.92156862745098,
      "avg_score": 99.220522875817
    },
    "ss": {
      "count": 0,
      "avg_lat": 0.0,
      "avg_score": 0.0
    },
    "trojan": {
      "count": 88,
      "avg_lat": 270.79545454545456,
      "avg_score": 98.19469696969696
    }
  }
}