{
  "scan_timestamp": "2025-11-04T14:29:44.144830+00:00",
  "duration_seconds": 1140.11,
  "performance_metrics": {
    "total_processed": 478,
    "valid_configs": 324,
    "duplicates": 0,
    "failed_tests": 154,
    "success_rate": 67.78,
    "avg_latency_ms": 144.71,
    "avg_score": 99.04
  },
  "protocol_summary": {
    "vmess": {
      "count": 44,
      "avg_lat": 241.02272727272728,
      "avg_score": 98.39318181818182
    },
    "vless": {
      "count": 269,
      "avg_lat": 124.63197026022304,
      "avg_score": 99.16912019826518
    },
    "ss": {
      "count": 1,
      "avg_lat": 127.0,
      "avg_score": 99.15333333333334
    },
    "trojan": {
      "count": 10,
      "avg_lat": 262.9,
      "avg_score": 98.24733333333333
    }
  }
}