{
  "scan_timestamp": "2025-12-01T18:33:10.006414+00:00",
  "duration_seconds": 1020.08,
  "performance_metrics": {
    "total_processed": 479,
    "valid_configs": 297,
    "duplicates": 0,
    "failed_tests": 182,
    "success_rate": 62.0,
    "avg_latency_ms": 212.49,
    "avg_score": 98.58
  },
  "protocol_summary": {
    "vmess": {
      "count": 79,
      "avg_lat": 408.88607594936707,
      "avg_score": 97.27409282700422
    },
    "vless": {
      "count": 159,
      "avg_lat": 133.0188679245283,
      "avg_score": 99.11320754716981
    },
    "ss": {
      "count": 0,
      "avg_lat": 0.0,
      "avg_score": 0.0
    },
    "trojan": {
      "count": 59,
      "avg_lat": 163.71186440677965,
      "avg_score": 98.90858757062146
    }
  }
}