{
  "scan_timestamp": "2025-11-11T15:28:59.940865+00:00",
  "duration_seconds": 1078.09,
  "performance_metrics": {
    "total_processed": 479,
    "valid_configs": 310,
    "duplicates": 0,
    "failed_tests": 169,
    "success_rate": 64.72,
    "avg_latency_ms": 167.92,
    "avg_score": 98.88
  },
  "protocol_summary": {
    "vmess": {
      "count": 40,
      "avg_lat": 222.55,
      "avg_score": 98.51633333333334
    },
    "vless": {
      "count": 253,
      "avg_lat": 155.1897233201581,
      "avg_score": 98.96540184453228
    },
    "ss": {
      "count": 1,
      "avg_lat": 229.0,
      "avg_score": 98.47333333333333
    },
    "trojan": {
      "count": 16,
      "avg_lat": 228.875,
      "avg_score": 98.47416666666666
    }
  }
}