{
  "scan_timestamp": "2025-11-22T14:22:46.994927+00:00",
  "duration_seconds": 874.59,
  "performance_metrics": {
    "total_processed": 414,
    "valid_configs": 247,
    "duplicates": 0,
    "failed_tests": 167,
    "success_rate": 59.66,
    "avg_latency_ms": 166.51,
    "avg_score": 98.89
  },
  "protocol_summary": {
    "vmess": {
      "count": 42,
      "avg_lat": 123.57142857142857,
      "avg_score": 99.17619047619047
    },
    "vless": {
      "count": 109,
      "avg_lat": 177.4862385321101,
      "avg_score": 98.81675840978593
    },
    "ss": {
      "count": 5,
      "avg_lat": 333.2,
      "avg_score": 97.77866666666667
    },
    "trojan": {
      "count": 91,
      "avg_lat": 164.01098901098902,
      "avg_score": 98.9065934065934
    }
  }
}