{
  "scan_timestamp": "2025-11-17T04:35:12.125516+00:00",
  "duration_seconds": 1097.35,
  "performance_metrics": {
    "total_processed": 472,
    "valid_configs": 330,
    "duplicates": 0,
    "failed_tests": 142,
    "success_rate": 69.92,
    "avg_latency_ms": 161.17,
    "avg_score": 98.93
  },
  "protocol_summary": {
    "vmess": {
      "count": 52,
      "avg_lat": 263.0769230769231,
      "avg_score": 98.24615384615385
    },
    "vless": {
      "count": 212,
      "avg_lat": 140.66509433962264,
      "avg_score": 99.06223270440252
    },
    "ss": {
      "count": 1,
      "avg_lat": 159.0,
      "avg_score": 98.94
    },
    "trojan": {
      "count": 65,
      "avg_lat": 146.56923076923076,
      "avg_score": 99.02287179487179
    }
  }
}