{
  "scan_timestamp": "2025-11-26T23:22:19.909297+00:00",
  "duration_seconds": 772.37,
  "performance_metrics": {
    "total_processed": 387,
    "valid_configs": 210,
    "duplicates": 0,
    "failed_tests": 177,
    "success_rate": 54.26,
    "avg_latency_ms": 164.95,
    "avg_score": 98.9
  },
  "protocol_summary": {
    "vmess": {
      "count": 44,
      "avg_lat": 184.1818181818182,
      "avg_score": 98.7721212121212
    },
    "vless": {
      "count": 98,
      "avg_lat": 166.37755102040816,
      "avg_score": 98.89081632653061
    },
    "ss": {
      "count": 0,
      "avg_lat": 0.0,
      "avg_score": 0.0
    },
    "trojan": {
      "count": 68,
      "avg_lat": 150.44117647058823,
      "avg_score": 98.99705882352941
    }
  }
}