{
  "scan_timestamp": "2025-12-05T09:28:55.541704+00:00",
  "duration_seconds": 996.68,
  "performance_metrics": {
    "total_processed": 470,
    "valid_configs": 269,
    "duplicates": 0,
    "failed_tests": 201,
    "success_rate": 57.23,
    "avg_latency_ms": 182.26,
    "avg_score": 98.78
  },
  "protocol_summary": {
    "vmess": {
      "count": 86,
      "avg_lat": 134.91860465116278,
      "avg_score": 99.10054263565893
    },
    "vless": {
      "count": 137,
      "avg_lat": 200.77372262773721,
      "avg_score": 98.66150851581509
    },
    "ss": {
      "count": 0,
      "avg_lat": 0.0,
      "avg_score": 0.0
    },
    "trojan": {
      "count": 46,
      "avg_lat": 215.6304347826087,
      "avg_score": 98.56246376811593
    }
  }
}