{
  "scan_timestamp": "2025-11-02T20:22:29.801250+00:00",
  "duration_seconds": 766.03,
  "performance_metrics": {
    "total_processed": 369,
    "valid_configs": 182,
    "duplicates": 0,
    "failed_tests": 187,
    "success_rate": 49.32,
    "avg_latency_ms": 113.74,
    "avg_score": 99.24
  },
  "protocol_summary": {
    "vmess": {
      "count": 52,
      "avg_lat": 154.67307692307693,
      "avg_score": 98.96884615384616
    },
    "vless": {
      "count": 108,
      "avg_lat": 95.92592592592592,
      "avg_score": 99.36049382716048
    },
    "ss": {
      "count": 1,
      "avg_lat": 138.0,
      "avg_score": 99.08
    },
    "trojan": {
      "count": 21,
      "avg_lat": 102.80952380952381,
      "avg_score": 99.31460317460316
    }
  }
}