{
  "scan_timestamp": "2025-11-30T08:29:34.539930+00:00",
  "duration_seconds": 1016.38,
  "performance_metrics": {
    "total_processed": 475,
    "valid_configs": 284,
    "duplicates": 0,
    "failed_tests": 191,
    "success_rate": 59.79,
    "avg_latency_ms": 188.75,
    "avg_score": 98.74
  },
  "protocol_summary": {
    "vmess": {
      "count": 76,
      "avg_lat": 251.60526315789474,
      "avg_score": 98.32263157894738
    },
    "vless": {
      "count": 108,
      "avg_lat": 106.41666666666667,
      "avg_score": 99.29055555555554
    },
    "ss": {
      "count": 0,
      "avg_lat": 0.0,
      "avg_score": 0.0
    },
    "trojan": {
      "count": 100,
      "avg_lat": 229.89,
      "avg_score": 98.4674
    }
  }
}