{
  "scan_timestamp": "2025-11-09T16:29:08.062887+00:00",
  "duration_seconds": 1115.62,
  "performance_metrics": {
    "total_processed": 478,
    "valid_configs": 325,
    "duplicates": 0,
    "failed_tests": 153,
    "success_rate": 67.99,
    "avg_latency_ms": 141.54,
    "avg_score": 99.06
  },
  "protocol_summary": {
    "vmess": {
      "count": 53,
      "avg_lat": 243.43396226415095,
      "avg_score": 98.377106918239
    },
    "vless": {
      "count": 261,
      "avg_lat": 115.0536398467433,
      "avg_score": 99.23297573435505
    },
    "ss": {
      "count": 0,
      "avg_lat": 0.0,
      "avg_score": 0.0
    },
    "trojan": {
      "count": 11,
      "avg_lat": 279.09090909090907,
      "avg_score": 98.13939393939394
    }
  }
}