{
  "scan_timestamp": "2025-11-04T11:27:59.191855+00:00",
  "duration_seconds": 1135.76,
  "performance_metrics": {
    "total_processed": 479,
    "valid_configs": 323,
    "duplicates": 0,
    "failed_tests": 156,
    "success_rate": 67.43,
    "avg_latency_ms": 137.44,
    "avg_score": 99.08
  },
  "protocol_summary": {
    "vmess": {
      "count": 44,
      "avg_lat": 235.29545454545453,
      "avg_score": 98.43136363636363
    },
    "vless": {
      "count": 260,
      "avg_lat": 119.18076923076923,
      "avg_score": 99.20546153846153
    },
    "ss": {
      "count": 1,
      "avg_lat": 127.0,
      "avg_score": 99.15333333333334
    },
    "trojan": {
      "count": 18,
      "avg_lat": 162.55555555555554,
      "avg_score": 98.9162962962963
    }
  }
}