{
  "scan_timestamp": "2025-11-23T13:31:23.226198+00:00",
  "duration_seconds": 903.7,
  "performance_metrics": {
    "total_processed": 466,
    "valid_configs": 267,
    "duplicates": 0,
    "failed_tests": 199,
    "success_rate": 57.3,
    "avg_latency_ms": 147.49,
    "avg_score": 99.02
  },
  "protocol_summary": {
    "vmess": {
      "count": 44,
      "avg_lat": 168.0,
      "avg_score": 98.88000000000001
    },
    "vless": {
      "count": 103,
      "avg_lat": 91.24271844660194,
      "avg_score": 99.39171521035598
    },
    "ss": {
      "count": 0,
      "avg_lat": 0.0,
      "avg_score": 0.0
    },
    "trojan": {
      "count": 120,
      "avg_lat": 188.25,
      "avg_score": 98.74499999999999
    }
  }
}