{
  "scan_timestamp": "2025-10-30T09:24:01.524638+00:00",
  "duration_seconds": 750.34,
  "performance_metrics": {
    "total_processed": 372,
    "valid_configs": 189,
    "duplicates": 0,
    "failed_tests": 183,
    "success_rate": 50.81,
    "avg_latency_ms": 101.74,
    "avg_score": 99.32
  },
  "protocol_summary": {
    "vmess": {
      "count": 61,
      "avg_lat": 140.24590163934425,
      "avg_score": 99.06502732240438
    },
    "vless": {
      "count": 120,
      "avg_lat": 77.025,
      "avg_score": 99.48649999999999
    },
    "ss": {
      "count": 1,
      "avg_lat": 193.0,
      "avg_score": 98.71333333333334
    },
    "trojan": {
      "count": 7,
      "avg_lat": 176.85714285714286,
      "avg_score": 98.82095238095238
    }
  }
}