{
  "scan_timestamp": "2025-10-31T14:25:16.039282+00:00",
  "duration_seconds": 902.58,
  "performance_metrics": {
    "total_processed": 417,
    "valid_configs": 245,
    "duplicates": 0,
    "failed_tests": 172,
    "success_rate": 58.75,
    "avg_latency_ms": 175.8,
    "avg_score": 98.83
  },
  "protocol_summary": {
    "vmess": {
      "count": 112,
      "avg_lat": 243.92857142857142,
      "avg_score": 98.37380952380953
    },
    "vless": {
      "count": 101,
      "avg_lat": 101.8019801980198,
      "avg_score": 99.3213201320132
    },
    "ss": {
      "count": 1,
      "avg_lat": 152.0,
      "avg_score": 98.98666666666666
    },
    "trojan": {
      "count": 31,
      "avg_lat": 171.51612903225808,
      "avg_score": 98.85655913978495
    }
  }
}