{
  "scan_timestamp": "2025-11-30T21:26:24.057283+00:00",
  "duration_seconds": 1051.33,
  "performance_metrics": {
    "total_processed": 474,
    "valid_configs": 309,
    "duplicates": 0,
    "failed_tests": 165,
    "success_rate": 65.19,
    "avg_latency_ms": 183.38,
    "avg_score": 98.78
  },
  "protocol_summary": {
    "vmess": {
      "count": 71,
      "avg_lat": 283.4366197183099,
      "avg_score": 98.11042253521127
    },
    "vless": {
      "count": 195,
      "avg_lat": 153.35384615384615,
      "avg_score": 98.97764102564102
    },
    "ss": {
      "count": 0,
      "avg_lat": 0.0,
      "avg_score": 0.0
    },
    "trojan": {
      "count": 43,
      "avg_lat": 154.32558139534885,
      "avg_score": 98.97116279069768
    }
  }
}