{
  "scan_timestamp": "2025-12-05T04:36:39.445289+00:00",
  "duration_seconds": 1001.41,
  "performance_metrics": {
    "total_processed": 470,
    "valid_configs": 281,
    "duplicates": 0,
    "failed_tests": 189,
    "success_rate": 59.79,
    "avg_latency_ms": 145.38,
    "avg_score": 99.03
  },
  "protocol_summary": {
    "vmess": {
      "count": 97,
      "avg_lat": 223.5257731958763,
      "avg_score": 98.50982817869415
    },
    "vless": {
      "count": 140,
      "avg_lat": 81.57857142857142,
      "avg_score": 99.45614285714286
    },
    "ss": {
      "count": 0,
      "avg_lat": 0.0,
      "avg_score": 0.0
    },
    "trojan": {
      "count": 44,
      "avg_lat": 176.13636363636363,
      "avg_score": 98.82575757575756
    }
  }
}