{
  "scan_timestamp": "2025-11-22T17:22:03.128296+00:00",
  "duration_seconds": 858.54,
  "performance_metrics": {
    "total_processed": 412,
    "valid_configs": 243,
    "duplicates": 0,
    "failed_tests": 169,
    "success_rate": 58.98,
    "avg_latency_ms": 156.96,
    "avg_score": 98.95
  },
  "protocol_summary": {
    "vmess": {
      "count": 44,
      "avg_lat": 137.4318181818182,
      "avg_score": 99.08378787878787
    },
    "vless": {
      "count": 107,
      "avg_lat": 141.57943925233644,
      "avg_score": 99.05613707165108
    },
    "ss": {
      "count": 5,
      "avg_lat": 348.6,
      "avg_score": 97.676
    },
    "trojan": {
      "count": 87,
      "avg_lat": 174.7471264367816,
      "avg_score": 98.83501915708813
    }
  }
}