{
  "scan_timestamp": "2025-10-31T07:23:56.584812+00:00",
  "duration_seconds": 828.9,
  "performance_metrics": {
    "total_processed": 414,
    "valid_configs": 217,
    "duplicates": 0,
    "failed_tests": 197,
    "success_rate": 52.42,
    "avg_latency_ms": 137.47,
    "avg_score": 99.08
  },
  "protocol_summary": {
    "vmess": {
      "count": 70,
      "avg_lat": 181.02857142857144,
      "avg_score": 98.79314285714287
    },
    "vless": {
      "count": 102,
      "avg_lat": 90.26470588235294,
      "avg_score": 99.39823529411764
    },
    "ss": {
      "count": 1,
      "avg_lat": 125.0,
      "avg_score": 99.16666666666667
    },
    "trojan": {
      "count": 44,
      "avg_lat": 177.88636363636363,
      "avg_score": 98.81409090909091
    }
  }
}