{
  "scan_timestamp": "2025-10-27T15:24:56.346619+00:00",
  "duration_seconds": 840.47,
  "performance_metrics": {
    "total_processed": 385,
    "valid_configs": 227,
    "duplicates": 0,
    "failed_tests": 158,
    "success_rate": 58.96,
    "avg_latency_ms": 151.93,
    "avg_score": 98.99
  },
  "protocol_summary": {
    "vmess": {
      "count": 70,
      "avg_lat": 165.0,
      "avg_score": 98.9
    },
    "vless": {
      "count": 117,
      "avg_lat": 112.43589743589743,
      "avg_score": 99.25042735042734
    },
    "ss": {
      "count": 1,
      "avg_lat": 138.0,
      "avg_score": 99.08
    },
    "trojan": {
      "count": 39,
      "avg_lat": 247.30769230769232,
      "avg_score": 98.35128205128204
    }
  }
}