{
  "scan_timestamp": "2025-11-25T19:25:50.467418+00:00",
  "duration_seconds": 1028.01,
  "performance_metrics": {
    "total_processed": 470,
    "valid_configs": 302,
    "duplicates": 0,
    "failed_tests": 168,
    "success_rate": 64.26,
    "avg_latency_ms": 150.55,
    "avg_score": 99.0
  },
  "protocol_summary": {
    "vmess": {
      "count": 63,
      "avg_lat": 94.7936507936508,
      "avg_score": 99.36804232804232
    },
    "vless": {
      "count": 114,
      "avg_lat": 183.30701754385964,
      "avg_score": 98.77795321637427
    },
    "ss": {
      "count": 0,
      "avg_lat": 0.0,
      "avg_score": 0.0
    },
    "trojan": {
      "count": 125,
      "avg_lat": 148.784,
      "avg_score": 99.00810666666666
    }
  }
}