{
  "scan_timestamp": "2025-11-29T09:24:32.515703+00:00",
  "duration_seconds": 881.64,
  "performance_metrics": {
    "total_processed": 465,
    "valid_configs": 216,
    "duplicates": 0,
    "failed_tests": 249,
    "success_rate": 46.45,
    "avg_latency_ms": 152.71,
    "avg_score": 98.98
  },
  "protocol_summary": {
    "vmess": {
      "count": 42,
      "avg_lat": 178.3095238095238,
      "avg_score": 98.81126984126985
    },
    "vless": {
      "count": 88,
      "avg_lat": 108.51136363636364,
      "avg_score": 99.27659090909091
    },
    "ss": {
      "count": 0,
      "avg_lat": 0.0,
      "avg_score": 0.0
    },
    "trojan": {
      "count": 86,
      "avg_lat": 185.4418604651163,
      "avg_score": 98.76372093023257
    }
  }
}