{
  "scan_timestamp": "2025-12-02T17:31:58.024362+00:00",
  "duration_seconds": 1048.43,
  "performance_metrics": {
    "total_processed": 477,
    "valid_configs": 309,
    "duplicates": 0,
    "failed_tests": 168,
    "success_rate": 64.78,
    "avg_latency_ms": 188.53,
    "avg_score": 98.74
  },
  "protocol_summary": {
    "vmess": {
      "count": 62,
      "avg_lat": 249.70967741935485,
      "avg_score": 98.33526881720431
    },
    "vless": {
      "count": 174,
      "avg_lat": 177.632183908046,
      "avg_score": 98.81578544061303
    },
    "ss": {
      "count": 0,
      "avg_lat": 0.0,
      "avg_score": 0.0
    },
    "trojan": {
      "count": 73,
      "avg_lat": 162.56164383561645,
      "avg_score": 98.91625570776256
    }
  }
}