{
  "scan_timestamp": "2025-11-07T18:33:02.695882+00:00",
  "duration_seconds": 1122.98,
  "performance_metrics": {
    "total_processed": 475,
    "valid_configs": 328,
    "duplicates": 0,
    "failed_tests": 147,
    "success_rate": 69.05,
    "avg_latency_ms": 119.09,
    "avg_score": 99.21
  },
  "protocol_summary": {
    "vmess": {
      "count": 61,
      "avg_lat": 197.9672131147541,
      "avg_score": 98.68021857923496
    },
    "vless": {
      "count": 262,
      "avg_lat": 99.31679389312977,
      "avg_score": 99.33788804071247
    },
    "ss": {
      "count": 0,
      "avg_lat": 0.0,
      "avg_score": 0.0
    },
    "trojan": {
      "count": 5,
      "avg_lat": 192.8,
      "avg_score": 98.71466666666666
    }
  }
}