{
  "scan_timestamp": "2025-11-10T04:36:09.861109+00:00",
  "duration_seconds": 1084.91,
  "performance_metrics": {
    "total_processed": 476,
    "valid_configs": 312,
    "duplicates": 0,
    "failed_tests": 164,
    "success_rate": 65.55,
    "avg_latency_ms": 142.37,
    "avg_score": 99.05
  },
  "protocol_summary": {
    "vmess": {
      "count": 57,
      "avg_lat": 250.42105263157896,
      "avg_score": 98.33052631578947
    },
    "vless": {
      "count": 245,
      "avg_lat": 116.04489795918367,
      "avg_score": 99.22636734693877
    },
    "ss": {
      "count": 1,
      "avg_lat": 137.0,
      "avg_score": 99.08666666666667
    },
    "trojan": {
      "count": 9,
      "avg_lat": 175.33333333333334,
      "avg_score": 98.83111111111111
    }
  }
}