{
  "scan_timestamp": "2025-12-02T22:28:11.592578+00:00",
  "duration_seconds": 1115.44,
  "performance_metrics": {
    "total_processed": 484,
    "valid_configs": 321,
    "duplicates": 0,
    "failed_tests": 163,
    "success_rate": 66.32,
    "avg_latency_ms": 147.32,
    "avg_score": 99.02
  },
  "protocol_summary": {
    "vmess": {
      "count": 70,
      "avg_lat": 239.72857142857143,
      "avg_score": 98.40180952380953
    },
    "vless": {
      "count": 172,
      "avg_lat": 109.87790697674419,
      "avg_score": 99.26748062015504
    },
    "ss": {
      "count": 1,
      "avg_lat": 200.0,
      "avg_score": 98.66666666666667
    },
    "trojan": {
      "count": 78,
      "avg_lat": 146.28205128205127,
      "avg_score": 99.02478632478632
    }
  }
}