{
  "scan_timestamp": "2025-11-21T07:24:10.356121+00:00",
  "duration_seconds": 755.21,
  "performance_metrics": {
    "total_processed": 389,
    "valid_configs": 205,
    "duplicates": 0,
    "failed_tests": 184,
    "success_rate": 52.7,
    "avg_latency_ms": 128.0,
    "avg_score": 99.15
  },
  "protocol_summary": {
    "vmess": {
      "count": 29,
      "avg_lat": 135.3793103448276,
      "avg_score": 99.09747126436783
    },
    "vless": {
      "count": 100,
      "avg_lat": 90.16,
      "avg_score": 99.39893333333333
    },
    "ss": {
      "count": 1,
      "avg_lat": 138.0,
      "avg_score": 99.08
    },
    "trojan": {
      "count": 75,
      "avg_lat": 175.48,
      "avg_score": 98.83013333333334
    }
  }
}