{
  "scan_timestamp": "2025-11-03T07:25:38.538459+00:00",
  "duration_seconds": 857.61,
  "performance_metrics": {
    "total_processed": 389,
    "valid_configs": 215,
    "duplicates": 0,
    "failed_tests": 174,
    "success_rate": 55.27,
    "avg_latency_ms": 169.48,
    "avg_score": 98.87
  },
  "protocol_summary": {
    "vmess": {
      "count": 78,
      "avg_lat": 238.97435897435898,
      "avg_score": 98.40683760683761
    },
    "vless": {
      "count": 115,
      "avg_lat": 132.70434782608694,
      "avg_score": 99.11530434782608
    },
    "ss": {
      "count": 1,
      "avg_lat": 163.0,
      "avg_score": 98.91333333333333
    },
    "trojan": {
      "count": 21,
      "avg_lat": 113.04761904761905,
      "avg_score": 99.2463492063492
    }
  }
}