{
  "scan_timestamp": "2025-11-25T15:28:52.057677+00:00",
  "duration_seconds": 1038.02,
  "performance_metrics": {
    "total_processed": 468,
    "valid_configs": 303,
    "duplicates": 0,
    "failed_tests": 165,
    "success_rate": 64.74,
    "avg_latency_ms": 117.24,
    "avg_score": 99.22
  },
  "protocol_summary": {
    "vmess": {
      "count": 63,
      "avg_lat": 134.15873015873015,
      "avg_score": 99.10560846560847
    },
    "vless": {
      "count": 124,
      "avg_lat": 106.35483870967742,
      "avg_score": 99.29096774193549
    },
    "ss": {
      "count": 0,
      "avg_lat": 0.0,
      "avg_score": 0.0
    },
    "trojan": {
      "count": 116,
      "avg_lat": 119.6896551724138,
      "avg_score": 99.20206896551724
    }
  }
}