{
  "scan_timestamp": "2025-11-29T11:22:08.327916+00:00",
  "duration_seconds": 860.06,
  "performance_metrics": {
    "total_processed": 465,
    "valid_configs": 207,
    "duplicates": 0,
    "failed_tests": 258,
    "success_rate": 44.52,
    "avg_latency_ms": 155.9,
    "avg_score": 98.96
  },
  "protocol_summary": {
    "vmess": {
      "count": 45,
      "avg_lat": 93.08888888888889,
      "avg_score": 99.37940740740741
    },
    "vless": {
      "count": 84,
      "avg_lat": 112.14285714285714,
      "avg_score": 99.25238095238096
    },
    "ss": {
      "count": 0,
      "avg_lat": 0.0,
      "avg_score": 0.0
    },
    "trojan": {
      "count": 78,
      "avg_lat": 239.25641025641025,
      "avg_score": 98.40495726495728
    }
  }
}