{
  "scan_timestamp": "2025-12-02T14:30:32.556940+00:00",
  "duration_seconds": 1074.03,
  "performance_metrics": {
    "total_processed": 477,
    "valid_configs": 321,
    "duplicates": 0,
    "failed_tests": 156,
    "success_rate": 67.3,
    "avg_latency_ms": 162.65,
    "avg_score": 98.92
  },
  "protocol_summary": {
    "vmess": {
      "count": 69,
      "avg_lat": 265.40579710144925,
      "avg_score": 98.23062801932366
    },
    "vless": {
      "count": 176,
      "avg_lat": 113.58522727272727,
      "avg_score": 99.24276515151514
    },
    "ss": {
      "count": 0,
      "avg_lat": 0.0,
      "avg_score": 0.0
    },
    "trojan": {
      "count": 76,
      "avg_lat": 183.0,
      "avg_score": 98.78
    }
  }
}