{
  "scan_timestamp": "2025-12-02T20:29:27.986429+00:00",
  "duration_seconds": 1042.36,
  "performance_metrics": {
    "total_processed": 477,
    "valid_configs": 306,
    "duplicates": 0,
    "failed_tests": 171,
    "success_rate": 64.15,
    "avg_latency_ms": 163.66,
    "avg_score": 98.91
  },
  "protocol_summary": {
    "vmess": {
      "count": 64,
      "avg_lat": 262.09375,
      "avg_score": 98.25270833333333
    },
    "vless": {
      "count": 170,
      "avg_lat": 119.16470588235295,
      "avg_score": 99.20556862745099
    },
    "ss": {
      "count": 0,
      "avg_lat": 0.0,
      "avg_score": 0.0
    },
    "trojan": {
      "count": 72,
      "avg_lat": 181.20833333333334,
      "avg_score": 98.79194444444444
    }
  }
}