{
  "scan_timestamp": "2025-11-04T15:30:39.999533+00:00",
  "duration_seconds": 1139.41,
  "performance_metrics": {
    "total_processed": 477,
    "valid_configs": 320,
    "duplicates": 0,
    "failed_tests": 157,
    "success_rate": 67.09,
    "avg_latency_ms": 165.05,
    "avg_score": 98.9
  },
  "protocol_summary": {
    "vmess": {
      "count": 43,
      "avg_lat": 105.04651162790698,
      "avg_score": 99.29968992248061
    },
    "vless": {
      "count": 265,
      "avg_lat": 168.19622641509434,
      "avg_score": 98.87869182389937
    },
    "ss": {
      "count": 1,
      "avg_lat": 151.0,
      "avg_score": 98.99333333333334
    },
    "trojan": {
      "count": 11,
      "avg_lat": 325.1818181818182,
      "avg_score": 97.83212121212122
    }
  }
}