{
  "scan_timestamp": "2025-11-08T11:26:37.267614+00:00",
  "duration_seconds": 1131.1,
  "performance_metrics": {
    "total_processed": 474,
    "valid_configs": 336,
    "duplicates": 0,
    "failed_tests": 138,
    "success_rate": 70.89,
    "avg_latency_ms": 155.81,
    "avg_score": 98.96
  },
  "protocol_summary": {
    "vmess": {
      "count": 60,
      "avg_lat": 168.48333333333332,
      "avg_score": 98.87677777777778
    },
    "vless": {
      "count": 257,
      "avg_lat": 149.4591439688716,
      "avg_score": 99.00360570687418
    },
    "ss": {
      "count": 1,
      "avg_lat": 182.0,
      "avg_score": 98.78666666666666
    },
    "trojan": {
      "count": 18,
      "avg_lat": 202.83333333333334,
      "avg_score": 98.64777777777778
    }
  }
}