{
  "scan_timestamp": "2025-11-15T07:27:43.199897+00:00",
  "duration_seconds": 1131.03,
  "performance_metrics": {
    "total_processed": 474,
    "valid_configs": 344,
    "duplicates": 0,
    "failed_tests": 130,
    "success_rate": 72.57,
    "avg_latency_ms": 154.44,
    "avg_score": 98.97
  },
  "protocol_summary": {
    "vmess": {
      "count": 40,
      "avg_lat": 256.65,
      "avg_score": 98.289
    },
    "vless": {
      "count": 242,
      "avg_lat": 130.67768595041323,
      "avg_score": 99.12881542699724
    },
    "ss": {
      "count": 1,
      "avg_lat": 164.0,
      "avg_score": 98.90666666666667
    },
    "trojan": {
      "count": 61,
      "avg_lat": 181.54098360655738,
      "avg_score": 98.78972677595628
    }
  }
}