{
  "scan_timestamp": "2025-11-21T13:34:37.675787+00:00",
  "duration_seconds": 777.68,
  "performance_metrics": {
    "total_processed": 387,
    "valid_configs": 209,
    "duplicates": 0,
    "failed_tests": 178,
    "success_rate": 54.01,
    "avg_latency_ms": 114.94,
    "avg_score": 99.23
  },
  "protocol_summary": {
    "vmess": {
      "count": 33,
      "avg_lat": 146.72727272727272,
      "avg_score": 99.02181818181818
    },
    "vless": {
      "count": 99,
      "avg_lat": 80.8080808080808,
      "avg_score": 99.46127946127946
    },
    "ss": {
      "count": 1,
      "avg_lat": 138.0,
      "avg_score": 99.08
    },
    "trojan": {
      "count": 76,
      "avg_lat": 145.30263157894737,
      "avg_score": 99.03131578947368
    }
  }
}