{
  "scan_timestamp": "2025-10-28T12:33:12.493637+00:00",
  "duration_seconds": 857.43,
  "performance_metrics": {
    "total_processed": 398,
    "valid_configs": 228,
    "duplicates": 0,
    "failed_tests": 170,
    "success_rate": 57.29,
    "avg_latency_ms": 175.45,
    "avg_score": 98.83
  },
  "protocol_summary": {
    "vmess": {
      "count": 68,
      "avg_lat": 310.63235294117646,
      "avg_score": 97.92911764705883
    },
    "vless": {
      "count": 120,
      "avg_lat": 72.325,
      "avg_score": 99.51783333333333
    },
    "ss": {
      "count": 1,
      "avg_lat": 144.0,
      "avg_score": 99.04
    },
    "trojan": {
      "count": 39,
      "avg_lat": 257.87179487179486,
      "avg_score": 98.2808547008547
    }
  }
}