{
  "scan_timestamp": "2025-11-27T08:32:29.642787+00:00",
  "duration_seconds": 1014.97,
  "performance_metrics": {
    "total_processed": 471,
    "valid_configs": 296,
    "duplicates": 0,
    "failed_tests": 175,
    "success_rate": 62.85,
    "avg_latency_ms": 195.88,
    "avg_score": 98.69
  },
  "protocol_summary": {
    "vmess": {
      "count": 45,
      "avg_lat": 209.48888888888888,
      "avg_score": 98.60340740740742
    },
    "vless": {
      "count": 182,
      "avg_lat": 201.91758241758242,
      "avg_score": 98.65388278388279
    },
    "ss": {
      "count": 0,
      "avg_lat": 0.0,
      "avg_score": 0.0
    },
    "trojan": {
      "count": 69,
      "avg_lat": 171.05797101449275,
      "avg_score": 98.85961352657004
    }
  }
}