{
  "scan_timestamp": "2025-12-03T22:27:43.451741+00:00",
  "duration_seconds": 989.6,
  "performance_metrics": {
    "total_processed": 474,
    "valid_configs": 270,
    "duplicates": 0,
    "failed_tests": 204,
    "success_rate": 56.96,
    "avg_latency_ms": 171.04,
    "avg_score": 98.86
  },
  "protocol_summary": {
    "vmess": {
      "count": 81,
      "avg_lat": 267.17283950617286,
      "avg_score": 98.2188477366255
    },
    "vless": {
      "count": 149,
      "avg_lat": 98.73154362416108,
      "avg_score": 99.34178970917226
    },
    "ss": {
      "count": 0,
      "avg_lat": 0.0,
      "avg_score": 0.0
    },
    "trojan": {
      "count": 40,
      "avg_lat": 245.7,
      "avg_score": 98.362
    }
  }
}