{
  "scan_timestamp": "2025-11-10T23:28:04.084771+00:00",
  "duration_seconds": 1098.6,
  "performance_metrics": {
    "total_processed": 476,
    "valid_configs": 315,
    "duplicates": 0,
    "failed_tests": 161,
    "success_rate": 66.18,
    "avg_latency_ms": 154.87,
    "avg_score": 98.97
  },
  "protocol_summary": {
    "vmess": {
      "count": 50,
      "avg_lat": 247.74,
      "avg_score": 98.3484
    },
    "vless": {
      "count": 237,
      "avg_lat": 135.81012658227849,
      "avg_score": 99.09459915611814
    },
    "ss": {
      "count": 1,
      "avg_lat": 148.0,
      "avg_score": 99.01333333333334
    },
    "trojan": {
      "count": 27,
      "avg_lat": 150.4814814814815,
      "avg_score": 98.99679012345679
    }
  }
}