{
  "scan_timestamp": "2025-11-20T09:26:58.036045+00:00",
  "duration_seconds": 939.46,
  "performance_metrics": {
    "total_processed": 416,
    "valid_configs": 274,
    "duplicates": 0,
    "failed_tests": 142,
    "success_rate": 65.87,
    "avg_latency_ms": 115.91,
    "avg_score": 99.23
  },
  "protocol_summary": {
    "vmess": {
      "count": 48,
      "avg_lat": 121.47916666666667,
      "avg_score": 99.19013888888888
    },
    "vless": {
      "count": 134,
      "avg_lat": 83.6268656716418,
      "avg_score": 99.44248756218906
    },
    "ss": {
      "count": 1,
      "avg_lat": 127.0,
      "avg_score": 99.15333333333334
    },
    "trojan": {
      "count": 91,
      "avg_lat": 160.3956043956044,
      "avg_score": 98.93069597069596
    }
  }
}