{
  "scan_timestamp": "2025-11-21T20:24:59.162614+00:00",
  "duration_seconds": 840.97,
  "performance_metrics": {
    "total_processed": 396,
    "valid_configs": 238,
    "duplicates": 0,
    "failed_tests": 158,
    "success_rate": 60.1,
    "avg_latency_ms": 112.74,
    "avg_score": 99.25
  },
  "protocol_summary": {
    "vmess": {
      "count": 42,
      "avg_lat": 70.71428571428571,
      "avg_score": 99.52857142857142
    },
    "vless": {
      "count": 117,
      "avg_lat": 89.88034188034187,
      "avg_score": 99.40079772079773
    },
    "ss": {
      "count": 0,
      "avg_lat": 0.0,
      "avg_score": 0.0
    },
    "trojan": {
      "count": 79,
      "avg_lat": 168.9493670886076,
      "avg_score": 98.87367088607594
    }
  }
}