{
  "scan_timestamp": "2025-11-16T04:35:06.106183+00:00",
  "duration_seconds": 1099.48,
  "performance_metrics": {
    "total_processed": 476,
    "valid_configs": 329,
    "duplicates": 0,
    "failed_tests": 147,
    "success_rate": 69.12,
    "avg_latency_ms": 105.03,
    "avg_score": 99.3
  },
  "protocol_summary": {
    "vmess": {
      "count": 66,
      "avg_lat": 96.34848484848484,
      "avg_score": 99.35767676767676
    },
    "vless": {
      "count": 213,
      "avg_lat": 94.85446009389672,
      "avg_score": 99.36763693270736
    },
    "ss": {
      "count": 1,
      "avg_lat": 137.0,
      "avg_score": 99.08666666666667
    },
    "trojan": {
      "count": 49,
      "avg_lat": 160.3265306122449,
      "avg_score": 98.93115646258504
    }
  }
}