{
  "scan_timestamp": "2025-11-19T05:27:05.164863+00:00",
  "duration_seconds": 966.02,
  "performance_metrics": {
    "total_processed": 426,
    "valid_configs": 263,
    "duplicates": 0,
    "failed_tests": 163,
    "success_rate": 61.74,
    "avg_latency_ms": 135.46,
    "avg_score": 99.1
  },
  "protocol_summary": {
    "vmess": {
      "count": 33,
      "avg_lat": 198.3030303030303,
      "avg_score": 98.6779797979798
    },
    "vless": {
      "count": 174,
      "avg_lat": 104.84482758620689,
      "avg_score": 99.30103448275862
    },
    "ss": {
      "count": 1,
      "avg_lat": 195.0,
      "avg_score": 98.7
    },
    "trojan": {
      "count": 55,
      "avg_lat": 193.5090909090909,
      "avg_score": 98.70993939393938
    }
  }
}