{
  "scan_timestamp": "2025-11-13T18:33:38.844990+00:00",
  "duration_seconds": 1131.45,
  "performance_metrics": {
    "total_processed": 481,
    "valid_configs": 333,
    "duplicates": 0,
    "failed_tests": 148,
    "success_rate": 69.23,
    "avg_latency_ms": 162.53,
    "avg_score": 98.92
  },
  "protocol_summary": {
    "vmess": {
      "count": 40,
      "avg_lat": 186.2,
      "avg_score": 98.75866666666667
    },
    "vless": {
      "count": 250,
      "avg_lat": 154.868,
      "avg_score": 98.96754666666666
    },
    "ss": {
      "count": 1,
      "avg_lat": 175.0,
      "avg_score": 98.83333333333333
    },
    "trojan": {
      "count": 42,
      "avg_lat": 185.33333333333334,
      "avg_score": 98.76444444444444
    }
  }
}