{
  "scan_timestamp": "2025-11-14T23:28:35.784142+00:00",
  "duration_seconds": 1148.42,
  "performance_metrics": {
    "total_processed": 479,
    "valid_configs": 347,
    "duplicates": 0,
    "failed_tests": 132,
    "success_rate": 72.44,
    "avg_latency_ms": 150.11,
    "avg_score": 99.0
  },
  "protocol_summary": {
    "vmess": {
      "count": 37,
      "avg_lat": 149.64864864864865,
      "avg_score": 99.00234234234235
    },
    "vless": {
      "count": 250,
      "avg_lat": 149.312,
      "avg_score": 99.00458666666667
    },
    "ss": {
      "count": 1,
      "avg_lat": 182.0,
      "avg_score": 98.78666666666666
    },
    "trojan": {
      "count": 59,
      "avg_lat": 153.23728813559322,
      "avg_score": 98.97841807909604
    }
  }
}