{
  "scan_timestamp": "2025-11-24T14:27:32.533975+00:00",
  "duration_seconds": 986.02,
  "performance_metrics": {
    "total_processed": 470,
    "valid_configs": 276,
    "duplicates": 0,
    "failed_tests": 194,
    "success_rate": 58.72,
    "avg_latency_ms": 172.27,
    "avg_score": 98.85
  },
  "protocol_summary": {
    "vmess": {
      "count": 46,
      "avg_lat": 273.95652173913044,
      "avg_score": 98.1736231884058
    },
    "vless": {
      "count": 108,
      "avg_lat": 128.12962962962962,
      "avg_score": 99.1458024691358
    },
    "ss": {
      "count": 0,
      "avg_lat": 0.0,
      "avg_score": 0.0
    },
    "trojan": {
      "count": 122,
      "avg_lat": 173.00819672131146,
      "avg_score": 98.84661202185792
    }
  }
}