{
  "scan_timestamp": "2025-11-21T03:51:00.261127+00:00",
  "duration_seconds": 794.36,
  "performance_metrics": {
    "total_processed": 404,
    "valid_configs": 223,
    "duplicates": 0,
    "failed_tests": 181,
    "success_rate": 55.2,
    "avg_latency_ms": 128.74,
    "avg_score": 99.14
  },
  "protocol_summary": {
    "vmess": {
      "count": 31,
      "avg_lat": 73.06451612903226,
      "avg_score": 99.51290322580645
    },
    "vless": {
      "count": 109,
      "avg_lat": 134.6880733944954,
      "avg_score": 99.10207951070336
    },
    "ss": {
      "count": 1,
      "avg_lat": 174.0,
      "avg_score": 98.84
    },
    "trojan": {
      "count": 82,
      "avg_lat": 141.34146341463415,
      "avg_score": 99.05772357723578
    }
  }
}