{
  "scan_timestamp": "2025-11-29T10:24:33.587228+00:00",
  "duration_seconds": 878.08,
  "performance_metrics": {
    "total_processed": 465,
    "valid_configs": 212,
    "duplicates": 0,
    "failed_tests": 253,
    "success_rate": 45.59,
    "avg_latency_ms": 144.42,
    "avg_score": 99.04
  },
  "protocol_summary": {
    "vmess": {
      "count": 41,
      "avg_lat": 104.36585365853658,
      "avg_score": 99.30422764227643
    },
    "vless": {
      "count": 86,
      "avg_lat": 107.22093023255815,
      "avg_score": 99.28519379844961
    },
    "ss": {
      "count": 0,
      "avg_lat": 0.0,
      "avg_score": 0.0
    },
    "trojan": {
      "count": 85,
      "avg_lat": 201.3764705882353,
      "avg_score": 98.65749019607844
    }
  }
}