{
  "scan_timestamp": "2025-11-12T22:29:51.297311+00:00",
  "duration_seconds": 1183.21,
  "performance_metrics": {
    "total_processed": 481,
    "valid_configs": 365,
    "duplicates": 0,
    "failed_tests": 116,
    "success_rate": 75.88,
    "avg_latency_ms": 130.81,
    "avg_score": 99.13
  },
  "protocol_summary": {
    "vmess": {
      "count": 36,
      "avg_lat": 150.88888888888889,
      "avg_score": 98.99407407407408
    },
    "vless": {
      "count": 281,
      "avg_lat": 123.1032028469751,
      "avg_score": 99.17931198102016
    },
    "ss": {
      "count": 1,
      "avg_lat": 138.0,
      "avg_score": 99.08
    },
    "trojan": {
      "count": 47,
      "avg_lat": 161.31914893617022,
      "avg_score": 98.92453900709219
    }
  }
}