{
  "scan_timestamp": "2025-11-07T11:27:03.471057+00:00",
  "duration_seconds": 1098.04,
  "performance_metrics": {
    "total_processed": 473,
    "valid_configs": 311,
    "duplicates": 0,
    "failed_tests": 162,
    "success_rate": 65.75,
    "avg_latency_ms": 183.1,
    "avg_score": 98.78
  },
  "protocol_summary": {
    "vmess": {
      "count": 49,
      "avg_lat": 229.12244897959184,
      "avg_score": 98.47251700680273
    },
    "vless": {
      "count": 254,
      "avg_lat": 176.09448818897638,
      "avg_score": 98.82603674540682
    },
    "ss": {
      "count": 1,
      "avg_lat": 181.0,
      "avg_score": 98.79333333333334
    },
    "trojan": {
      "count": 7,
      "avg_lat": 115.57142857142857,
      "avg_score": 99.22952380952381
    }
  }
}