{
  "scan_timestamp": "2025-11-05T01:06:53.995891+00:00",
  "duration_seconds": 1139.5,
  "performance_metrics": {
    "total_processed": 477,
    "valid_configs": 340,
    "duplicates": 0,
    "failed_tests": 137,
    "success_rate": 71.28,
    "avg_latency_ms": 154.12,
    "avg_score": 98.97
  },
  "protocol_summary": {
    "vmess": {
      "count": 55,
      "avg_lat": 154.92727272727274,
      "avg_score": 98.96715151515151
    },
    "vless": {
      "count": 275,
      "avg_lat": 154.28363636363636,
      "avg_score": 98.97144242424243
    },
    "ss": {
      "count": 0,
      "avg_lat": 0.0,
      "avg_score": 0.0
    },
    "trojan": {
      "count": 10,
      "avg_lat": 145.1,
      "avg_score": 99.03266666666667
    }
  }
}