{
  "scan_timestamp": "2025-12-03T23:24:50.513939+00:00",
  "duration_seconds": 981.68,
  "performance_metrics": {
    "total_processed": 474,
    "valid_configs": 270,
    "duplicates": 0,
    "failed_tests": 204,
    "success_rate": 56.96,
    "avg_latency_ms": 174.47,
    "avg_score": 98.84
  },
  "protocol_summary": {
    "vmess": {
      "count": 81,
      "avg_lat": 214.76543209876544,
      "avg_score": 98.5682304526749
    },
    "vless": {
      "count": 150,
      "avg_lat": 137.95333333333335,
      "avg_score": 99.08031111111111
    },
    "ss": {
      "count": 0,
      "avg_lat": 0.0,
      "avg_score": 0.0
    },
    "trojan": {
      "count": 39,
      "avg_lat": 231.2051282051282,
      "avg_score": 98.45863247863248
    }
  }
}