{
  "scan_timestamp": "2025-11-18T10:28:25.585932+00:00",
  "duration_seconds": 934.42,
  "performance_metrics": {
    "total_processed": 462,
    "valid_configs": 276,
    "duplicates": 0,
    "failed_tests": 186,
    "success_rate": 59.74,
    "avg_latency_ms": 158.92,
    "avg_score": 98.94
  },
  "protocol_summary": {
    "vmess": {
      "count": 47,
      "avg_lat": 233.3404255319149,
      "avg_score": 98.44439716312056
    },
    "vless": {
      "count": 152,
      "avg_lat": 131.01315789473685,
      "avg_score": 99.12657894736842
    },
    "ss": {
      "count": 1,
      "avg_lat": 197.0,
      "avg_score": 98.68666666666667
    },
    "trojan": {
      "count": 76,
      "avg_lat": 168.22368421052633,
      "avg_score": 98.87850877192982
    }
  }
}