{
  "scan_timestamp": "2025-12-01T15:29:28.054272+00:00",
  "duration_seconds": 1072.19,
  "performance_metrics": {
    "total_processed": 479,
    "valid_configs": 320,
    "duplicates": 0,
    "failed_tests": 159,
    "success_rate": 66.81,
    "avg_latency_ms": 197.95,
    "avg_score": 98.68
  },
  "protocol_summary": {
    "vmess": {
      "count": 81,
      "avg_lat": 338.0,
      "avg_score": 97.74666666666666
    },
    "vless": {
      "count": 180,
      "avg_lat": 140.57777777777778,
      "avg_score": 99.06281481481481
    },
    "ss": {
      "count": 0,
      "avg_lat": 0.0,
      "avg_score": 0.0
    },
    "trojan": {
      "count": 59,
      "avg_lat": 180.72881355932202,
      "avg_score": 98.79514124293785
    }
  }
}