{
  "scan_timestamp": "2025-11-24T09:30:46.608775+00:00",
  "duration_seconds": 988.61,
  "performance_metrics": {
    "total_processed": 470,
    "valid_configs": 287,
    "duplicates": 0,
    "failed_tests": 183,
    "success_rate": 61.06,
    "avg_latency_ms": 120.2,
    "avg_score": 99.2
  },
  "protocol_summary": {
    "vmess": {
      "count": 51,
      "avg_lat": 192.33333333333334,
      "avg_score": 98.71777777777777
    },
    "vless": {
      "count": 110,
      "avg_lat": 80.85454545454546,
      "avg_score": 99.4609696969697
    },
    "ss": {
      "count": 0,
      "avg_lat": 0.0,
      "avg_score": 0.0
    },
    "trojan": {
      "count": 126,
      "avg_lat": 125.34920634920636,
      "avg_score": 99.16433862433863
    }
  }
}