{
  "scan_timestamp": "2025-11-04T23:28:29.335642+00:00",
  "duration_seconds": 1136.46,
  "performance_metrics": {
    "total_processed": 477,
    "valid_configs": 340,
    "duplicates": 0,
    "failed_tests": 137,
    "success_rate": 71.28,
    "avg_latency_ms": 121.86,
    "avg_score": 99.19
  },
  "protocol_summary": {
    "vmess": {
      "count": 55,
      "avg_lat": 138.25454545454545,
      "avg_score": 99.07830303030302
    },
    "vless": {
      "count": 275,
      "avg_lat": 117.35636363636364,
      "avg_score": 99.21762424242424
    },
    "ss": {
      "count": 0,
      "avg_lat": 0.0,
      "avg_score": 0.0
    },
    "trojan": {
      "count": 10,
      "avg_lat": 155.5,
      "avg_score": 98.96333333333334
    }
  }
}