{
  "scan_timestamp": "2025-11-23T14:23:44.069286+00:00",
  "duration_seconds": 922.44,
  "performance_metrics": {
    "total_processed": 467,
    "valid_configs": 267,
    "duplicates": 0,
    "failed_tests": 200,
    "success_rate": 57.17,
    "avg_latency_ms": 126.41,
    "avg_score": 99.16
  },
  "protocol_summary": {
    "vmess": {
      "count": 40,
      "avg_lat": 102.65,
      "avg_score": 99.31566666666666
    },
    "vless": {
      "count": 117,
      "avg_lat": 95.11111111111111,
      "avg_score": 99.36592592592592
    },
    "ss": {
      "count": 0,
      "avg_lat": 0.0,
      "avg_score": 0.0
    },
    "trojan": {
      "count": 110,
      "avg_lat": 168.33636363636364,
      "avg_score": 98.87775757575757
    }
  }
}