{
  "scan_timestamp": "2025-11-24T07:26:36.187099+00:00",
  "duration_seconds": 909.69,
  "performance_metrics": {
    "total_processed": 434,
    "valid_configs": 266,
    "duplicates": 0,
    "failed_tests": 168,
    "success_rate": 61.29,
    "avg_latency_ms": 133.91,
    "avg_score": 99.11
  },
  "protocol_summary": {
    "vmess": {
      "count": 47,
      "avg_lat": 228.19148936170214,
      "avg_score": 98.47872340425532
    },
    "vless": {
      "count": 111,
      "avg_lat": 87.3963963963964,
      "avg_score": 99.41735735735735
    },
    "ss": {
      "count": 0,
      "avg_lat": 0.0,
      "avg_score": 0.0
    },
    "trojan": {
      "count": 108,
      "avg_lat": 140.67592592592592,
      "avg_score": 99.06216049382716
    }
  }
}