{
  "scan_timestamp": "2025-11-24T11:26:13.894652+00:00",
  "duration_seconds": 1005.51,
  "performance_metrics": {
    "total_processed": 470,
    "valid_configs": 288,
    "duplicates": 0,
    "failed_tests": 182,
    "success_rate": 61.28,
    "avg_latency_ms": 176.58,
    "avg_score": 98.82
  },
  "protocol_summary": {
    "vmess": {
      "count": 47,
      "avg_lat": 251.0,
      "avg_score": 98.32666666666667
    },
    "vless": {
      "count": 112,
      "avg_lat": 167.11607142857142,
      "avg_score": 98.88589285714285
    },
    "ss": {
      "count": 0,
      "avg_lat": 0.0,
      "avg_score": 0.0
    },
    "trojan": {
      "count": 129,
      "avg_lat": 157.67441860465115,
      "avg_score": 98.94883720930233
    }
  }
}