{
  "scan_timestamp": "2025-11-12T09:30:54.378952+00:00",
  "duration_seconds": 1104.23,
  "performance_metrics": {
    "total_processed": 478,
    "valid_configs": 318,
    "duplicates": 0,
    "failed_tests": 160,
    "success_rate": 66.53,
    "avg_latency_ms": 146.31,
    "avg_score": 99.02
  },
  "protocol_summary": {
    "vmess": {
      "count": 36,
      "avg_lat": 212.44444444444446,
      "avg_score": 98.5837037037037
    },
    "vless": {
      "count": 248,
      "avg_lat": 133.43548387096774,
      "avg_score": 99.11043010752688
    },
    "ss": {
      "count": 1,
      "avg_lat": 135.0,
      "avg_score": 99.1
    },
    "trojan": {
      "count": 33,
      "avg_lat": 171.24242424242425,
      "avg_score": 98.85838383838384
    }
  }
}