{
  "scan_timestamp": "2025-11-03T02:42:49.186100+00:00",
  "duration_seconds": 807.88,
  "performance_metrics": {
    "total_processed": 387,
    "valid_configs": 196,
    "duplicates": 0,
    "failed_tests": 191,
    "success_rate": 50.65,
    "avg_latency_ms": 149.87,
    "avg_score": 99.0
  },
  "protocol_summary": {
    "vmess": {
      "count": 67,
      "avg_lat": 217.26865671641792,
      "avg_score": 98.55154228855721
    },
    "vless": {
      "count": 108,
      "avg_lat": 105.83333333333333,
      "avg_score": 99.29444444444444
    },
    "ss": {
      "count": 1,
      "avg_lat": 147.0,
      "avg_score": 99.02
    },
    "trojan": {
      "count": 20,
      "avg_lat": 162.05,
      "avg_score": 98.91966666666667
    }
  }
}