{
  "scan_timestamp": "2025-11-10T14:28:56.129219+00:00",
  "duration_seconds": 1118.39,
  "performance_metrics": {
    "total_processed": 476,
    "valid_configs": 314,
    "duplicates": 0,
    "failed_tests": 162,
    "success_rate": 65.97,
    "avg_latency_ms": 114.11,
    "avg_score": 99.24
  },
  "protocol_summary": {
    "vmess": {
      "count": 57,
      "avg_lat": 159.73684210526315,
      "avg_score": 98.93508771929825
    },
    "vless": {
      "count": 242,
      "avg_lat": 92.50826446280992,
      "avg_score": 99.3832782369146
    },
    "ss": {
      "count": 1,
      "avg_lat": 128.0,
      "avg_score": 99.14666666666666
    },
    "trojan": {
      "count": 14,
      "avg_lat": 300.7857142857143,
      "avg_score": 97.99476190476192
    }
  }
}