{
  "scan_timestamp": "2025-11-06T18:34:13.732093+00:00",
  "duration_seconds": 1145.42,
  "performance_metrics": {
    "total_processed": 479,
    "valid_configs": 328,
    "duplicates": 0,
    "failed_tests": 151,
    "success_rate": 68.48,
    "avg_latency_ms": 136.38,
    "avg_score": 99.09
  },
  "protocol_summary": {
    "vmess": {
      "count": 51,
      "avg_lat": 128.5686274509804,
      "avg_score": 99.14287581699347
    },
    "vless": {
      "count": 266,
      "avg_lat": 135.66165413533835,
      "avg_score": 99.09558897243107
    },
    "ss": {
      "count": 1,
      "avg_lat": 127.0,
      "avg_score": 99.15333333333334
    },
    "trojan": {
      "count": 10,
      "avg_lat": 196.2,
      "avg_score": 98.692
    }
  }
}