{
  "scan_timestamp": "2025-11-26T07:25:56.181255+00:00",
  "duration_seconds": 889.29,
  "performance_metrics": {
    "total_processed": 432,
    "valid_configs": 251,
    "duplicates": 0,
    "failed_tests": 181,
    "success_rate": 58.1,
    "avg_latency_ms": 134.12,
    "avg_score": 99.11
  },
  "protocol_summary": {
    "vmess": {
      "count": 72,
      "avg_lat": 109.59722222222223,
      "avg_score": 99.26935185185185
    },
    "vless": {
      "count": 102,
      "avg_lat": 140.00980392156862,
      "avg_score": 99.06660130718954
    },
    "ss": {
      "count": 0,
      "avg_lat": 0.0,
      "avg_score": 0.0
    },
    "trojan": {
      "count": 77,
      "avg_lat": 149.23376623376623,
      "avg_score": 99.00510822510823
    }
  }
}