{
  "scan_timestamp": "2025-11-27T05:24:09.812783+00:00",
  "duration_seconds": 774.64,
  "performance_metrics": {
    "total_processed": 391,
    "valid_configs": 214,
    "duplicates": 0,
    "failed_tests": 177,
    "success_rate": 54.73,
    "avg_latency_ms": 130.75,
    "avg_score": 99.13
  },
  "protocol_summary": {
    "vmess": {
      "count": 47,
      "avg_lat": 148.63829787234042,
      "avg_score": 99.00907801418438
    },
    "vless": {
      "count": 102,
      "avg_lat": 111.56862745098039,
      "avg_score": 99.2562091503268
    },
    "ss": {
      "count": 0,
      "avg_lat": 0.0,
      "avg_score": 0.0
    },
    "trojan": {
      "count": 65,
      "avg_lat": 147.90769230769232,
      "avg_score": 99.01394871794872
    }
  }
}