{
  "scan_timestamp": "2025-11-23T06:27:41.764244+00:00",
  "duration_seconds": 796.06,
  "performance_metrics": {
    "total_processed": 386,
    "valid_configs": 235,
    "duplicates": 0,
    "failed_tests": 151,
    "success_rate": 60.88,
    "avg_latency_ms": 137.74,
    "avg_score": 99.08
  },
  "protocol_summary": {
    "vmess": {
      "count": 39,
      "avg_lat": 139.6153846153846,
      "avg_score": 99.06923076923077
    },
    "vless": {
      "count": 90,
      "avg_lat": 90.82222222222222,
      "avg_score": 99.39451851851851
    },
    "ss": {
      "count": 0,
      "avg_lat": 0.0,
      "avg_score": 0.0
    },
    "trojan": {
      "count": 106,
      "avg_lat": 176.89622641509433,
      "avg_score": 98.82069182389938
    }
  }
}