{
  "scan_timestamp": "2025-12-04T07:29:34.517448+00:00",
  "duration_seconds": 998.85,
  "performance_metrics": {
    "total_processed": 475,
    "valid_configs": 273,
    "duplicates": 0,
    "failed_tests": 202,
    "success_rate": 57.47,
    "avg_latency_ms": 184.76,
    "avg_score": 98.77
  },
  "protocol_summary": {
    "vmess": {
      "count": 74,
      "avg_lat": 303.56756756756755,
      "avg_score": 97.97621621621622
    },
    "vless": {
      "count": 149,
      "avg_lat": 110.70469798657719,
      "avg_score": 99.26196868008948
    },
    "ss": {
      "count": 0,
      "avg_lat": 0.0,
      "avg_score": 0.0
    },
    "trojan": {
      "count": 50,
      "avg_lat": 229.62,
      "avg_score": 98.4692
    }
  }
}