{
  "scan_timestamp": "2025-11-23T18:28:27.276761+00:00",
  "duration_seconds": 907.52,
  "performance_metrics": {
    "total_processed": 465,
    "valid_configs": 264,
    "duplicates": 0,
    "failed_tests": 201,
    "success_rate": 56.77,
    "avg_latency_ms": 132.46,
    "avg_score": 99.12
  },
  "protocol_summary": {
    "vmess": {
      "count": 39,
      "avg_lat": 136.92307692307693,
      "avg_score": 99.08717948717948
    },
    "vless": {
      "count": 122,
      "avg_lat": 92.51639344262296,
      "avg_score": 99.38322404371586
    },
    "ss": {
      "count": 0,
      "avg_lat": 0.0,
      "avg_score": 0.0
    },
    "trojan": {
      "count": 103,
      "avg_lat": 178.07766990291262,
      "avg_score": 98.81281553398058
    }
  }
}