{
  "scan_timestamp": "2025-11-10T11:27:48.342892+00:00",
  "duration_seconds": 1105.91,
  "performance_metrics": {
    "total_processed": 470,
    "valid_configs": 312,
    "duplicates": 0,
    "failed_tests": 158,
    "success_rate": 66.38,
    "avg_latency_ms": 152.99,
    "avg_score": 98.98
  },
  "protocol_summary": {
    "vmess": {
      "count": 57,
      "avg_lat": 154.66666666666666,
      "avg_score": 98.96888888888888
    },
    "vless": {
      "count": 240,
      "avg_lat": 149.725,
      "avg_score": 99.00183333333332
    },
    "ss": {
      "count": 1,
      "avg_lat": 144.0,
      "avg_score": 99.04
    },
    "trojan": {
      "count": 14,
      "avg_lat": 202.85714285714286,
      "avg_score": 98.64761904761905
    }
  }
}