{
  "scan_timestamp": "2025-11-11T01:04:44.092533+00:00",
  "duration_seconds": 1030.86,
  "performance_metrics": {
    "total_processed": 443,
    "valid_configs": 293,
    "duplicates": 0,
    "failed_tests": 150,
    "success_rate": 66.14,
    "avg_latency_ms": 120.74,
    "avg_score": 99.2
  },
  "protocol_summary": {
    "vmess": {
      "count": 49,
      "avg_lat": 194.69387755102042,
      "avg_score": 98.70204081632653
    },
    "vless": {
      "count": 211,
      "avg_lat": 99.77725118483413,
      "avg_score": 99.33481832543444
    },
    "ss": {
      "count": 1,
      "avg_lat": 127.0,
      "avg_score": 99.15333333333334
    },
    "trojan": {
      "count": 32,
      "avg_lat": 145.53125,
      "avg_score": 99.02979166666667
    }
  }
}