{
  "scan_timestamp": "2025-12-03T17:30:40.932604+00:00",
  "duration_seconds": 977.44,
  "performance_metrics": {
    "total_processed": 478,
    "valid_configs": 269,
    "duplicates": 0,
    "failed_tests": 209,
    "success_rate": 56.28,
    "avg_latency_ms": 200.57,
    "avg_score": 98.66
  },
  "protocol_summary": {
    "vmess": {
      "count": 84,
      "avg_lat": 330.35714285714283,
      "avg_score": 97.79761904761905
    },
    "vless": {
      "count": 151,
      "avg_lat": 114.67549668874172,
      "avg_score": 99.23549668874172
    },
    "ss": {
      "count": 0,
      "avg_lat": 0.0,
      "avg_score": 0.0
    },
    "trojan": {
      "count": 34,
      "avg_lat": 261.3529411764706,
      "avg_score": 98.25764705882354
    }
  }
}