{
  "scan_timestamp": "2025-11-06T11:28:31.308575+00:00",
  "duration_seconds": 1157.16,
  "performance_metrics": {
    "total_processed": 479,
    "valid_configs": 346,
    "duplicates": 0,
    "failed_tests": 133,
    "success_rate": 72.23,
    "avg_latency_ms": 164.81,
    "avg_score": 98.9
  },
  "protocol_summary": {
    "vmess": {
      "count": 77,
      "avg_lat": 134.64935064935065,
      "avg_score": 99.10233766233766
    },
    "vless": {
      "count": 263,
      "avg_lat": 173.61596958174906,
      "avg_score": 98.84256020278835
    },
    "ss": {
      "count": 0,
      "avg_lat": 0.0,
      "avg_score": 0.0
    },
    "trojan": {
      "count": 6,
      "avg_lat": 165.66666666666666,
      "avg_score": 98.89555555555556
    }
  }
}