{
  "scan_timestamp": "2025-12-06T03:54:25.598531+00:00",
  "duration_seconds": 1044.54,
  "performance_metrics": {
    "total_processed": 479,
    "valid_configs": 277,
    "duplicates": 0,
    "failed_tests": 202,
    "success_rate": 57.83,
    "avg_latency_ms": 156.73,
    "avg_score": 98.96
  },
  "protocol_summary": {
    "vmess": {
      "count": 96,
      "avg_lat": 153.32291666666666,
      "avg_score": 98.97784722222222
    },
    "vless": {
      "count": 126,
      "avg_lat": 125.4047619047619,
      "avg_score": 99.16396825396825
    },
    "ss": {
      "count": 0,
      "avg_lat": 0.0,
      "avg_score": 0.0
    },
    "trojan": {
      "count": 55,
      "avg_lat": 234.43636363636364,
      "avg_score": 98.43709090909091
    }
  }
}