{
  "scan_timestamp": "2025-11-15T10:28:12.617126+00:00",
  "duration_seconds": 1134.36,
  "performance_metrics": {
    "total_processed": 474,
    "valid_configs": 337,
    "duplicates": 0,
    "failed_tests": 137,
    "success_rate": 71.1,
    "avg_latency_ms": 149.77,
    "avg_score": 99.0
  },
  "protocol_summary": {
    "vmess": {
      "count": 34,
      "avg_lat": 225.5,
      "avg_score": 98.49666666666667
    },
    "vless": {
      "count": 244,
      "avg_lat": 137.70901639344262,
      "avg_score": 99.08193989071037
    },
    "ss": {
      "count": 1,
      "avg_lat": 169.0,
      "avg_score": 98.87333333333333
    },
    "trojan": {
      "count": 58,
      "avg_lat": 155.81034482758622,
      "avg_score": 98.96126436781609
    }
  }
}