{
  "scan_timestamp": "2025-11-24T06:32:14.627451+00:00",
  "duration_seconds": 912.88,
  "performance_metrics": {
    "total_processed": 434,
    "valid_configs": 267,
    "duplicates": 0,
    "failed_tests": 167,
    "success_rate": 61.52,
    "avg_latency_ms": 152.46,
    "avg_score": 98.98
  },
  "protocol_summary": {
    "vmess": {
      "count": 47,
      "avg_lat": 187.5744680851064,
      "avg_score": 98.74950354609929
    },
    "vless": {
      "count": 112,
      "avg_lat": 147.94642857142858,
      "avg_score": 99.01369047619048
    },
    "ss": {
      "count": 0,
      "avg_lat": 0.0,
      "avg_score": 0.0
    },
    "trojan": {
      "count": 108,
      "avg_lat": 141.87037037037038,
      "avg_score": 99.05419753086419
    }
  }
}