{
  "scan_timestamp": "2025-11-07T21:25:34.548161+00:00",
  "duration_seconds": 1122.66,
  "performance_metrics": {
    "total_processed": 475,
    "valid_configs": 331,
    "duplicates": 0,
    "failed_tests": 144,
    "success_rate": 69.68,
    "avg_latency_ms": 132.18,
    "avg_score": 99.12
  },
  "protocol_summary": {
    "vmess": {
      "count": 63,
      "avg_lat": 153.5873015873016,
      "avg_score": 98.97608465608467
    },
    "vless": {
      "count": 263,
      "avg_lat": 123.66159695817491,
      "avg_score": 99.17558935361217
    },
    "ss": {
      "count": 0,
      "avg_lat": 0.0,
      "avg_score": 0.0
    },
    "trojan": {
      "count": 5,
      "avg_lat": 310.4,
      "avg_score": 97.93066666666667
    }
  }
}