{
  "scan_timestamp": "2025-11-26T17:22:35.478557+00:00",
  "duration_seconds": 770.61,
  "performance_metrics": {
    "total_processed": 393,
    "valid_configs": 213,
    "duplicates": 0,
    "failed_tests": 180,
    "success_rate": 54.2,
    "avg_latency_ms": 152.58,
    "avg_score": 98.98
  },
  "protocol_summary": {
    "vmess": {
      "count": 51,
      "avg_lat": 158.9607843137255,
      "avg_score": 98.94026143790849
    },
    "vless": {
      "count": 100,
      "avg_lat": 147.79,
      "avg_score": 99.01473333333334
    },
    "ss": {
      "count": 0,
      "avg_lat": 0.0,
      "avg_score": 0.0
    },
    "trojan": {
      "count": 62,
      "avg_lat": 155.06451612903226,
      "avg_score": 98.96623655913979
    }
  }
}