{
  "scan_timestamp": "2025-11-07T10:29:51.848497+00:00",
  "duration_seconds": 1095.42,
  "performance_metrics": {
    "total_processed": 473,
    "valid_configs": 311,
    "duplicates": 0,
    "failed_tests": 162,
    "success_rate": 65.75,
    "avg_latency_ms": 142.39,
    "avg_score": 99.05
  },
  "protocol_summary": {
    "vmess": {
      "count": 50,
      "avg_lat": 180.58,
      "avg_score": 98.79613333333333
    },
    "vless": {
      "count": 253,
      "avg_lat": 133.53359683794466,
      "avg_score": 99.10977602108038
    },
    "ss": {
      "count": 1,
      "avg_lat": 150.0,
      "avg_score": 99.0
    },
    "trojan": {
      "count": 7,
      "avg_lat": 188.71428571428572,
      "avg_score": 98.74190476190476
    }
  }
}