{
  "scan_timestamp": "2025-11-09T20:28:06.724375+00:00",
  "duration_seconds": 1112.51,
  "performance_metrics": {
    "total_processed": 477,
    "valid_configs": 320,
    "duplicates": 0,
    "failed_tests": 157,
    "success_rate": 67.09,
    "avg_latency_ms": 126.97,
    "avg_score": 99.15
  },
  "protocol_summary": {
    "vmess": {
      "count": 61,
      "avg_lat": 204.81967213114754,
      "avg_score": 98.63453551912569
    },
    "vless": {
      "count": 246,
      "avg_lat": 105.6260162601626,
      "avg_score": 99.29582655826559
    },
    "ss": {
      "count": 1,
      "avg_lat": 123.0,
      "avg_score": 99.18
    },
    "trojan": {
      "count": 12,
      "avg_lat": 169.16666666666666,
      "avg_score": 98.87222222222222
    }
  }
}