{
  "scan_timestamp": "2025-11-29T21:23:56.120043+00:00",
  "duration_seconds": 934.2,
  "performance_metrics": {
    "total_processed": 478,
    "valid_configs": 224,
    "duplicates": 0,
    "failed_tests": 254,
    "success_rate": 46.86,
    "avg_latency_ms": 127.24,
    "avg_score": 99.15
  },
  "protocol_summary": {
    "vmess": {
      "count": 33,
      "avg_lat": 122.0909090909091,
      "avg_score": 99.18606060606061
    },
    "vless": {
      "count": 110,
      "avg_lat": 106.03636363636363,
      "avg_score": 99.2930909090909
    },
    "ss": {
      "count": 0,
      "avg_lat": 0.0,
      "avg_score": 0.0
    },
    "trojan": {
      "count": 81,
      "avg_lat": 158.12345679012347,
      "avg_score": 98.94584362139918
    }
  }
}