{
  "scan_timestamp": "2025-11-10T08:34:08.262932+00:00",
  "duration_seconds": 1099.93,
  "performance_metrics": {
    "total_processed": 473,
    "valid_configs": 312,
    "duplicates": 0,
    "failed_tests": 161,
    "success_rate": 65.96,
    "avg_latency_ms": 163.86,
    "avg_score": 98.91
  },
  "protocol_summary": {
    "vmess": {
      "count": 57,
      "avg_lat": 179.35087719298247,
      "avg_score": 98.80432748538011
    },
    "vless": {
      "count": 240,
      "avg_lat": 158.87083333333334,
      "avg_score": 98.94086111111112
    },
    "ss": {
      "count": 1,
      "avg_lat": 187.0,
      "avg_score": 98.75333333333333
    },
    "trojan": {
      "count": 14,
      "avg_lat": 184.64285714285714,
      "avg_score": 98.76904761904761
    }
  }
}