{
  "scan_timestamp": "2025-11-19T09:26:28.416889+00:00",
  "duration_seconds": 887.72,
  "performance_metrics": {
    "total_processed": 422,
    "valid_configs": 241,
    "duplicates": 0,
    "failed_tests": 181,
    "success_rate": 57.11,
    "avg_latency_ms": 148.41,
    "avg_score": 99.01
  },
  "protocol_summary": {
    "vmess": {
      "count": 33,
      "avg_lat": 319.3333333333333,
      "avg_score": 97.87111111111112
    },
    "vless": {
      "count": 119,
      "avg_lat": 102.32773109243698,
      "avg_score": 99.31781512605042
    },
    "ss": {
      "count": 1,
      "avg_lat": 141.0,
      "avg_score": 99.06
    },
    "trojan": {
      "count": 88,
      "avg_lat": 146.7159090909091,
      "avg_score": 99.02189393939393
    }
  }
}