{
  "scan_timestamp": "2025-12-04T13:45:56.073619+00:00",
  "duration_seconds": 978.06,
  "performance_metrics": {
    "total_processed": 474,
    "valid_configs": 269,
    "duplicates": 0,
    "failed_tests": 205,
    "success_rate": 56.75,
    "avg_latency_ms": 178.47,
    "avg_score": 98.81
  },
  "protocol_summary": {
    "vmess": {
      "count": 75,
      "avg_lat": 302.44,
      "avg_score": 97.98373333333333
    },
    "vless": {
      "count": 146,
      "avg_lat": 108.67123287671232,
      "avg_score": 99.27552511415526
    },
    "ss": {
      "count": 0,
      "avg_lat": 0.0,
      "avg_score": 0.0
    },
    "trojan": {
      "count": 48,
      "avg_lat": 197.0625,
      "avg_score": 98.68624999999999
    }
  }
}