{
  "scan_timestamp": "2025-10-27T22:21:32.875570+00:00",
  "duration_seconds": 721.42,
  "performance_metrics": {
    "total_processed": 357,
    "valid_configs": 188,
    "duplicates": 0,
    "failed_tests": 169,
    "success_rate": 52.66,
    "avg_latency_ms": 89.93,
    "avg_score": 99.4
  },
  "protocol_summary": {
    "vmess": {
      "count": 60,
      "avg_lat": 129.6,
      "avg_score": 99.136
    },
    "vless": {
      "count": 121,
      "avg_lat": 64.24793388429752,
      "avg_score": 99.57168044077136
    },
    "ss": {
      "count": 1,
      "avg_lat": 191.0,
      "avg_score": 98.72666666666666
    },
    "trojan": {
      "count": 6,
      "avg_lat": 194.16666666666666,
      "avg_score": 98.70555555555556
    }
  }
}