{
  "scan_timestamp": "2025-11-27T21:24:10.480419+00:00",
  "duration_seconds": 912.35,
  "performance_metrics": {
    "total_processed": 474,
    "valid_configs": 223,
    "duplicates": 0,
    "failed_tests": 251,
    "success_rate": 47.05,
    "avg_latency_ms": 184.23,
    "avg_score": 98.77
  },
  "protocol_summary": {
    "vmess": {
      "count": 37,
      "avg_lat": 259.4594594594595,
      "avg_score": 98.27027027027027
    },
    "vless": {
      "count": 101,
      "avg_lat": 116.10891089108911,
      "avg_score": 99.22594059405941
    },
    "ss": {
      "count": 0,
      "avg_lat": 0.0,
      "avg_score": 0.0
    },
    "trojan": {
      "count": 85,
      "avg_lat": 232.42352941176472,
      "avg_score": 98.45050980392156
    }
  }
}