{
  "scan_timestamp": "2025-12-03T04:03:03.214583+00:00",
  "duration_seconds": 1096.79,
  "performance_metrics": {
    "total_processed": 484,
    "valid_configs": 294,
    "duplicates": 0,
    "failed_tests": 190,
    "success_rate": 60.74,
    "avg_latency_ms": 161.59,
    "avg_score": 98.92
  },
  "protocol_summary": {
    "vmess": {
      "count": 41,
      "avg_lat": 165.5609756097561,
      "avg_score": 98.89626016260162
    },
    "vless": {
      "count": 172,
      "avg_lat": 156.4127906976744,
      "avg_score": 98.95724806201551
    },
    "ss": {
      "count": 1,
      "avg_lat": 162.0,
      "avg_score": 98.92
    },
    "trojan": {
      "count": 80,
      "avg_lat": 170.675,
      "avg_score": 98.86216666666667
    }
  }
}