{
  "scan_timestamp": "2025-12-01T14:27:41.122386+00:00",
  "duration_seconds": 957.42,
  "performance_metrics": {
    "total_processed": 479,
    "valid_configs": 277,
    "duplicates": 0,
    "failed_tests": 202,
    "success_rate": 57.83,
    "avg_latency_ms": 152.86,
    "avg_score": 98.98
  },
  "protocol_summary": {
    "vmess": {
      "count": 37,
      "avg_lat": 159.83783783783784,
      "avg_score": 98.93441441441442
    },
    "vless": {
      "count": 182,
      "avg_lat": 135.15934065934067,
      "avg_score": 99.09893772893774
    },
    "ss": {
      "count": 0,
      "avg_lat": 0.0,
      "avg_score": 0.0
    },
    "trojan": {
      "count": 58,
      "avg_lat": 203.93103448275863,
      "avg_score": 98.64045977011494
    }
  }
}