{
  "scan_timestamp": "2025-11-27T15:25:57.139472+00:00",
  "duration_seconds": 908.12,
  "performance_metrics": {
    "total_processed": 475,
    "valid_configs": 219,
    "duplicates": 0,
    "failed_tests": 256,
    "success_rate": 46.11,
    "avg_latency_ms": 173.36,
    "avg_score": 98.84
  },
  "protocol_summary": {
    "vmess": {
      "count": 37,
      "avg_lat": 174.40540540540542,
      "avg_score": 98.8372972972973
    },
    "vless": {
      "count": 102,
      "avg_lat": 161.07843137254903,
      "avg_score": 98.92614379084968
    },
    "ss": {
      "count": 0,
      "avg_lat": 0.0,
      "avg_score": 0.0
    },
    "trojan": {
      "count": 80,
      "avg_lat": 188.5375,
      "avg_score": 98.74308333333333
    }
  }
}