{
  "scan_timestamp": "2025-11-06T08:33:56.493824+00:00",
  "duration_seconds": 1174.11,
  "performance_metrics": {
    "total_processed": 479,
    "valid_configs": 350,
    "duplicates": 0,
    "failed_tests": 129,
    "success_rate": 73.07,
    "avg_latency_ms": 110.36,
    "avg_score": 99.26
  },
  "protocol_summary": {
    "vmess": {
      "count": 75,
      "avg_lat": 97.0,
      "avg_score": 99.35333333333334
    },
    "vless": {
      "count": 269,
      "avg_lat": 112.39776951672863,
      "avg_score": 99.25068153655515
    },
    "ss": {
      "count": 0,
      "avg_lat": 0.0,
      "avg_score": 0.0
    },
    "trojan": {
      "count": 6,
      "avg_lat": 185.83333333333334,
      "avg_score": 98.7611111111111
    }
  }
}