{
  "scan_timestamp": "2025-11-22T04:25:46.053521+00:00",
  "duration_seconds": 856.39,
  "performance_metrics": {
    "total_processed": 407,
    "valid_configs": 242,
    "duplicates": 0,
    "failed_tests": 165,
    "success_rate": 59.46,
    "avg_latency_ms": 128.86,
    "avg_score": 99.14
  },
  "protocol_summary": {
    "vmess": {
      "count": 40,
      "avg_lat": 200.35,
      "avg_score": 98.66433333333333
    },
    "vless": {
      "count": 120,
      "avg_lat": 101.675,
      "avg_score": 99.32216666666666
    },
    "ss": {
      "count": 0,
      "avg_lat": 0.0,
      "avg_score": 0.0
    },
    "trojan": {
      "count": 82,
      "avg_lat": 133.7560975609756,
      "avg_score": 99.10829268292683
    }
  }
}