{
  "scan_timestamp": "2025-12-03T10:29:48.551723+00:00",
  "duration_seconds": 1043.81,
  "performance_metrics": {
    "total_processed": 482,
    "valid_configs": 305,
    "duplicates": 0,
    "failed_tests": 177,
    "success_rate": 63.28,
    "avg_latency_ms": 174.47,
    "avg_score": 98.84
  },
  "protocol_summary": {
    "vmess": {
      "count": 78,
      "avg_lat": 309.2435897435897,
      "avg_score": 97.93837606837607
    },
    "vless": {
      "count": 170,
      "avg_lat": 118.83529411764705,
      "avg_score": 99.20776470588235
    },
    "ss": {
      "count": 0,
      "avg_lat": 0.0,
      "avg_score": 0.0
    },
    "trojan": {
      "count": 57,
      "avg_lat": 155.96491228070175,
      "avg_score": 98.96023391812867
    }
  }
}