{
  "scan_timestamp": "2025-11-19T07:26:07.074754+00:00",
  "duration_seconds": 908.03,
  "performance_metrics": {
    "total_processed": 421,
    "valid_configs": 252,
    "duplicates": 0,
    "failed_tests": 169,
    "success_rate": 59.86,
    "avg_latency_ms": 160.69,
    "avg_score": 98.93
  },
  "protocol_summary": {
    "vmess": {
      "count": 40,
      "avg_lat": 210.975,
      "avg_score": 98.59349999999999
    },
    "vless": {
      "count": 129,
      "avg_lat": 139.5503875968992,
      "avg_score": 99.06966408268732
    },
    "ss": {
      "count": 1,
      "avg_lat": 183.0,
      "avg_score": 98.78
    },
    "trojan": {
      "count": 82,
      "avg_lat": 169.1341463414634,
      "avg_score": 98.87243902439025
    }
  }
}