{
  "scan_timestamp": "2025-11-16T22:27:11.632257+00:00",
  "duration_seconds": 1090.01,
  "performance_metrics": {
    "total_processed": 473,
    "valid_configs": 331,
    "duplicates": 0,
    "failed_tests": 142,
    "success_rate": 69.98,
    "avg_latency_ms": 112.89,
    "avg_score": 99.25
  },
  "protocol_summary": {
    "vmess": {
      "count": 53,
      "avg_lat": 138.33962264150944,
      "avg_score": 99.07773584905661
    },
    "vless": {
      "count": 213,
      "avg_lat": 99.07981220657277,
      "avg_score": 99.33946791862284
    },
    "ss": {
      "count": 1,
      "avg_lat": 127.0,
      "avg_score": 99.15333333333334
    },
    "trojan": {
      "count": 64,
      "avg_lat": 137.546875,
      "avg_score": 99.08302083333334
    }
  }
}