{
  "scan_timestamp": "2025-11-10T22:28:31.502997+00:00",
  "duration_seconds": 1095.27,
  "performance_metrics": {
    "total_processed": 476,
    "valid_configs": 315,
    "duplicates": 0,
    "failed_tests": 161,
    "success_rate": 66.18,
    "avg_latency_ms": 122.07,
    "avg_score": 99.19
  },
  "protocol_summary": {
    "vmess": {
      "count": 50,
      "avg_lat": 150.78,
      "avg_score": 98.9948
    },
    "vless": {
      "count": 237,
      "avg_lat": 113.84388185654008,
      "avg_score": 99.24104078762306
    },
    "ss": {
      "count": 1,
      "avg_lat": 138.0,
      "avg_score": 99.08
    },
    "trojan": {
      "count": 27,
      "avg_lat": 140.5185185185185,
      "avg_score": 99.0632098765432
    }
  }
}