{
  "scan_timestamp": "2025-11-30T17:25:59.193542+00:00",
  "duration_seconds": 1053.63,
  "performance_metrics": {
    "total_processed": 474,
    "valid_configs": 317,
    "duplicates": 0,
    "failed_tests": 157,
    "success_rate": 66.88,
    "avg_latency_ms": 183.52,
    "avg_score": 98.78
  },
  "protocol_summary": {
    "vmess": {
      "count": 75,
      "avg_lat": 206.76,
      "avg_score": 98.6216
    },
    "vless": {
      "count": 195,
      "avg_lat": 177.34871794871796,
      "avg_score": 98.81767521367522
    },
    "ss": {
      "count": 0,
      "avg_lat": 0.0,
      "avg_score": 0.0
    },
    "trojan": {
      "count": 47,
      "avg_lat": 172.06382978723406,
      "avg_score": 98.85290780141845
    }
  }
}