{
  "scan_timestamp": "2025-12-04T06:33:20.434365+00:00",
  "duration_seconds": 1007.86,
  "performance_metrics": {
    "total_processed": 475,
    "valid_configs": 271,
    "duplicates": 0,
    "failed_tests": 204,
    "success_rate": 57.05,
    "avg_latency_ms": 219.87,
    "avg_score": 98.53
  },
  "protocol_summary": {
    "vmess": {
      "count": 75,
      "avg_lat": 361.96,
      "avg_score": 97.58693333333333
    },
    "vless": {
      "count": 147,
      "avg_lat": 158.91156462585033,
      "avg_score": 98.94058956916099
    },
    "ss": {
      "count": 0,
      "avg_lat": 0.0,
      "avg_score": 0.0
    },
    "trojan": {
      "count": 49,
      "avg_lat": 185.28571428571428,
      "avg_score": 98.76476190476191
    }
  }
}