{
  "scan_timestamp": "2025-11-05T08:33:18.270079+00:00",
  "duration_seconds": 1127.59,
  "performance_metrics": {
    "total_processed": 474,
    "valid_configs": 324,
    "duplicates": 0,
    "failed_tests": 150,
    "success_rate": 68.35,
    "avg_latency_ms": 112.04,
    "avg_score": 99.25
  },
  "protocol_summary": {
    "vmess": {
      "count": 47,
      "avg_lat": 113.76595744680851,
      "avg_score": 99.24156028368795
    },
    "vless": {
      "count": 266,
      "avg_lat": 106.68045112781955,
      "avg_score": 99.2887969924812
    },
    "ss": {
      "count": 1,
      "avg_lat": 147.0,
      "avg_score": 99.02
    },
    "trojan": {
      "count": 10,
      "avg_lat": 243.0,
      "avg_score": 98.38
    }
  }
}