{
  "scan_timestamp": "2025-10-29T03:55:47.807169+00:00",
  "duration_seconds": 825.44,
  "performance_metrics": {
    "total_processed": 395,
    "valid_configs": 223,
    "duplicates": 0,
    "failed_tests": 172,
    "success_rate": 56.46,
    "avg_latency_ms": 168.97,
    "avg_score": 98.87
  },
  "protocol_summary": {
    "vmess": {
      "count": 69,
      "avg_lat": 267.9855072463768,
      "avg_score": 98.21342995169081
    },
    "vless": {
      "count": 122,
      "avg_lat": 75.86065573770492,
      "avg_score": 99.49426229508197
    },
    "ss": {
      "count": 1,
      "avg_lat": 125.0,
      "avg_score": 99.16666666666667
    },
    "trojan": {
      "count": 31,
      "avg_lat": 316.4193548387097,
      "avg_score": 97.8905376344086
    }
  }
}