{
  "scan_timestamp": "2025-12-03T05:29:54.640569+00:00",
  "duration_seconds": 1125.33,
  "performance_metrics": {
    "total_processed": 484,
    "valid_configs": 322,
    "duplicates": 0,
    "failed_tests": 162,
    "success_rate": 66.53,
    "avg_latency_ms": 181.75,
    "avg_score": 98.79
  },
  "protocol_summary": {
    "vmess": {
      "count": 73,
      "avg_lat": 374.43835616438355,
      "avg_score": 97.50374429223744
    },
    "vless": {
      "count": 170,
      "avg_lat": 102.29411764705883,
      "avg_score": 99.31803921568627
    },
    "ss": {
      "count": 1,
      "avg_lat": 213.0,
      "avg_score": 98.58
    },
    "trojan": {
      "count": 78,
      "avg_lat": 174.16666666666666,
      "avg_score": 98.83888888888889
    }
  }
}