{
  "scan_timestamp": "2025-11-17T19:24:32.712984+00:00",
  "duration_seconds": 1043.59,
  "performance_metrics": {
    "total_processed": 474,
    "valid_configs": 308,
    "duplicates": 0,
    "failed_tests": 166,
    "success_rate": 64.98,
    "avg_latency_ms": 176.16,
    "avg_score": 98.83
  },
  "protocol_summary": {
    "vmess": {
      "count": 50,
      "avg_lat": 271.5,
      "avg_score": 98.19
    },
    "vless": {
      "count": 187,
      "avg_lat": 163.47058823529412,
      "avg_score": 98.91019607843137
    },
    "ss": {
      "count": 1,
      "avg_lat": 263.0,
      "avg_score": 98.24666666666667
    },
    "trojan": {
      "count": 70,
      "avg_lat": 140.7,
      "avg_score": 99.062
    }
  }
}