{
  "scan_timestamp": "2025-11-30T15:26:43.022283+00:00",
  "duration_seconds": 1054.53,
  "performance_metrics": {
    "total_processed": 474,
    "valid_configs": 320,
    "duplicates": 0,
    "failed_tests": 154,
    "success_rate": 67.51,
    "avg_latency_ms": 180.23,
    "avg_score": 98.8
  },
  "protocol_summary": {
    "vmess": {
      "count": 73,
      "avg_lat": 183.05479452054794,
      "avg_score": 98.77963470319634
    },
    "vless": {
      "count": 198,
      "avg_lat": 179.7171717171717,
      "avg_score": 98.80188552188552
    },
    "ss": {
      "count": 0,
      "avg_lat": 0.0,
      "avg_score": 0.0
    },
    "trojan": {
      "count": 49,
      "avg_lat": 178.08163265306123,
      "avg_score": 98.81278911564627
    }
  }
}