{
  "scan_timestamp": "2025-11-12T06:33:57.228764+00:00",
  "duration_seconds": 1092.6,
  "performance_metrics": {
    "total_processed": 477,
    "valid_configs": 322,
    "duplicates": 0,
    "failed_tests": 155,
    "success_rate": 67.51,
    "avg_latency_ms": 164.82,
    "avg_score": 98.9
  },
  "protocol_summary": {
    "vmess": {
      "count": 40,
      "avg_lat": 282.525,
      "avg_score": 98.1165
    },
    "vless": {
      "count": 248,
      "avg_lat": 147.68951612903226,
      "avg_score": 99.01540322580645
    },
    "ss": {
      "count": 1,
      "avg_lat": 174.0,
      "avg_score": 98.84
    },
    "trojan": {
      "count": 33,
      "avg_lat": 150.6060606060606,
      "avg_score": 98.9959595959596
    }
  }
}