{
  "scan_timestamp": "2025-11-18T16:28:33.323690+00:00",
  "duration_seconds": 894.01,
  "performance_metrics": {
    "total_processed": 428,
    "valid_configs": 263,
    "duplicates": 0,
    "failed_tests": 165,
    "success_rate": 61.45,
    "avg_latency_ms": 147.21,
    "avg_score": 99.02
  },
  "protocol_summary": {
    "vmess": {
      "count": 30,
      "avg_lat": 154.63333333333333,
      "avg_score": 98.9691111111111
    },
    "vless": {
      "count": 158,
      "avg_lat": 131.19620253164558,
      "avg_score": 99.12535864978904
    },
    "ss": {
      "count": 1,
      "avg_lat": 186.0,
      "avg_score": 98.76
    },
    "trojan": {
      "count": 74,
      "avg_lat": 177.86486486486487,
      "avg_score": 98.81423423423423
    }
  }
}