{
  "scan_timestamp": "2025-11-24T21:26:04.127998+00:00",
  "duration_seconds": 972.13,
  "performance_metrics": {
    "total_processed": 467,
    "valid_configs": 278,
    "duplicates": 0,
    "failed_tests": 189,
    "success_rate": 59.53,
    "avg_latency_ms": 142.77,
    "avg_score": 99.05
  },
  "protocol_summary": {
    "vmess": {
      "count": 53,
      "avg_lat": 239.49056603773585,
      "avg_score": 98.4033962264151
    },
    "vless": {
      "count": 101,
      "avg_lat": 108.9009900990099,
      "avg_score": 99.27399339933994
    },
    "ss": {
      "count": 0,
      "avg_lat": 0.0,
      "avg_score": 0.0
    },
    "trojan": {
      "count": 124,
      "avg_lat": 129.01612903225808,
      "avg_score": 99.13989247311828
    }
  }
}