{
  "scan_timestamp": "2025-10-27T00:56:42.036919+00:00",
  "duration_seconds": 349.25,
  "performance_metrics": {
    "total_processed": 157,
    "valid_configs": 90,
    "duplicates": 0,
    "failed_tests": 67,
    "success_rate": 57.32,
    "avg_latency_ms": 137.22,
    "avg_score": 99.09
  },
  "protocol_summary": {
    "vmess": {
      "count": 63,
      "avg_lat": 143.9206349206349,
      "avg_score": 99.0405291005291
    },
    "vless": {
      "count": 10,
      "avg_lat": 31.9,
      "avg_score": 99.78733333333334
    },
    "ss": {
      "count": 0,
      "avg_lat": 0.0,
      "avg_score": 0.0
    },
    "trojan": {
      "count": 17,
      "avg_lat": 174.35294117647058,
      "avg_score": 98.83764705882353
    }
  }
}