{
  "scan_timestamp": "2025-11-05T10:30:41.100849+00:00",
  "duration_seconds": 1145.56,
  "performance_metrics": {
    "total_processed": 478,
    "valid_configs": 327,
    "duplicates": 0,
    "failed_tests": 151,
    "success_rate": 68.41,
    "avg_latency_ms": 176.91,
    "avg_score": 98.82
  },
  "protocol_summary": {
    "vmess": {
      "count": 49,
      "avg_lat": 277.59183673469386,
      "avg_score": 98.14938775510204
    },
    "vless": {
      "count": 265,
      "avg_lat": 161.05283018867925,
      "avg_score": 98.9263144654088
    },
    "ss": {
      "count": 1,
      "avg_lat": 168.0,
      "avg_score": 98.88
    },
    "trojan": {
      "count": 12,
      "avg_lat": 116.66666666666667,
      "avg_score": 99.22222222222223
    }
  }
}