{
  "scan_timestamp": "2025-11-02T13:29:34.560172+00:00",
  "duration_seconds": 803.93,
  "performance_metrics": {
    "total_processed": 376,
    "valid_configs": 196,
    "duplicates": 0,
    "failed_tests": 180,
    "success_rate": 52.13,
    "avg_latency_ms": 89.53,
    "avg_score": 99.4
  },
  "protocol_summary": {
    "vmess": {
      "count": 52,
      "avg_lat": 118.48076923076923,
      "avg_score": 99.2101282051282
    },
    "vless": {
      "count": 120,
      "avg_lat": 67.90833333333333,
      "avg_score": 99.54727777777777
    },
    "ss": {
      "count": 1,
      "avg_lat": 125.0,
      "avg_score": 99.16666666666667
    },
    "trojan": {
      "count": 23,
      "avg_lat": 135.30434782608697,
      "avg_score": 99.09797101449276
    }
  }
}