{
  "scan_timestamp": "2025-11-19T12:33:40.092734+00:00",
  "duration_seconds": 833.5,
  "performance_metrics": {
    "total_processed": 423,
    "valid_configs": 226,
    "duplicates": 0,
    "failed_tests": 197,
    "success_rate": 53.43,
    "avg_latency_ms": 155.08,
    "avg_score": 98.97
  },
  "protocol_summary": {
    "vmess": {
      "count": 36,
      "avg_lat": 244.52777777777777,
      "avg_score": 98.36981481481482
    },
    "vless": {
      "count": 97,
      "avg_lat": 105.14432989690722,
      "avg_score": 99.29903780068729
    },
    "ss": {
      "count": 1,
      "avg_lat": 144.0,
      "avg_score": 99.04
    },
    "trojan": {
      "count": 92,
      "avg_lat": 172.84782608695653,
      "avg_score": 98.84768115942028
    }
  }
}