{
  "scan_timestamp": "2025-11-08T08:31:04.795932+00:00",
  "duration_seconds": 1134.81,
  "performance_metrics": {
    "total_processed": 477,
    "valid_configs": 346,
    "duplicates": 0,
    "failed_tests": 131,
    "success_rate": 72.54,
    "avg_latency_ms": 104.91,
    "avg_score": 99.3
  },
  "protocol_summary": {
    "vmess": {
      "count": 71,
      "avg_lat": 104.16901408450704,
      "avg_score": 99.30553990610329
    },
    "vless": {
      "count": 264,
      "avg_lat": 100.93560606060606,
      "avg_score": 99.32709595959595
    },
    "ss": {
      "count": 0,
      "avg_lat": 0.0,
      "avg_score": 0.0
    },
    "trojan": {
      "count": 11,
      "avg_lat": 205.0909090909091,
      "avg_score": 98.63272727272728
    }
  }
}