{
  "scan_timestamp": "2025-10-31T05:23:19.043181+00:00",
  "duration_seconds": 734.71,
  "performance_metrics": {
    "total_processed": 371,
    "valid_configs": 189,
    "duplicates": 0,
    "failed_tests": 182,
    "success_rate": 50.94,
    "avg_latency_ms": 117.62,
    "avg_score": 99.22
  },
  "protocol_summary": {
    "vmess": {
      "count": 61,
      "avg_lat": 197.9672131147541,
      "avg_score": 98.68021857923496
    },
    "vless": {
      "count": 103,
      "avg_lat": 69.39805825242719,
      "avg_score": 99.53734627831714
    },
    "ss": {
      "count": 1,
      "avg_lat": 126.0,
      "avg_score": 99.16
    },
    "trojan": {
      "count": 24,
      "avg_lat": 120.04166666666667,
      "avg_score": 99.19972222222223
    }
  }
}