{
  "scan_timestamp": "2025-12-05T12:37:03.497930+00:00",
  "duration_seconds": 997.04,
  "performance_metrics": {
    "total_processed": 470,
    "valid_configs": 254,
    "duplicates": 0,
    "failed_tests": 216,
    "success_rate": 54.04,
    "avg_latency_ms": 130.85,
    "avg_score": 99.13
  },
  "protocol_summary": {
    "vmess": {
      "count": 70,
      "avg_lat": 113.54285714285714,
      "avg_score": 99.24304761904762
    },
    "vless": {
      "count": 138,
      "avg_lat": 103.44927536231884,
      "avg_score": 99.3103381642512
    },
    "ss": {
      "count": 0,
      "avg_lat": 0.0,
      "avg_score": 0.0
    },
    "trojan": {
      "count": 46,
      "avg_lat": 239.3913043478261,
      "avg_score": 98.4040579710145
    }
  }
}