{
  "scan_timestamp": "2025-11-03T20:24:22.096926+00:00",
  "duration_seconds": 762.83,
  "performance_metrics": {
    "total_processed": 354,
    "valid_configs": 179,
    "duplicates": 0,
    "failed_tests": 175,
    "success_rate": 50.56,
    "avg_latency_ms": 124.75,
    "avg_score": 99.17
  },
  "protocol_summary": {
    "vmess": {
      "count": 62,
      "avg_lat": 175.5,
      "avg_score": 98.83
    },
    "vless": {
      "count": 98,
      "avg_lat": 93.29591836734694,
      "avg_score": 99.37802721088435
    },
    "ss": {
      "count": 1,
      "avg_lat": 150.0,
      "avg_score": 99.0
    },
    "trojan": {
      "count": 18,
      "avg_lat": 119.77777777777777,
      "avg_score": 99.20148148148148
    }
  }
}