{
  "scan_timestamp": "2025-11-28T18:28:55.442222+00:00",
  "duration_seconds": 883.65,
  "performance_metrics": {
    "total_processed": 475,
    "valid_configs": 208,
    "duplicates": 0,
    "failed_tests": 267,
    "success_rate": 43.79,
    "avg_latency_ms": 178.89,
    "avg_score": 98.81
  },
  "protocol_summary": {
    "vmess": {
      "count": 35,
      "avg_lat": 191.94285714285715,
      "avg_score": 98.72038095238095
    },
    "vless": {
      "count": 87,
      "avg_lat": 139.24137931034483,
      "avg_score": 99.07172413793103
    },
    "ss": {
      "count": 0,
      "avg_lat": 0.0,
      "avg_score": 0.0
    },
    "trojan": {
      "count": 86,
      "avg_lat": 213.6860465116279,
      "avg_score": 98.57542635658913
    }
  }
}