{
  "scan_timestamp": "2025-11-16T01:10:02.404049+00:00",
  "duration_seconds": 1089.75,
  "performance_metrics": {
    "total_processed": 476,
    "valid_configs": 324,
    "duplicates": 0,
    "failed_tests": 152,
    "success_rate": 68.07,
    "avg_latency_ms": 126.49,
    "avg_score": 99.16
  },
  "protocol_summary": {
    "vmess": {
      "count": 58,
      "avg_lat": 111.17241379310344,
      "avg_score": 99.25885057471264
    },
    "vless": {
      "count": 213,
      "avg_lat": 125.13615023474179,
      "avg_score": 99.16575899843505
    },
    "ss": {
      "count": 1,
      "avg_lat": 167.0,
      "avg_score": 98.88666666666667
    },
    "trojan": {
      "count": 52,
      "avg_lat": 148.32692307692307,
      "avg_score": 99.01115384615385
    }
  }
}