{
  "scan_timestamp": "2025-11-26T21:21:55.639784+00:00",
  "duration_seconds": 775.32,
  "performance_metrics": {
    "total_processed": 391,
    "valid_configs": 213,
    "duplicates": 0,
    "failed_tests": 178,
    "success_rate": 54.48,
    "avg_latency_ms": 135.44,
    "avg_score": 99.1
  },
  "protocol_summary": {
    "vmess": {
      "count": 52,
      "avg_lat": 118.96153846153847,
      "avg_score": 99.20692307692308
    },
    "vless": {
      "count": 99,
      "avg_lat": 136.12121212121212,
      "avg_score": 99.09252525252525
    },
    "ss": {
      "count": 0,
      "avg_lat": 0.0,
      "avg_score": 0.0
    },
    "trojan": {
      "count": 62,
      "avg_lat": 148.17741935483872,
      "avg_score": 99.01215053763441
    }
  }
}