{
  "scan_timestamp": "2025-11-15T05:28:55.251073+00:00",
  "duration_seconds": 1135.0,
  "performance_metrics": {
    "total_processed": 477,
    "valid_configs": 337,
    "duplicates": 0,
    "failed_tests": 140,
    "success_rate": 70.65,
    "avg_latency_ms": 143.83,
    "avg_score": 99.04
  },
  "protocol_summary": {
    "vmess": {
      "count": 38,
      "avg_lat": 175.97368421052633,
      "avg_score": 98.82684210526315
    },
    "vless": {
      "count": 242,
      "avg_lat": 134.98760330578511,
      "avg_score": 99.1000826446281
    },
    "ss": {
      "count": 1,
      "avg_lat": 170.0,
      "avg_score": 98.86666666666666
    },
    "trojan": {
      "count": 56,
      "avg_lat": 159.76785714285714,
      "avg_score": 98.93488095238095
    }
  }
}