{
  "scan_timestamp": "2025-11-13T15:30:25.862458+00:00",
  "duration_seconds": 1090.82,
  "performance_metrics": {
    "total_processed": 478,
    "valid_configs": 321,
    "duplicates": 0,
    "failed_tests": 157,
    "success_rate": 67.15,
    "avg_latency_ms": 130.53,
    "avg_score": 99.13
  },
  "protocol_summary": {
    "vmess": {
      "count": 46,
      "avg_lat": 193.17391304347825,
      "avg_score": 98.71217391304349
    },
    "vless": {
      "count": 227,
      "avg_lat": 105.08810572687224,
      "avg_score": 99.29941262848752
    },
    "ss": {
      "count": 1,
      "avg_lat": 126.0,
      "avg_score": 99.16
    },
    "trojan": {
      "count": 47,
      "avg_lat": 192.17021276595744,
      "avg_score": 98.71886524822695
    }
  }
}