{
  "scan_timestamp": "2025-11-10T02:48:51.358583+00:00",
  "duration_seconds": 1098.13,
  "performance_metrics": {
    "total_processed": 475,
    "valid_configs": 313,
    "duplicates": 0,
    "failed_tests": 162,
    "success_rate": 65.89,
    "avg_latency_ms": 141.96,
    "avg_score": 99.05
  },
  "protocol_summary": {
    "vmess": {
      "count": 55,
      "avg_lat": 137.6727272727273,
      "avg_score": 99.08218181818181
    },
    "vless": {
      "count": 245,
      "avg_lat": 141.72244897959183,
      "avg_score": 99.05518367346939
    },
    "ss": {
      "count": 1,
      "avg_lat": 159.0,
      "avg_score": 98.94
    },
    "trojan": {
      "count": 12,
      "avg_lat": 165.16666666666666,
      "avg_score": 98.89888888888889
    }
  }
}