{
  "scan_timestamp": "2025-11-26T02:43:36.225302+00:00",
  "duration_seconds": 907.37,
  "performance_metrics": {
    "total_processed": 427,
    "valid_configs": 265,
    "duplicates": 0,
    "failed_tests": 162,
    "success_rate": 62.06,
    "avg_latency_ms": 115.09,
    "avg_score": 99.23
  },
  "protocol_summary": {
    "vmess": {
      "count": 54,
      "avg_lat": 114.25925925925925,
      "avg_score": 99.23827160493828
    },
    "vless": {
      "count": 121,
      "avg_lat": 105.9090909090909,
      "avg_score": 99.29393939393938
    },
    "ss": {
      "count": 0,
      "avg_lat": 0.0,
      "avg_score": 0.0
    },
    "trojan": {
      "count": 90,
      "avg_lat": 127.94444444444444,
      "avg_score": 99.14703703703704
    }
  }
}