{
  "scan_timestamp": "2025-11-22T23:22:03.238357+00:00",
  "duration_seconds": 760.97,
  "performance_metrics": {
    "total_processed": 384,
    "valid_configs": 215,
    "duplicates": 0,
    "failed_tests": 169,
    "success_rate": 55.99,
    "avg_latency_ms": 129.68,
    "avg_score": 99.14
  },
  "protocol_summary": {
    "vmess": {
      "count": 40,
      "avg_lat": 126.6,
      "avg_score": 99.15599999999999
    },
    "vless": {
      "count": 87,
      "avg_lat": 86.55172413793103,
      "avg_score": 99.42298850574711
    },
    "ss": {
      "count": 0,
      "avg_lat": 0.0,
      "avg_score": 0.0
    },
    "trojan": {
      "count": 88,
      "avg_lat": 173.72727272727272,
      "avg_score": 98.84181818181818
    }
  }
}