{
  "scan_timestamp": "2025-11-22T20:24:57.105327+00:00",
  "duration_seconds": 863.15,
  "performance_metrics": {
    "total_processed": 412,
    "valid_configs": 240,
    "duplicates": 0,
    "failed_tests": 172,
    "success_rate": 58.25,
    "avg_latency_ms": 162.23,
    "avg_score": 98.92
  },
  "protocol_summary": {
    "vmess": {
      "count": 44,
      "avg_lat": 197.1590909090909,
      "avg_score": 98.68560606060606
    },
    "vless": {
      "count": 107,
      "avg_lat": 112.74766355140187,
      "avg_score": 99.24834890965732
    },
    "ss": {
      "count": 5,
      "avg_lat": 351.6,
      "avg_score": 97.65599999999999
    },
    "trojan": {
      "count": 84,
      "avg_lat": 195.70238095238096,
      "avg_score": 98.69531746031745
    }
  }
}