{
  "scan_timestamp": "2025-11-10T10:30:59.086804+00:00",
  "duration_seconds": 1106.55,
  "performance_metrics": {
    "total_processed": 470,
    "valid_configs": 310,
    "duplicates": 0,
    "failed_tests": 160,
    "success_rate": 65.96,
    "avg_latency_ms": 154.46,
    "avg_score": 98.97
  },
  "protocol_summary": {
    "vmess": {
      "count": 55,
      "avg_lat": 138.27272727272728,
      "avg_score": 99.07818181818182
    },
    "vless": {
      "count": 240,
      "avg_lat": 155.7625,
      "avg_score": 98.96158333333332
    },
    "ss": {
      "count": 1,
      "avg_lat": 186.0,
      "avg_score": 98.76
    },
    "trojan": {
      "count": 14,
      "avg_lat": 193.5,
      "avg_score": 98.71000000000001
    }
  }
}