{
  "scan_timestamp": "2025-11-02T08:25:32.284768+00:00",
  "duration_seconds": 832.46,
  "performance_metrics": {
    "total_processed": 391,
    "valid_configs": 200,
    "duplicates": 0,
    "failed_tests": 191,
    "success_rate": 51.15,
    "avg_latency_ms": 122.77,
    "avg_score": 99.18
  },
  "protocol_summary": {
    "vmess": {
      "count": 51,
      "avg_lat": 128.47058823529412,
      "avg_score": 99.1435294117647
    },
    "vless": {
      "count": 124,
      "avg_lat": 107.84677419354838,
      "avg_score": 99.28102150537634
    },
    "ss": {
      "count": 1,
      "avg_lat": 181.0,
      "avg_score": 98.79333333333334
    },
    "trojan": {
      "count": 24,
      "avg_lat": 185.33333333333334,
      "avg_score": 98.76444444444445
    }
  }
}