{
  "scan_timestamp": "2025-11-30T19:25:15.383325+00:00",
  "duration_seconds": 1051.18,
  "performance_metrics": {
    "total_processed": 474,
    "valid_configs": 308,
    "duplicates": 0,
    "failed_tests": 166,
    "success_rate": 64.98,
    "avg_latency_ms": 190.28,
    "avg_score": 98.73
  },
  "protocol_summary": {
    "vmess": {
      "count": 71,
      "avg_lat": 266.0,
      "avg_score": 98.22666666666666
    },
    "vless": {
      "count": 195,
      "avg_lat": 170.97435897435898,
      "avg_score": 98.86017094017095
    },
    "ss": {
      "count": 0,
      "avg_lat": 0.0,
      "avg_score": 0.0
    },
    "trojan": {
      "count": 42,
      "avg_lat": 151.9047619047619,
      "avg_score": 98.9873015873016
    }
  }
}