{
  "scan_timestamp": "2025-10-26T17:13:59.500294+00:00",
  "duration_seconds": 352.83,
  "performance_metrics": {
    "total_processed": 157,
    "valid_configs": 90,
    "duplicates": 0,
    "failed_tests": 67,
    "success_rate": 57.32,
    "avg_latency_ms": 163.53,
    "avg_score": 98.91
  },
  "protocol_summary": {
    "vmess": {
      "count": 62,
      "avg_lat": 192.03225806451613,
      "avg_score": 98.71978494623656
    },
    "vless": {
      "count": 10,
      "avg_lat": 47.3,
      "avg_score": 99.68466666666667
    },
    "ss": {
      "count": 0,
      "avg_lat": 0.0,
      "avg_score": 0.0
    },
    "trojan": {
      "count": 18,
      "avg_lat": 129.94444444444446,
      "avg_score": 99.1337037037037
    }
  }
}