{
  "scan_timestamp": "2025-11-19T18:28:55.122709+00:00",
  "duration_seconds": 824.28,
  "performance_metrics": {
    "total_processed": 414,
    "valid_configs": 217,
    "duplicates": 0,
    "failed_tests": 197,
    "success_rate": 52.42,
    "avg_latency_ms": 194.34,
    "avg_score": 98.7
  },
  "protocol_summary": {
    "vmess": {
      "count": 40,
      "avg_lat": 328.55,
      "avg_score": 97.80966666666667
    },
    "vless": {
      "count": 96,
      "avg_lat": 171.4375,
      "avg_score": 98.85708333333334
    },
    "ss": {
      "count": 1,
      "avg_lat": 151.0,
      "avg_score": 98.99333333333334
    },
    "trojan": {
      "count": 80,
      "avg_lat": 155.2625,
      "avg_score": 98.96491666666667
    }
  }
}