{
  "scan_timestamp": "2025-11-29T16:26:27.797055+00:00",
  "duration_seconds": 938.47,
  "performance_metrics": {
    "total_processed": 474,
    "valid_configs": 236,
    "duplicates": 0,
    "failed_tests": 238,
    "success_rate": 49.79,
    "avg_latency_ms": 163.17,
    "avg_score": 98.91
  },
  "protocol_summary": {
    "vmess": {
      "count": 35,
      "avg_lat": 181.6,
      "avg_score": 98.78933333333333
    },
    "vless": {
      "count": 110,
      "avg_lat": 117.32727272727273,
      "avg_score": 99.21781818181819
    },
    "ss": {
      "count": 0,
      "avg_lat": 0.0,
      "avg_score": 0.0
    },
    "trojan": {
      "count": 91,
      "avg_lat": 211.4835164835165,
      "avg_score": 98.5901098901099
    }
  }
}