{
  "scan_timestamp": "2025-11-03T11:22:00.116982+00:00",
  "duration_seconds": 806.53,
  "performance_metrics": {
    "total_processed": 371,
    "valid_configs": 197,
    "duplicates": 0,
    "failed_tests": 174,
    "success_rate": 53.1,
    "avg_latency_ms": 184.46,
    "avg_score": 98.77
  },
  "protocol_summary": {
    "vmess": {
      "count": 68,
      "avg_lat": 338.8235294117647,
      "avg_score": 97.74117647058823
    },
    "vless": {
      "count": 106,
      "avg_lat": 99.91509433962264,
      "avg_score": 99.33389937106918
    },
    "ss": {
      "count": 1,
      "avg_lat": 130.0,
      "avg_score": 99.13333333333334
    },
    "trojan": {
      "count": 22,
      "avg_lat": 117.18181818181819,
      "avg_score": 99.2187878787879
    }
  }
}