{
  "scan_timestamp": "2025-11-05T12:38:27.814581+00:00",
  "duration_seconds": 1148.99,
  "performance_metrics": {
    "total_processed": 478,
    "valid_configs": 327,
    "duplicates": 0,
    "failed_tests": 151,
    "success_rate": 68.41,
    "avg_latency_ms": 115.23,
    "avg_score": 99.23
  },
  "protocol_summary": {
    "vmess": {
      "count": 46,
      "avg_lat": 115.45652173913044,
      "avg_score": 99.23028985507246
    },
    "vless": {
      "count": 270,
      "avg_lat": 111.28518518518518,
      "avg_score": 99.25809876543211
    },
    "ss": {
      "count": 1,
      "avg_lat": 823.0,
      "avg_score": 94.51333333333334
    },
    "trojan": {
      "count": 10,
      "avg_lat": 149.8,
      "avg_score": 99.00133333333333
    }
  }
}