{
  "scan_timestamp": "2025-11-01T18:26:30.848925+00:00",
  "duration_seconds": 871.52,
  "performance_metrics": {
    "total_processed": 428,
    "valid_configs": 194,
    "duplicates": 0,
    "failed_tests": 234,
    "success_rate": 45.33,
    "avg_latency_ms": 154.01,
    "avg_score": 98.97
  },
  "protocol_summary": {
    "vmess": {
      "count": 73,
      "avg_lat": 285.0821917808219,
      "avg_score": 98.09945205479453
    },
    "vless": {
      "count": 106,
      "avg_lat": 72.70754716981132,
      "avg_score": 99.51528301886793
    },
    "ss": {
      "count": 1,
      "avg_lat": 157.0,
      "avg_score": 98.95333333333333
    },
    "trojan": {
      "count": 14,
      "avg_lat": 85.85714285714286,
      "avg_score": 99.42761904761905
    }
  }
}