{
  "scan_timestamp": "2025-11-29T18:29:09.087983+00:00",
  "duration_seconds": 927.07,
  "performance_metrics": {
    "total_processed": 476,
    "valid_configs": 220,
    "duplicates": 0,
    "failed_tests": 256,
    "success_rate": 46.22,
    "avg_latency_ms": 152.45,
    "avg_score": 98.98
  },
  "protocol_summary": {
    "vmess": {
      "count": 33,
      "avg_lat": 89.24242424242425,
      "avg_score": 99.40505050505051
    },
    "vless": {
      "count": 108,
      "avg_lat": 146.64814814814815,
      "avg_score": 99.02234567901235
    },
    "ss": {
      "count": 0,
      "avg_lat": 0.0,
      "avg_score": 0.0
    },
    "trojan": {
      "count": 79,
      "avg_lat": 186.78481012658227,
      "avg_score": 98.75476793248946
    }
  }
}