{
  "scan_timestamp": "2025-11-18T13:39:44.621437+00:00",
  "duration_seconds": 858.98,
  "performance_metrics": {
    "total_processed": 422,
    "valid_configs": 253,
    "duplicates": 0,
    "failed_tests": 169,
    "success_rate": 59.95,
    "avg_latency_ms": 148.63,
    "avg_score": 99.01
  },
  "protocol_summary": {
    "vmess": {
      "count": 39,
      "avg_lat": 276.46153846153845,
      "avg_score": 98.15692307692308
    },
    "vless": {
      "count": 124,
      "avg_lat": 93.90322580645162,
      "avg_score": 99.37397849462366
    },
    "ss": {
      "count": 1,
      "avg_lat": 128.0,
      "avg_score": 99.14666666666666
    },
    "trojan": {
      "count": 89,
      "avg_lat": 169.1011235955056,
      "avg_score": 98.87265917602996
    }
  }
}