{
  "scan_timestamp": "2025-11-30T04:08:45.488290+00:00",
  "duration_seconds": 980.44,
  "performance_metrics": {
    "total_processed": 473,
    "valid_configs": 240,
    "duplicates": 0,
    "failed_tests": 233,
    "success_rate": 50.74,
    "avg_latency_ms": 139.61,
    "avg_score": 99.07
  },
  "protocol_summary": {
    "vmess": {
      "count": 29,
      "avg_lat": 91.48275862068965,
      "avg_score": 99.39011494252874
    },
    "vless": {
      "count": 109,
      "avg_lat": 95.78899082568807,
      "avg_score": 99.36140672782875
    },
    "ss": {
      "count": 0,
      "avg_lat": 0.0,
      "avg_score": 0.0
    },
    "trojan": {
      "count": 102,
      "avg_lat": 200.12745098039215,
      "avg_score": 98.66581699346406
    }
  }
}