{
  "scan_timestamp": "2025-12-03T14:29:56.431271+00:00",
  "duration_seconds": 1034.27,
  "performance_metrics": {
    "total_processed": 480,
    "valid_configs": 300,
    "duplicates": 0,
    "failed_tests": 180,
    "success_rate": 62.5,
    "avg_latency_ms": 194.72,
    "avg_score": 98.7
  },
  "protocol_summary": {
    "vmess": {
      "count": 73,
      "avg_lat": 296.2191780821918,
      "avg_score": 98.02520547945205
    },
    "vless": {
      "count": 170,
      "avg_lat": 163.8,
      "avg_score": 98.908
    },
    "ss": {
      "count": 0,
      "avg_lat": 0.0,
      "avg_score": 0.0
    },
    "trojan": {
      "count": 57,
      "avg_lat": 156.9298245614035,
      "avg_score": 98.95380116959065
    }
  }
}