{
  "scan_timestamp": "2025-11-21T19:22:30.303790+00:00",
  "duration_seconds": 836.87,
  "performance_metrics": {
    "total_processed": 396,
    "valid_configs": 241,
    "duplicates": 0,
    "failed_tests": 155,
    "success_rate": 60.86,
    "avg_latency_ms": 159.15,
    "avg_score": 98.94
  },
  "protocol_summary": {
    "vmess": {
      "count": 42,
      "avg_lat": 135.26190476190476,
      "avg_score": 99.09825396825397
    },
    "vless": {
      "count": 120,
      "avg_lat": 165.6,
      "avg_score": 98.896
    },
    "ss": {
      "count": 0,
      "avg_lat": 0.0,
      "avg_score": 0.0
    },
    "trojan": {
      "count": 79,
      "avg_lat": 162.0632911392405,
      "avg_score": 98.91957805907172
    }
  }
}