{
  "scan_timestamp": "2025-11-13T16:31:19.768370+00:00",
  "duration_seconds": 1089.68,
  "performance_metrics": {
    "total_processed": 478,
    "valid_configs": 320,
    "duplicates": 0,
    "failed_tests": 158,
    "success_rate": 66.95,
    "avg_latency_ms": 121.06,
    "avg_score": 99.19
  },
  "protocol_summary": {
    "vmess": {
      "count": 45,
      "avg_lat": 168.22222222222223,
      "avg_score": 98.8785185185185
    },
    "vless": {
      "count": 227,
      "avg_lat": 101.85022026431719,
      "avg_score": 99.3209985315712
    },
    "ss": {
      "count": 1,
      "avg_lat": 127.0,
      "avg_score": 99.15333333333334
    },
    "trojan": {
      "count": 47,
      "avg_lat": 168.5531914893617,
      "avg_score": 98.87631205673759
    }
  }
}