{
  "scan_timestamp": "2025-11-24T03:00:18.046652+00:00",
  "duration_seconds": 803.15,
  "performance_metrics": {
    "total_processed": 385,
    "valid_configs": 234,
    "duplicates": 0,
    "failed_tests": 151,
    "success_rate": 60.78,
    "avg_latency_ms": 129.42,
    "avg_score": 99.14
  },
  "protocol_summary": {
    "vmess": {
      "count": 42,
      "avg_lat": 206.78571428571428,
      "avg_score": 98.62142857142858
    },
    "vless": {
      "count": 91,
      "avg_lat": 73.50549450549451,
      "avg_score": 99.50996336996336
    },
    "ss": {
      "count": 0,
      "avg_lat": 0.0,
      "avg_score": 0.0
    },
    "trojan": {
      "count": 101,
      "avg_lat": 147.63366336633663,
      "avg_score": 99.01577557755776
    }
  }
}