{
  "scan_timestamp": "2025-11-10T04:02:35.901765+00:00",
  "duration_seconds": 1099.73,
  "performance_metrics": {
    "total_processed": 476,
    "valid_configs": 316,
    "duplicates": 0,
    "failed_tests": 160,
    "success_rate": 66.39,
    "avg_latency_ms": 163.17,
    "avg_score": 98.91
  },
  "protocol_summary": {
    "vmess": {
      "count": 59,
      "avg_lat": 227.135593220339,
      "avg_score": 98.48576271186441
    },
    "vless": {
      "count": 245,
      "avg_lat": 149.065306122449,
      "avg_score": 99.006231292517
    },
    "ss": {
      "count": 1,
      "avg_lat": 164.0,
      "avg_score": 98.90666666666667
    },
    "trojan": {
      "count": 11,
      "avg_lat": 134.1818181818182,
      "avg_score": 99.10545454545455
    }
  }
}