{
  "scan_timestamp": "2025-11-21T01:00:01.199515+00:00",
  "duration_seconds": 805.15,
  "performance_metrics": {
    "total_processed": 404,
    "valid_configs": 229,
    "duplicates": 0,
    "failed_tests": 175,
    "success_rate": 56.68,
    "avg_latency_ms": 122.14,
    "avg_score": 99.19
  },
  "protocol_summary": {
    "vmess": {
      "count": 35,
      "avg_lat": 75.51428571428572,
      "avg_score": 99.49657142857143
    },
    "vless": {
      "count": 112,
      "avg_lat": 121.10714285714286,
      "avg_score": 99.19261904761905
    },
    "ss": {
      "count": 1,
      "avg_lat": 190.0,
      "avg_score": 98.73333333333333
    },
    "trojan": {
      "count": 81,
      "avg_lat": 142.88888888888889,
      "avg_score": 99.0474074074074
    }
  }
}