{
  "scan_timestamp": "2025-11-02T16:23:15.267575+00:00",
  "duration_seconds": 780.59,
  "performance_metrics": {
    "total_processed": 370,
    "valid_configs": 186,
    "duplicates": 0,
    "failed_tests": 184,
    "success_rate": 50.27,
    "avg_latency_ms": 152.59,
    "avg_score": 98.98
  },
  "protocol_summary": {
    "vmess": {
      "count": 54,
      "avg_lat": 206.77777777777777,
      "avg_score": 98.6214814814815
    },
    "vless": {
      "count": 109,
      "avg_lat": 106.22018348623853,
      "avg_score": 99.29186544342508
    },
    "ss": {
      "count": 1,
      "avg_lat": 128.0,
      "avg_score": 99.14666666666666
    },
    "trojan": {
      "count": 22,
      "avg_lat": 250.4090909090909,
      "avg_score": 98.33060606060607
    }
  }
}