{
  "scan_timestamp": "2025-11-14T08:33:12.926591+00:00",
  "duration_seconds": 1132.69,
  "performance_metrics": {
    "total_processed": 480,
    "valid_configs": 342,
    "duplicates": 0,
    "failed_tests": 138,
    "success_rate": 71.25,
    "avg_latency_ms": 168.45,
    "avg_score": 98.88
  },
  "protocol_summary": {
    "vmess": {
      "count": 29,
      "avg_lat": 433.8965517241379,
      "avg_score": 97.10735632183908
    },
    "vless": {
      "count": 251,
      "avg_lat": 135.4382470119522,
      "avg_score": 99.09707835325366
    },
    "ss": {
      "count": 0,
      "avg_lat": 0.0,
      "avg_score": 0.0
    },
    "trojan": {
      "count": 62,
      "avg_lat": 177.9516129032258,
      "avg_score": 98.8136559139785
    }
  }
}