{
  "scan_timestamp": "2025-11-20T11:25:08.591012+00:00",
  "duration_seconds": 926.88,
  "performance_metrics": {
    "total_processed": 416,
    "valid_configs": 272,
    "duplicates": 0,
    "failed_tests": 144,
    "success_rate": 65.38,
    "avg_latency_ms": 104.43,
    "avg_score": 99.3
  },
  "protocol_summary": {
    "vmess": {
      "count": 46,
      "avg_lat": 95.34782608695652,
      "avg_score": 99.36434782608696
    },
    "vless": {
      "count": 135,
      "avg_lat": 77.97037037037038,
      "avg_score": 99.48019753086419
    },
    "ss": {
      "count": 1,
      "avg_lat": 126.0,
      "avg_score": 99.16
    },
    "trojan": {
      "count": 90,
      "avg_lat": 148.53333333333333,
      "avg_score": 99.00977777777777
    }
  }
}