{
  "scan_timestamp": "2025-11-18T02:42:57.280739+00:00",
  "duration_seconds": 1013.32,
  "performance_metrics": {
    "total_processed": 469,
    "valid_configs": 303,
    "duplicates": 0,
    "failed_tests": 166,
    "success_rate": 64.61,
    "avg_latency_ms": 168.14,
    "avg_score": 98.88
  },
  "protocol_summary": {
    "vmess": {
      "count": 57,
      "avg_lat": 292.17543859649123,
      "avg_score": 98.05216374269006
    },
    "vless": {
      "count": 165,
      "avg_lat": 136.03636363636363,
      "avg_score": 99.09309090909092
    },
    "ss": {
      "count": 2,
      "avg_lat": 171.0,
      "avg_score": 98.86
    },
    "trojan": {
      "count": 79,
      "avg_lat": 145.62025316455697,
      "avg_score": 99.02919831223629
    }
  }
}