{
  "scan_timestamp": "2025-11-22T10:24:02.932591+00:00",
  "duration_seconds": 861.1,
  "performance_metrics": {
    "total_processed": 415,
    "valid_configs": 246,
    "duplicates": 0,
    "failed_tests": 169,
    "success_rate": 59.28,
    "avg_latency_ms": 135.44,
    "avg_score": 99.1
  },
  "protocol_summary": {
    "vmess": {
      "count": 44,
      "avg_lat": 137.29545454545453,
      "avg_score": 99.08469696969696
    },
    "vless": {
      "count": 109,
      "avg_lat": 134.25688073394497,
      "avg_score": 99.10495412844037
    },
    "ss": {
      "count": 0,
      "avg_lat": 0.0,
      "avg_score": 0.0
    },
    "trojan": {
      "count": 93,
      "avg_lat": 135.94623655913978,
      "avg_score": 99.0936917562724
    }
  }
}