{
  "scan_timestamp": "2025-12-04T05:27:56.416145+00:00",
  "duration_seconds": 1001.79,
  "performance_metrics": {
    "total_processed": 478,
    "valid_configs": 268,
    "duplicates": 0,
    "failed_tests": 210,
    "success_rate": 56.07,
    "avg_latency_ms": 191.4,
    "avg_score": 98.72
  },
  "protocol_summary": {
    "vmess": {
      "count": 77,
      "avg_lat": 346.8961038961039,
      "avg_score": 97.6873593073593
    },
    "vless": {
      "count": 148,
      "avg_lat": 104.72297297297297,
      "avg_score": 99.30184684684686
    },
    "ss": {
      "count": 0,
      "avg_lat": 0.0,
      "avg_score": 0.0
    },
    "trojan": {
      "count": 43,
      "avg_lat": 211.25581395348837,
      "avg_score": 98.59162790697674
    }
  }
}