{
  "scan_timestamp": "2025-11-15T13:36:04.750610+00:00",
  "duration_seconds": 1136.78,
  "performance_metrics": {
    "total_processed": 474,
    "valid_configs": 342,
    "duplicates": 0,
    "failed_tests": 132,
    "success_rate": 72.15,
    "avg_latency_ms": 129.99,
    "avg_score": 99.13
  },
  "protocol_summary": {
    "vmess": {
      "count": 40,
      "avg_lat": 226.675,
      "avg_score": 98.48883333333333
    },
    "vless": {
      "count": 243,
      "avg_lat": 110.26748971193416,
      "avg_score": 99.26488340192043
    },
    "ss": {
      "count": 1,
      "avg_lat": 140.0,
      "avg_score": 99.06666666666666
    },
    "trojan": {
      "count": 58,
      "avg_lat": 145.79310344827587,
      "avg_score": 99.0280459770115
    }
  }
}