{
  "scan_timestamp": "2025-10-30T10:23:31.381687+00:00",
  "duration_seconds": 743.18,
  "performance_metrics": {
    "total_processed": 371,
    "valid_configs": 188,
    "duplicates": 0,
    "failed_tests": 183,
    "success_rate": 50.67,
    "avg_latency_ms": 126.14,
    "avg_score": 99.16
  },
  "protocol_summary": {
    "vmess": {
      "count": 61,
      "avg_lat": 134.85245901639345,
      "avg_score": 99.10098360655738
    },
    "vless": {
      "count": 119,
      "avg_lat": 107.70588235294117,
      "avg_score": 99.28196078431372
    },
    "ss": {
      "count": 1,
      "avg_lat": 125.0,
      "avg_score": 99.16666666666667
    },
    "trojan": {
      "count": 7,
      "avg_lat": 363.85714285714283,
      "avg_score": 97.57428571428571
    }
  }
}