{
  "scan_timestamp": "2025-11-26T01:02:19.825234+00:00",
  "duration_seconds": 912.51,
  "performance_metrics": {
    "total_processed": 428,
    "valid_configs": 266,
    "duplicates": 0,
    "failed_tests": 162,
    "success_rate": 62.15,
    "avg_latency_ms": 140.16,
    "avg_score": 99.07
  },
  "protocol_summary": {
    "vmess": {
      "count": 54,
      "avg_lat": 130.72222222222223,
      "avg_score": 99.1285185185185
    },
    "vless": {
      "count": 122,
      "avg_lat": 148.29508196721312,
      "avg_score": 99.01136612021858
    },
    "ss": {
      "count": 0,
      "avg_lat": 0.0,
      "avg_score": 0.0
    },
    "trojan": {
      "count": 90,
      "avg_lat": 134.7888888888889,
      "avg_score": 99.10140740740741
    }
  }
}