{
  "scan_timestamp": "2025-11-02T19:18:08.889970+00:00",
  "duration_seconds": 772.81,
  "performance_metrics": {
    "total_processed": 370,
    "valid_configs": 184,
    "duplicates": 0,
    "failed_tests": 186,
    "success_rate": 49.73,
    "avg_latency_ms": 125.53,
    "avg_score": 99.16
  },
  "protocol_summary": {
    "vmess": {
      "count": 54,
      "avg_lat": 196.07407407407408,
      "avg_score": 98.69283950617283
    },
    "vless": {
      "count": 108,
      "avg_lat": 94.78703703703704,
      "avg_score": 99.3680864197531
    },
    "ss": {
      "count": 1,
      "avg_lat": 138.0,
      "avg_score": 99.08
    },
    "trojan": {
      "count": 21,
      "avg_lat": 101.61904761904762,
      "avg_score": 99.32253968253967
    }
  }
}