{
  "scan_timestamp": "2025-12-06T11:23:10.986220+00:00",
  "duration_seconds": 920.38,
  "performance_metrics": {
    "total_processed": 473,
    "valid_configs": 252,
    "duplicates": 0,
    "failed_tests": 221,
    "success_rate": 53.28,
    "avg_latency_ms": 172.71,
    "avg_score": 98.85
  },
  "protocol_summary": {
    "vmess": {
      "count": 81,
      "avg_lat": 207.85185185185185,
      "avg_score": 98.61432098765432
    },
    "vless": {
      "count": 127,
      "avg_lat": 133.4015748031496,
      "avg_score": 99.110656167979
    },
    "ss": {
      "count": 0,
      "avg_lat": 0.0,
      "avg_score": 0.0
    },
    "trojan": {
      "count": 44,
      "avg_lat": 221.45454545454547,
      "avg_score": 98.52363636363636
    }
  }
}