{
  "scan_timestamp": "2025-11-26T03:55:56.118609+00:00",
  "duration_seconds": 836.78,
  "performance_metrics": {
    "total_processed": 397,
    "valid_configs": 242,
    "duplicates": 0,
    "failed_tests": 155,
    "success_rate": 60.96,
    "avg_latency_ms": 171.82,
    "avg_score": 98.85
  },
  "protocol_summary": {
    "vmess": {
      "count": 52,
      "avg_lat": 199.3846153846154,
      "avg_score": 98.67076923076924
    },
    "vless": {
      "count": 121,
      "avg_lat": 173.59504132231405,
      "avg_score": 98.84269972451791
    },
    "ss": {
      "count": 0,
      "avg_lat": 0.0,
      "avg_score": 0.0
    },
    "trojan": {
      "count": 69,
      "avg_lat": 147.94202898550725,
      "avg_score": 99.01371980676329
    }
  }
}