{
  "scan_timestamp": "2025-11-04T17:27:15.267626+00:00",
  "duration_seconds": 1137.07,
  "performance_metrics": {
    "total_processed": 478,
    "valid_configs": 320,
    "duplicates": 0,
    "failed_tests": 158,
    "success_rate": 66.95,
    "avg_latency_ms": 133.61,
    "avg_score": 99.11
  },
  "protocol_summary": {
    "vmess": {
      "count": 45,
      "avg_lat": 198.33333333333334,
      "avg_score": 98.67777777777778
    },
    "vless": {
      "count": 264,
      "avg_lat": 121.35227272727273,
      "avg_score": 99.19098484848485
    },
    "ss": {
      "count": 1,
      "avg_lat": 133.0,
      "avg_score": 99.11333333333333
    },
    "trojan": {
      "count": 10,
      "avg_lat": 166.0,
      "avg_score": 98.89333333333335
    }
  }
}