{
  "scan_timestamp": "2025-11-28T10:25:57.186352+00:00",
  "duration_seconds": 885.84,
  "performance_metrics": {
    "total_processed": 477,
    "valid_configs": 207,
    "duplicates": 0,
    "failed_tests": 270,
    "success_rate": 43.4,
    "avg_latency_ms": 141.4,
    "avg_score": 99.06
  },
  "protocol_summary": {
    "vmess": {
      "count": 39,
      "avg_lat": 165.23076923076923,
      "avg_score": 98.89846153846153
    },
    "vless": {
      "count": 97,
      "avg_lat": 108.74226804123711,
      "avg_score": 99.27505154639175
    },
    "ss": {
      "count": 0,
      "avg_lat": 0.0,
      "avg_score": 0.0
    },
    "trojan": {
      "count": 71,
      "avg_lat": 172.91549295774647,
      "avg_score": 98.84723004694835
    }
  }
}