{
  "scan_timestamp": "2025-11-07T04:31:22.041044+00:00",
  "duration_seconds": 1114.41,
  "performance_metrics": {
    "total_processed": 477,
    "valid_configs": 329,
    "duplicates": 0,
    "failed_tests": 148,
    "success_rate": 68.97,
    "avg_latency_ms": 149.7,
    "avg_score": 99.0
  },
  "protocol_summary": {
    "vmess": {
      "count": 51,
      "avg_lat": 202.72549019607843,
      "avg_score": 98.64849673202615
    },
    "vless": {
      "count": 269,
      "avg_lat": 139.7546468401487,
      "avg_score": 99.06830235439901
    },
    "ss": {
      "count": 0,
      "avg_lat": 0.0,
      "avg_score": 0.0
    },
    "trojan": {
      "count": 9,
      "avg_lat": 146.44444444444446,
      "avg_score": 99.0237037037037
    }
  }
}