{
  "scan_timestamp": "2025-12-03T15:29:01.228505+00:00",
  "duration_seconds": 999.21,
  "performance_metrics": {
    "total_processed": 480,
    "valid_configs": 277,
    "duplicates": 0,
    "failed_tests": 203,
    "success_rate": 57.71,
    "avg_latency_ms": 180.42,
    "avg_score": 98.8
  },
  "protocol_summary": {
    "vmess": {
      "count": 80,
      "avg_lat": 268.775,
      "avg_score": 98.20816666666667
    },
    "vless": {
      "count": 150,
      "avg_lat": 127.44,
      "avg_score": 99.15039999999999
    },
    "ss": {
      "count": 0,
      "avg_lat": 0.0,
      "avg_score": 0.0
    },
    "trojan": {
      "count": 47,
      "avg_lat": 199.08510638297872,
      "avg_score": 98.6727659574468
    }
  }
}