{
  "scan_timestamp": "2025-10-26T15:14:33.800399+00:00",
  "duration_seconds": 359.75,
  "performance_metrics": {
    "total_processed": 156,
    "valid_configs": 87,
    "duplicates": 0,
    "failed_tests": 69,
    "success_rate": 55.77,
    "avg_latency_ms": 160.44,
    "avg_score": 98.93
  },
  "protocol_summary": {
    "vmess": {
      "count": 59,
      "avg_lat": 161.864406779661,
      "avg_score": 98.92090395480226
    },
    "vless": {
      "count": 10,
      "avg_lat": 34.1,
      "avg_score": 99.77266666666667
    },
    "ss": {
      "count": 0,
      "avg_lat": 0.0,
      "avg_score": 0.0
    },
    "trojan": {
      "count": 18,
      "avg_lat": 225.94444444444446,
      "avg_score": 98.49370370370372
    }
  }
}