{
  "scan_timestamp": "2025-11-04T19:27:20.207533+00:00",
  "duration_seconds": 1145.98,
  "performance_metrics": {
    "total_processed": 478,
    "valid_configs": 326,
    "duplicates": 0,
    "failed_tests": 152,
    "success_rate": 68.2,
    "avg_latency_ms": 137.75,
    "avg_score": 99.08
  },
  "protocol_summary": {
    "vmess": {
      "count": 46,
      "avg_lat": 124.84782608695652,
      "avg_score": 99.16768115942028
    },
    "vless": {
      "count": 269,
      "avg_lat": 139.364312267658,
      "avg_score": 99.07090458488229
    },
    "ss": {
      "count": 1,
      "avg_lat": 131.0,
      "avg_score": 99.12666666666667
    },
    "trojan": {
      "count": 10,
      "avg_lat": 154.3,
      "avg_score": 98.97133333333333
    }
  }
}