{
  "scan_timestamp": "2025-12-01T17:30:30.171212+00:00",
  "duration_seconds": 1063.56,
  "performance_metrics": {
    "total_processed": 479,
    "valid_configs": 310,
    "duplicates": 0,
    "failed_tests": 169,
    "success_rate": 64.72,
    "avg_latency_ms": 231.71,
    "avg_score": 98.46
  },
  "protocol_summary": {
    "vmess": {
      "count": 80,
      "avg_lat": 395.975,
      "avg_score": 97.36016666666667
    },
    "vless": {
      "count": 172,
      "avg_lat": 163.62209302325581,
      "avg_score": 98.90918604651164
    },
    "ss": {
      "count": 0,
      "avg_lat": 0.0,
      "avg_score": 0.0
    },
    "trojan": {
      "count": 58,
      "avg_lat": 207.0344827586207,
      "avg_score": 98.61977011494253
    }
  }
}