{
  "scan_timestamp": "2025-12-06T21:23:53.962388+00:00",
  "duration_seconds": 913.88,
  "performance_metrics": {
    "total_processed": 469,
    "valid_configs": 239,
    "duplicates": 0,
    "failed_tests": 230,
    "success_rate": 50.96,
    "avg_latency_ms": 178.21,
    "avg_score": 98.81
  },
  "protocol_summary": {
    "vmess": {
      "count": 60,
      "avg_lat": 316.5,
      "avg_score": 97.89
    },
    "vless": {
      "count": 130,
      "avg_lat": 116.23846153846154,
      "avg_score": 99.22507692307693
    },
    "ss": {
      "count": 0,
      "avg_lat": 0.0,
      "avg_score": 0.0
    },
    "trojan": {
      "count": 49,
      "avg_lat": 173.26530612244898,
      "avg_score": 98.84489795918367
    }
  }
}