{
  "scan_timestamp": "2025-11-29T19:23:24.570865+00:00",
  "duration_seconds": 946.28,
  "performance_metrics": {
    "total_processed": 476,
    "valid_configs": 228,
    "duplicates": 0,
    "failed_tests": 248,
    "success_rate": 47.9,
    "avg_latency_ms": 151.65,
    "avg_score": 98.99
  },
  "protocol_summary": {
    "vmess": {
      "count": 34,
      "avg_lat": 105.0,
      "avg_score": 99.3
    },
    "vless": {
      "count": 109,
      "avg_lat": 101.88990825688073,
      "avg_score": 99.32073394495411
    },
    "ss": {
      "count": 0,
      "avg_lat": 0.0,
      "avg_score": 0.0
    },
    "trojan": {
      "count": 85,
      "avg_lat": 234.11764705882354,
      "avg_score": 98.43921568627452
    }
  }
}