{
  "scan_timestamp": "2025-12-03T12:38:01.804425+00:00",
  "duration_seconds": 1053.1,
  "performance_metrics": {
    "total_processed": 482,
    "valid_configs": 307,
    "duplicates": 0,
    "failed_tests": 175,
    "success_rate": 63.69,
    "avg_latency_ms": 178.75,
    "avg_score": 98.81
  },
  "protocol_summary": {
    "vmess": {
      "count": 79,
      "avg_lat": 291.65822784810126,
      "avg_score": 98.055611814346
    },
    "vless": {
      "count": 171,
      "avg_lat": 128.5672514619883,
      "avg_score": 99.14288499025342
    },
    "ss": {
      "count": 0,
      "avg_lat": 0.0,
      "avg_score": 0.0
    },
    "trojan": {
      "count": 57,
      "avg_lat": 172.78947368421052,
      "avg_score": 98.8480701754386
    }
  }
}