{
  "scan_timestamp": "2025-11-27T14:25:45.116307+00:00",
  "duration_seconds": 900.98,
  "performance_metrics": {
    "total_processed": 475,
    "valid_configs": 220,
    "duplicates": 0,
    "failed_tests": 255,
    "success_rate": 46.32,
    "avg_latency_ms": 152.07,
    "avg_score": 98.99
  },
  "protocol_summary": {
    "vmess": {
      "count": 37,
      "avg_lat": 185.86486486486487,
      "avg_score": 98.7609009009009
    },
    "vless": {
      "count": 103,
      "avg_lat": 136.28155339805826,
      "avg_score": 99.09145631067962
    },
    "ss": {
      "count": 0,
      "avg_lat": 0.0,
      "avg_score": 0.0
    },
    "trojan": {
      "count": 80,
      "avg_lat": 156.775,
      "avg_score": 98.95483333333333
    }
  }
}