{
  "scan_timestamp": "2025-11-28T07:26:36.508403+00:00",
  "duration_seconds": 903.48,
  "performance_metrics": {
    "total_processed": 475,
    "valid_configs": 213,
    "duplicates": 0,
    "failed_tests": 262,
    "success_rate": 44.84,
    "avg_latency_ms": 148.24,
    "avg_score": 99.01
  },
  "protocol_summary": {
    "vmess": {
      "count": 39,
      "avg_lat": 120.64102564102564,
      "avg_score": 99.19572649572649
    },
    "vless": {
      "count": 98,
      "avg_lat": 131.07142857142858,
      "avg_score": 99.12619047619047
    },
    "ss": {
      "count": 0,
      "avg_lat": 0.0,
      "avg_score": 0.0
    },
    "trojan": {
      "count": 76,
      "avg_lat": 184.55263157894737,
      "avg_score": 98.76964912280701
    }
  }
}