{
  "scan_timestamp": "2025-11-14T02:45:40.356659+00:00",
  "duration_seconds": 1150.79,
  "performance_metrics": {
    "total_processed": 478,
    "valid_configs": 351,
    "duplicates": 0,
    "failed_tests": 127,
    "success_rate": 73.43,
    "avg_latency_ms": 132.74,
    "avg_score": 99.12
  },
  "protocol_summary": {
    "vmess": {
      "count": 35,
      "avg_lat": 227.0,
      "avg_score": 98.48666666666666
    },
    "vless": {
      "count": 254,
      "avg_lat": 113.93700787401575,
      "avg_score": 99.24041994750655
    },
    "ss": {
      "count": 1,
      "avg_lat": 137.0,
      "avg_score": 99.08666666666667
    },
    "trojan": {
      "count": 61,
      "avg_lat": 156.85245901639345,
      "avg_score": 98.9543169398907
    }
  }
}