{
  "scan_timestamp": "2025-10-26T13:33:22.591528+00:00",
  "duration_seconds": 326.92,
  "performance_metrics": {
    "total_processed": 153,
    "valid_configs": 84,
    "duplicates": 0,
    "failed_tests": 69,
    "success_rate": 54.9,
    "avg_latency_ms": 118.4,
    "avg_score": 99.21
  },
  "protocol_summary": {
    "vmess": {
      "count": 59,
      "avg_lat": 116.62711864406779,
      "avg_score": 99.22248587570623
    },
    "vless": {
      "count": 10,
      "avg_lat": 42.4,
      "avg_score": 99.71733333333334
    },
    "ss": {
      "count": 0,
      "avg_lat": 0.0,
      "avg_score": 0.0
    },
    "trojan": {
      "count": 15,
      "avg_lat": 176.06666666666666,
      "avg_score": 98.82622222222221
    }
  }
}