{
  "scan_timestamp": "2025-11-24T15:28:10.546205+00:00",
  "duration_seconds": 992.21,
  "performance_metrics": {
    "total_processed": 470,
    "valid_configs": 280,
    "duplicates": 0,
    "failed_tests": 190,
    "success_rate": 59.57,
    "avg_latency_ms": 168.2,
    "avg_score": 98.88
  },
  "protocol_summary": {
    "vmess": {
      "count": 49,
      "avg_lat": 281.7142857142857,
      "avg_score": 98.12190476190476
    },
    "vless": {
      "count": 106,
      "avg_lat": 126.19811320754717,
      "avg_score": 99.15867924528301
    },
    "ss": {
      "count": 0,
      "avg_lat": 0.0,
      "avg_score": 0.0
    },
    "trojan": {
      "count": 125,
      "avg_lat": 159.32,
      "avg_score": 98.93786666666666
    }
  }
}