{
  "scan_timestamp": "2025-11-27T20:24:58.693395+00:00",
  "duration_seconds": 904.63,
  "performance_metrics": {
    "total_processed": 474,
    "valid_configs": 219,
    "duplicates": 0,
    "failed_tests": 255,
    "success_rate": 46.2,
    "avg_latency_ms": 167.62,
    "avg_score": 98.88
  },
  "protocol_summary": {
    "vmess": {
      "count": 36,
      "avg_lat": 152.63888888888889,
      "avg_score": 98.98240740740741
    },
    "vless": {
      "count": 101,
      "avg_lat": 174.37623762376236,
      "avg_score": 98.83749174917492
    },
    "ss": {
      "count": 0,
      "avg_lat": 0.0,
      "avg_score": 0.0
    },
    "trojan": {
      "count": 82,
      "avg_lat": 165.8780487804878,
      "avg_score": 98.89414634146341
    }
  }
}