{
  "scan_timestamp": "2025-11-24T04:04:48.135518+00:00",
  "duration_seconds": 793.34,
  "performance_metrics": {
    "total_processed": 383,
    "valid_configs": 227,
    "duplicates": 0,
    "failed_tests": 156,
    "success_rate": 59.27,
    "avg_latency_ms": 116.26,
    "avg_score": 99.22
  },
  "protocol_summary": {
    "vmess": {
      "count": 44,
      "avg_lat": 180.0909090909091,
      "avg_score": 98.79939393939394
    },
    "vless": {
      "count": 98,
      "avg_lat": 49.183673469387756,
      "avg_score": 99.67210884353742
    },
    "ss": {
      "count": 0,
      "avg_lat": 0.0,
      "avg_score": 0.0
    },
    "trojan": {
      "count": 85,
      "avg_lat": 160.5529411764706,
      "avg_score": 98.92964705882353
    }
  }
}