{
  "scan_timestamp": "2025-11-30T03:06:27.672512+00:00",
  "duration_seconds": 931.86,
  "performance_metrics": {
    "total_processed": 476,
    "valid_configs": 221,
    "duplicates": 0,
    "failed_tests": 255,
    "success_rate": 46.43,
    "avg_latency_ms": 148.77,
    "avg_score": 99.01
  },
  "protocol_summary": {
    "vmess": {
      "count": 31,
      "avg_lat": 88.0,
      "avg_score": 99.41333333333334
    },
    "vless": {
      "count": 109,
      "avg_lat": 135.77981651376146,
      "avg_score": 99.09480122324159
    },
    "ss": {
      "count": 0,
      "avg_lat": 0.0,
      "avg_score": 0.0
    },
    "trojan": {
      "count": 81,
      "avg_lat": 189.50617283950618,
      "avg_score": 98.7366255144033
    }
  }
}