{
  "scan_timestamp": "2025-10-31T23:22:27.626211+00:00",
  "duration_seconds": 772.6,
  "performance_metrics": {
    "total_processed": 375,
    "valid_configs": 202,
    "duplicates": 0,
    "failed_tests": 173,
    "success_rate": 53.87,
    "avg_latency_ms": 128.08,
    "avg_score": 99.15
  },
  "protocol_summary": {
    "vmess": {
      "count": 66,
      "avg_lat": 186.1060606060606,
      "avg_score": 98.75929292929293
    },
    "vless": {
      "count": 101,
      "avg_lat": 64.62376237623762,
      "avg_score": 99.56917491749174
    },
    "ss": {
      "count": 1,
      "avg_lat": 127.0,
      "avg_score": 99.15333333333334
    },
    "trojan": {
      "count": 34,
      "avg_lat": 204.0,
      "avg_score": 98.64
    }
  }
}