{
  "scan_timestamp": "2025-10-26T20:16:03.462937+00:00",
  "duration_seconds": 349.14,
  "performance_metrics": {
    "total_processed": 155,
    "valid_configs": 87,
    "duplicates": 0,
    "failed_tests": 68,
    "success_rate": 56.13,
    "avg_latency_ms": 198.17,
    "avg_score": 98.68
  },
  "protocol_summary": {
    "vmess": {
      "count": 59,
      "avg_lat": 231.59322033898306,
      "avg_score": 98.45604519774011
    },
    "vless": {
      "count": 10,
      "avg_lat": 73.0,
      "avg_score": 99.51333333333334
    },
    "ss": {
      "count": 0,
      "avg_lat": 0.0,
      "avg_score": 0.0
    },
    "trojan": {
      "count": 18,
      "avg_lat": 158.16666666666666,
      "avg_score": 98.94555555555556
    }
  }
}