{
  "scan_timestamp": "2025-11-14T21:28:33.641965+00:00",
  "duration_seconds": 1161.37,
  "performance_metrics": {
    "total_processed": 479,
    "valid_configs": 351,
    "duplicates": 0,
    "failed_tests": 128,
    "success_rate": 73.28,
    "avg_latency_ms": 151.6,
    "avg_score": 98.99
  },
  "protocol_summary": {
    "vmess": {
      "count": 36,
      "avg_lat": 129.52777777777777,
      "avg_score": 99.13648148148148
    },
    "vless": {
      "count": 251,
      "avg_lat": 155.3824701195219,
      "avg_score": 98.96411686586985
    },
    "ss": {
      "count": 1,
      "avg_lat": 176.0,
      "avg_score": 98.82666666666667
    },
    "trojan": {
      "count": 63,
      "avg_lat": 148.77777777777777,
      "avg_score": 99.00814814814815
    }
  }
}