{
  "scan_timestamp": "2025-11-12T17:29:35.495417+00:00",
  "duration_seconds": 1091.57,
  "performance_metrics": {
    "total_processed": 475,
    "valid_configs": 314,
    "duplicates": 0,
    "failed_tests": 161,
    "success_rate": 66.11,
    "avg_latency_ms": 146.09,
    "avg_score": 99.03
  },
  "protocol_summary": {
    "vmess": {
      "count": 39,
      "avg_lat": 239.69230769230768,
      "avg_score": 98.40205128205127
    },
    "vless": {
      "count": 233,
      "avg_lat": 127.23175965665236,
      "avg_score": 99.15178826895564
    },
    "ss": {
      "count": 1,
      "avg_lat": 159.0,
      "avg_score": 98.94
    },
    "trojan": {
      "count": 41,
      "avg_lat": 163.90243902439025,
      "avg_score": 98.90731707317073
    }
  }
}