{
  "scan_timestamp": "2025-12-05T11:26:52.125977+00:00",
  "duration_seconds": 986.51,
  "performance_metrics": {
    "total_processed": 470,
    "valid_configs": 281,
    "duplicates": 0,
    "failed_tests": 189,
    "success_rate": 59.79,
    "avg_latency_ms": 175.39,
    "avg_score": 98.83
  },
  "protocol_summary": {
    "vmess": {
      "count": 99,
      "avg_lat": 207.22222222222223,
      "avg_score": 98.61851851851853
    },
    "vless": {
      "count": 137,
      "avg_lat": 151.21167883211677,
      "avg_score": 98.99192214111922
    },
    "ss": {
      "count": 0,
      "avg_lat": 0.0,
      "avg_score": 0.0
    },
    "trojan": {
      "count": 45,
      "avg_lat": 178.95555555555555,
      "avg_score": 98.80696296296297
    }
  }
}