{
  "scan_timestamp": "2025-11-30T07:26:27.060689+00:00",
  "duration_seconds": 1009.75,
  "performance_metrics": {
    "total_processed": 475,
    "valid_configs": 281,
    "duplicates": 0,
    "failed_tests": 194,
    "success_rate": 59.16,
    "avg_latency_ms": 191.49,
    "avg_score": 98.72
  },
  "protocol_summary": {
    "vmess": {
      "count": 74,
      "avg_lat": 258.8243243243243,
      "avg_score": 98.2745045045045
    },
    "vless": {
      "count": 108,
      "avg_lat": 158.87037037037038,
      "avg_score": 98.94086419753086
    },
    "ss": {
      "count": 0,
      "avg_lat": 0.0,
      "avg_score": 0.0
    },
    "trojan": {
      "count": 99,
      "avg_lat": 176.75757575757575,
      "avg_score": 98.82161616161616
    }
  }
}