{
  "scan_timestamp": "2025-11-19T22:24:31.700220+00:00",
  "duration_seconds": 880.86,
  "performance_metrics": {
    "total_processed": 412,
    "valid_configs": 247,
    "duplicates": 0,
    "failed_tests": 165,
    "success_rate": 59.95,
    "avg_latency_ms": 136.19,
    "avg_score": 99.09
  },
  "protocol_summary": {
    "vmess": {
      "count": 48,
      "avg_lat": 134.64583333333334,
      "avg_score": 99.10236111111111
    },
    "vless": {
      "count": 119,
      "avg_lat": 134.23529411764707,
      "avg_score": 99.10509803921568
    },
    "ss": {
      "count": 1,
      "avg_lat": 185.0,
      "avg_score": 98.76666666666667
    },
    "trojan": {
      "count": 79,
      "avg_lat": 139.45569620253164,
      "avg_score": 99.07029535864979
    }
  }
}