{
  "scan_timestamp": "2025-11-26T13:42:25.638860+00:00",
  "duration_seconds": 861.19,
  "performance_metrics": {
    "total_processed": 423,
    "valid_configs": 241,
    "duplicates": 0,
    "failed_tests": 182,
    "success_rate": 56.97,
    "avg_latency_ms": 140.58,
    "avg_score": 99.06
  },
  "protocol_summary": {
    "vmess": {
      "count": 56,
      "avg_lat": 125.41071428571429,
      "avg_score": 99.16392857142857
    },
    "vless": {
      "count": 101,
      "avg_lat": 132.92079207920793,
      "avg_score": 99.11386138613861
    },
    "ss": {
      "count": 0,
      "avg_lat": 0.0,
      "avg_score": 0.0
    },
    "trojan": {
      "count": 84,
      "avg_lat": 159.9047619047619,
      "avg_score": 98.93396825396825
    }
  }
}