{
  "scan_timestamp": "2025-11-16T21:26:32.073802+00:00",
  "duration_seconds": 1082.39,
  "performance_metrics": {
    "total_processed": 474,
    "valid_configs": 328,
    "duplicates": 0,
    "failed_tests": 146,
    "success_rate": 69.2,
    "avg_latency_ms": 122.64,
    "avg_score": 99.18
  },
  "protocol_summary": {
    "vmess": {
      "count": 57,
      "avg_lat": 99.21052631578948,
      "avg_score": 99.33859649122807
    },
    "vless": {
      "count": 205,
      "avg_lat": 112.39024390243902,
      "avg_score": 99.25073170731709
    },
    "ss": {
      "count": 1,
      "avg_lat": 126.0,
      "avg_score": 99.16
    },
    "trojan": {
      "count": 65,
      "avg_lat": 175.47692307692307,
      "avg_score": 98.83015384615385
    }
  }
}