{
  "scan_timestamp": "2025-11-10T07:29:29.298110+00:00",
  "duration_seconds": 1100.6,
  "performance_metrics": {
    "total_processed": 473,
    "valid_configs": 313,
    "duplicates": 0,
    "failed_tests": 160,
    "success_rate": 66.17,
    "avg_latency_ms": 115.8,
    "avg_score": 99.23
  },
  "protocol_summary": {
    "vmess": {
      "count": 58,
      "avg_lat": 168.20689655172413,
      "avg_score": 98.87862068965518
    },
    "vless": {
      "count": 240,
      "avg_lat": 96.025,
      "avg_score": 99.35983333333334
    },
    "ss": {
      "count": 1,
      "avg_lat": 125.0,
      "avg_score": 99.16666666666667
    },
    "trojan": {
      "count": 14,
      "avg_lat": 237.0,
      "avg_score": 98.42
    }
  }
}