{
  "scan_timestamp": "2025-11-11T23:27:28.444932+00:00",
  "duration_seconds": 1091.41,
  "performance_metrics": {
    "total_processed": 479,
    "valid_configs": 316,
    "duplicates": 0,
    "failed_tests": 163,
    "success_rate": 65.97,
    "avg_latency_ms": 173.59,
    "avg_score": 98.84
  },
  "protocol_summary": {
    "vmess": {
      "count": 38,
      "avg_lat": 283.07894736842104,
      "avg_score": 98.11280701754386
    },
    "vless": {
      "count": 262,
      "avg_lat": 157.95801526717557,
      "avg_score": 98.9469465648855
    },
    "ss": {
      "count": 1,
      "avg_lat": 182.0,
      "avg_score": 98.78666666666666
    },
    "trojan": {
      "count": 15,
      "avg_lat": 168.8,
      "avg_score": 98.87466666666666
    }
  }
}