{
  "scan_timestamp": "2025-11-19T14:23:53.254984+00:00",
  "duration_seconds": 827.86,
  "performance_metrics": {
    "total_processed": 419,
    "valid_configs": 225,
    "duplicates": 0,
    "failed_tests": 194,
    "success_rate": 53.7,
    "avg_latency_ms": 137.7,
    "avg_score": 99.08
  },
  "protocol_summary": {
    "vmess": {
      "count": 41,
      "avg_lat": 225.9268292682927,
      "avg_score": 98.49382113821139
    },
    "vless": {
      "count": 98,
      "avg_lat": 94.08163265306122,
      "avg_score": 99.37278911564626
    },
    "ss": {
      "count": 1,
      "avg_lat": 138.0,
      "avg_score": 99.08
    },
    "trojan": {
      "count": 85,
      "avg_lat": 145.42352941176472,
      "avg_score": 99.03050980392156
    }
  }
}