{
  "scan_timestamp": "2025-11-03T09:25:33.148056+00:00",
  "duration_seconds": 736.39,
  "performance_metrics": {
    "total_processed": 330,
    "valid_configs": 179,
    "duplicates": 0,
    "failed_tests": 151,
    "success_rate": 54.24,
    "avg_latency_ms": 185.17,
    "avg_score": 98.77
  },
  "protocol_summary": {
    "vmess": {
      "count": 70,
      "avg_lat": 283.1714285714286,
      "avg_score": 98.11219047619048
    },
    "vless": {
      "count": 86,
      "avg_lat": 131.0581395348837,
      "avg_score": 99.12627906976745
    },
    "ss": {
      "count": 1,
      "avg_lat": 187.0,
      "avg_score": 98.75333333333333
    },
    "trojan": {
      "count": 22,
      "avg_lat": 84.77272727272727,
      "avg_score": 99.43484848484849
    }
  }
}