{
  "scan_timestamp": "2025-11-08T03:48:37.032382+00:00",
  "duration_seconds": 1150.01,
  "performance_metrics": {
    "total_processed": 479,
    "valid_configs": 353,
    "duplicates": 0,
    "failed_tests": 126,
    "success_rate": 73.7,
    "avg_latency_ms": 127.48,
    "avg_score": 99.15
  },
  "protocol_summary": {
    "vmess": {
      "count": 82,
      "avg_lat": 208.0609756097561,
      "avg_score": 98.61292682926829
    },
    "vless": {
      "count": 264,
      "avg_lat": 100.91666666666667,
      "avg_score": 99.32722222222222
    },
    "ss": {
      "count": 0,
      "avg_lat": 0.0,
      "avg_score": 0.0
    },
    "trojan": {
      "count": 7,
      "avg_lat": 185.42857142857142,
      "avg_score": 98.76380952380953
    }
  }
}