{
  "scan_timestamp": "2025-12-02T11:26:38.925814+00:00",
  "duration_seconds": 977.56,
  "performance_metrics": {
    "total_processed": 478,
    "valid_configs": 283,
    "duplicates": 0,
    "failed_tests": 195,
    "success_rate": 59.21,
    "avg_latency_ms": 174.65,
    "avg_score": 98.84
  },
  "protocol_summary": {
    "vmess": {
      "count": 66,
      "avg_lat": 282.969696969697,
      "avg_score": 98.11353535353535
    },
    "vless": {
      "count": 153,
      "avg_lat": 120.6078431372549,
      "avg_score": 99.1959477124183
    },
    "ss": {
      "count": 0,
      "avg_lat": 0.0,
      "avg_score": 0.0
    },
    "trojan": {
      "count": 64,
      "avg_lat": 192.140625,
      "avg_score": 98.7190625
    }
  }
}