{
  "scan_timestamp": "2025-11-27T10:27:40.041502+00:00",
  "duration_seconds": 955.26,
  "performance_metrics": {
    "total_processed": 481,
    "valid_configs": 227,
    "duplicates": 0,
    "failed_tests": 254,
    "success_rate": 47.19,
    "avg_latency_ms": 148.56,
    "avg_score": 99.01
  },
  "protocol_summary": {
    "vmess": {
      "count": 39,
      "avg_lat": 173.07692307692307,
      "avg_score": 98.84615384615384
    },
    "vless": {
      "count": 104,
      "avg_lat": 126.32692307692308,
      "avg_score": 99.15782051282052
    },
    "ss": {
      "count": 0,
      "avg_lat": 0.0,
      "avg_score": 0.0
    },
    "trojan": {
      "count": 84,
      "avg_lat": 164.71428571428572,
      "avg_score": 98.90190476190476
    }
  }
}