{
  "scan_timestamp": "2025-11-20T05:25:05.315279+00:00",
  "duration_seconds": 855.49,
  "performance_metrics": {
    "total_processed": 416,
    "valid_configs": 241,
    "duplicates": 0,
    "failed_tests": 175,
    "success_rate": 57.93,
    "avg_latency_ms": 130.61,
    "avg_score": 99.13
  },
  "protocol_summary": {
    "vmess": {
      "count": 51,
      "avg_lat": 154.64705882352942,
      "avg_score": 98.96901960784314
    },
    "vless": {
      "count": 113,
      "avg_lat": 112.66371681415929,
      "avg_score": 99.24890855457227
    },
    "ss": {
      "count": 1,
      "avg_lat": 189.0,
      "avg_score": 98.74
    },
    "trojan": {
      "count": 76,
      "avg_lat": 140.39473684210526,
      "avg_score": 99.0640350877193
    }
  }
}