{
  "scan_timestamp": "2025-10-27T18:28:25.040253+00:00",
  "duration_seconds": 799.23,
  "performance_metrics": {
    "total_processed": 385,
    "valid_configs": 209,
    "duplicates": 0,
    "failed_tests": 176,
    "success_rate": 54.29,
    "avg_latency_ms": 117.82,
    "avg_score": 99.21
  },
  "protocol_summary": {
    "vmess": {
      "count": 66,
      "avg_lat": 162.9848484848485,
      "avg_score": 98.91343434343435
    },
    "vless": {
      "count": 120,
      "avg_lat": 94.26666666666667,
      "avg_score": 99.37155555555555
    },
    "ss": {
      "count": 1,
      "avg_lat": 136.0,
      "avg_score": 99.09333333333333
    },
    "trojan": {
      "count": 22,
      "avg_lat": 109.95454545454545,
      "avg_score": 99.2669696969697
    }
  }
}