{
  "scan_timestamp": "2025-11-24T20:27:56.667988+00:00",
  "duration_seconds": 979.97,
  "performance_metrics": {
    "total_processed": 467,
    "valid_configs": 276,
    "duplicates": 0,
    "failed_tests": 191,
    "success_rate": 59.1,
    "avg_latency_ms": 159.87,
    "avg_score": 98.93
  },
  "protocol_summary": {
    "vmess": {
      "count": 51,
      "avg_lat": 172.15686274509804,
      "avg_score": 98.85228758169936
    },
    "vless": {
      "count": 101,
      "avg_lat": 153.21782178217822,
      "avg_score": 98.97854785478549
    },
    "ss": {
      "count": 0,
      "avg_lat": 0.0,
      "avg_score": 0.0
    },
    "trojan": {
      "count": 124,
      "avg_lat": 160.23387096774192,
      "avg_score": 98.93177419354839
    }
  }
}