{
  "scan_timestamp": "2025-11-19T08:29:05.088957+00:00",
  "duration_seconds": 871.17,
  "performance_metrics": {
    "total_processed": 412,
    "valid_configs": 242,
    "duplicates": 0,
    "failed_tests": 170,
    "success_rate": 58.74,
    "avg_latency_ms": 133.22,
    "avg_score": 99.11
  },
  "protocol_summary": {
    "vmess": {
      "count": 38,
      "avg_lat": 164.21052631578948,
      "avg_score": 98.90526315789474
    },
    "vless": {
      "count": 123,
      "avg_lat": 88.26829268292683,
      "avg_score": 99.41154471544715
    },
    "ss": {
      "count": 1,
      "avg_lat": 140.0,
      "avg_score": 99.06666666666666
    },
    "trojan": {
      "count": 80,
      "avg_lat": 187.525,
      "avg_score": 98.74983333333333
    }
  }
}