{
  "scan_timestamp": "2025-11-15T15:27:44.175471+00:00",
  "duration_seconds": 1130.57,
  "performance_metrics": {
    "total_processed": 474,
    "valid_configs": 330,
    "duplicates": 0,
    "failed_tests": 144,
    "success_rate": 69.62,
    "avg_latency_ms": 158.57,
    "avg_score": 98.94
  },
  "protocol_summary": {
    "vmess": {
      "count": 38,
      "avg_lat": 205.18421052631578,
      "avg_score": 98.6321052631579
    },
    "vless": {
      "count": 234,
      "avg_lat": 143.9059829059829,
      "avg_score": 99.04062678062678
    },
    "ss": {
      "count": 1,
      "avg_lat": 217.0,
      "avg_score": 98.55333333333333
    },
    "trojan": {
      "count": 57,
      "avg_lat": 186.64912280701753,
      "avg_score": 98.75567251461989
    }
  }
}