{
  "scan_timestamp": "2025-11-05T07:29:26.244770+00:00",
  "duration_seconds": 1136.89,
  "performance_metrics": {
    "total_processed": 474,
    "valid_configs": 326,
    "duplicates": 0,
    "failed_tests": 148,
    "success_rate": 68.78,
    "avg_latency_ms": 169.31,
    "avg_score": 98.87
  },
  "protocol_summary": {
    "vmess": {
      "count": 48,
      "avg_lat": 234.85416666666666,
      "avg_score": 98.43430555555555
    },
    "vless": {
      "count": 266,
      "avg_lat": 159.56766917293234,
      "avg_score": 98.93621553884712
    },
    "ss": {
      "count": 1,
      "avg_lat": 154.0,
      "avg_score": 98.97333333333333
    },
    "trojan": {
      "count": 11,
      "avg_lat": 120.27272727272727,
      "avg_score": 99.19818181818182
    }
  }
}