{
  "scan_timestamp": "2025-11-23T16:25:55.768818+00:00",
  "duration_seconds": 919.36,
  "performance_metrics": {
    "total_processed": 468,
    "valid_configs": 268,
    "duplicates": 0,
    "failed_tests": 200,
    "success_rate": 57.26,
    "avg_latency_ms": 148.28,
    "avg_score": 99.01
  },
  "protocol_summary": {
    "vmess": {
      "count": 40,
      "avg_lat": 101.8,
      "avg_score": 99.32133333333334
    },
    "vless": {
      "count": 126,
      "avg_lat": 107.75396825396825,
      "avg_score": 99.28164021164021
    },
    "ss": {
      "count": 0,
      "avg_lat": 0.0,
      "avg_score": 0.0
    },
    "trojan": {
      "count": 102,
      "avg_lat": 216.55882352941177,
      "avg_score": 98.55627450980391
    }
  }
}