{
  "scan_timestamp": "2025-10-31T13:37:51.954213+00:00",
  "duration_seconds": 868.55,
  "performance_metrics": {
    "total_processed": 429,
    "valid_configs": 219,
    "duplicates": 0,
    "failed_tests": 210,
    "success_rate": 51.05,
    "avg_latency_ms": 162.15,
    "avg_score": 98.92
  },
  "protocol_summary": {
    "vmess": {
      "count": 64,
      "avg_lat": 240.859375,
      "avg_score": 98.39427083333334
    },
    "vless": {
      "count": 103,
      "avg_lat": 76.99029126213593,
      "avg_score": 99.48673139158576
    },
    "ss": {
      "count": 1,
      "avg_lat": 190.0,
      "avg_score": 98.73333333333333
    },
    "trojan": {
      "count": 51,
      "avg_lat": 234.8235294117647,
      "avg_score": 98.43450980392157
    }
  }
}