{
  "scan_timestamp": "2025-11-29T17:24:03.646748+00:00",
  "duration_seconds": 947.81,
  "performance_metrics": {
    "total_processed": 476,
    "valid_configs": 222,
    "duplicates": 0,
    "failed_tests": 254,
    "success_rate": 46.64,
    "avg_latency_ms": 164.37,
    "avg_score": 98.9
  },
  "protocol_summary": {
    "vmess": {
      "count": 35,
      "avg_lat": 128.0857142857143,
      "avg_score": 99.14609523809524
    },
    "vless": {
      "count": 108,
      "avg_lat": 144.07407407407408,
      "avg_score": 99.03950617283951
    },
    "ss": {
      "count": 0,
      "avg_lat": 0.0,
      "avg_score": 0.0
    },
    "trojan": {
      "count": 79,
      "avg_lat": 208.20253164556962,
      "avg_score": 98.61198312236287
    }
  }
}