{
  "scan_timestamp": "2025-11-12T13:44:36.858274+00:00",
  "duration_seconds": 1093.55,
  "performance_metrics": {
    "total_processed": 479,
    "valid_configs": 315,
    "duplicates": 0,
    "failed_tests": 164,
    "success_rate": 65.76,
    "avg_latency_ms": 128.37,
    "avg_score": 99.14
  },
  "protocol_summary": {
    "vmess": {
      "count": 35,
      "avg_lat": 272.34285714285716,
      "avg_score": 98.18438095238095
    },
    "vless": {
      "count": 245,
      "avg_lat": 101.46122448979592,
      "avg_score": 99.32359183673469
    },
    "ss": {
      "count": 1,
      "avg_lat": 131.0,
      "avg_score": 99.12666666666667
    },
    "trojan": {
      "count": 34,
      "avg_lat": 173.97058823529412,
      "avg_score": 98.84019607843138
    }
  }
}