{
  "scan_timestamp": "2025-12-03T04:38:08.704290+00:00",
  "duration_seconds": 1128.22,
  "performance_metrics": {
    "total_processed": 484,
    "valid_configs": 324,
    "duplicates": 0,
    "failed_tests": 160,
    "success_rate": 66.94,
    "avg_latency_ms": 200.42,
    "avg_score": 98.66
  },
  "protocol_summary": {
    "vmess": {
      "count": 72,
      "avg_lat": 409.5138888888889,
      "avg_score": 97.2699074074074
    },
    "vless": {
      "count": 170,
      "avg_lat": 112.45294117647059,
      "avg_score": 99.2503137254902
    },
    "ss": {
      "count": 1,
      "avg_lat": 211.0,
      "avg_score": 98.59333333333333
    },
    "trojan": {
      "count": 81,
      "avg_lat": 199.0493827160494,
      "avg_score": 98.67300411522633
    }
  }
}