{
  "scan_timestamp": "2025-11-24T08:30:49.334852+00:00",
  "duration_seconds": 911.99,
  "performance_metrics": {
    "total_processed": 434,
    "valid_configs": 266,
    "duplicates": 0,
    "failed_tests": 168,
    "success_rate": 61.29,
    "avg_latency_ms": 137.26,
    "avg_score": 99.08
  },
  "protocol_summary": {
    "vmess": {
      "count": 46,
      "avg_lat": 184.58695652173913,
      "avg_score": 98.76942028985508
    },
    "vless": {
      "count": 112,
      "avg_lat": 121.61607142857143,
      "avg_score": 99.18922619047619
    },
    "ss": {
      "count": 0,
      "avg_lat": 0.0,
      "avg_score": 0.0
    },
    "trojan": {
      "count": 108,
      "avg_lat": 133.33333333333334,
      "avg_score": 99.11111111111111
    }
  }
}