{
  "scan_timestamp": "2025-10-28T15:24:18.014846+00:00",
  "duration_seconds": 794.48,
  "performance_metrics": {
    "total_processed": 370,
    "valid_configs": 208,
    "duplicates": 0,
    "failed_tests": 162,
    "success_rate": 56.22,
    "avg_latency_ms": 148.94,
    "avg_score": 99.01
  },
  "protocol_summary": {
    "vmess": {
      "count": 65,
      "avg_lat": 257.2,
      "avg_score": 98.28533333333334
    },
    "vless": {
      "count": 119,
      "avg_lat": 85.52941176470588,
      "avg_score": 99.42980392156863
    },
    "ss": {
      "count": 1,
      "avg_lat": 211.0,
      "avg_score": 98.59333333333333
    },
    "trojan": {
      "count": 23,
      "avg_lat": 168.34782608695653,
      "avg_score": 98.87768115942028
    }
  }
}