{
  "scan_timestamp": "2025-12-06T18:28:43.744207+00:00",
  "duration_seconds": 920.08,
  "performance_metrics": {
    "total_processed": 469,
    "valid_configs": 240,
    "duplicates": 0,
    "failed_tests": 229,
    "success_rate": 51.17,
    "avg_latency_ms": 201.33,
    "avg_score": 98.66
  },
  "protocol_summary": {
    "vmess": {
      "count": 59,
      "avg_lat": 228.54237288135593,
      "avg_score": 98.47638418079096
    },
    "vless": {
      "count": 132,
      "avg_lat": 158.53030303030303,
      "avg_score": 98.94313131313132
    },
    "ss": {
      "count": 0,
      "avg_lat": 0.0,
      "avg_score": 0.0
    },
    "trojan": {
      "count": 49,
      "avg_lat": 283.85714285714283,
      "avg_score": 98.10761904761905
    }
  }
}