{
  "scan_timestamp": "2025-12-02T18:33:25.292466+00:00",
  "duration_seconds": 1010.86,
  "performance_metrics": {
    "total_processed": 477,
    "valid_configs": 274,
    "duplicates": 0,
    "failed_tests": 203,
    "success_rate": 57.44,
    "avg_latency_ms": 164.67,
    "avg_score": 98.9
  },
  "protocol_summary": {
    "vmess": {
      "count": 35,
      "avg_lat": 164.0857142857143,
      "avg_score": 98.90609523809523
    },
    "vless": {
      "count": 168,
      "avg_lat": 176.73809523809524,
      "avg_score": 98.82174603174603
    },
    "ss": {
      "count": 0,
      "avg_lat": 0.0,
      "avg_score": 0.0
    },
    "trojan": {
      "count": 71,
      "avg_lat": 136.3943661971831,
      "avg_score": 99.09070422535211
    }
  }
}