{
  "scan_timestamp": "2025-11-19T01:03:17.541374+00:00",
  "duration_seconds": 980.08,
  "performance_metrics": {
    "total_processed": 428,
    "valid_configs": 267,
    "duplicates": 0,
    "failed_tests": 161,
    "success_rate": 62.38,
    "avg_latency_ms": 102.19,
    "avg_score": 99.32
  },
  "protocol_summary": {
    "vmess": {
      "count": 32,
      "avg_lat": 99.4375,
      "avg_score": 99.33708333333334
    },
    "vless": {
      "count": 170,
      "avg_lat": 65.37647058823529,
      "avg_score": 99.5641568627451
    },
    "ss": {
      "count": 1,
      "avg_lat": 127.0,
      "avg_score": 99.15333333333334
    },
    "trojan": {
      "count": 64,
      "avg_lat": 200.96875,
      "avg_score": 98.66020833333333
    }
  }
}