{
  "scan_timestamp": "2025-11-27T19:23:21.866693+00:00",
  "duration_seconds": 925.77,
  "performance_metrics": {
    "total_processed": 474,
    "valid_configs": 222,
    "duplicates": 0,
    "failed_tests": 252,
    "success_rate": 46.84,
    "avg_latency_ms": 182.45,
    "avg_score": 98.78
  },
  "protocol_summary": {
    "vmess": {
      "count": 37,
      "avg_lat": 168.51351351351352,
      "avg_score": 98.87657657657658
    },
    "vless": {
      "count": 103,
      "avg_lat": 178.83495145631068,
      "avg_score": 98.80776699029127
    },
    "ss": {
      "count": 0,
      "avg_lat": 0.0,
      "avg_score": 0.0
    },
    "trojan": {
      "count": 82,
      "avg_lat": 193.26829268292684,
      "avg_score": 98.71154471544715
    }
  }
}