{
  "scan_timestamp": "2025-11-17T15:30:32.106803+00:00",
  "duration_seconds": 1106.39,
  "performance_metrics": {
    "total_processed": 470,
    "valid_configs": 333,
    "duplicates": 0,
    "failed_tests": 137,
    "success_rate": 70.85,
    "avg_latency_ms": 175.16,
    "avg_score": 98.83
  },
  "protocol_summary": {
    "vmess": {
      "count": 49,
      "avg_lat": 291.0408163265306,
      "avg_score": 98.05972789115646
    },
    "vless": {
      "count": 212,
      "avg_lat": 152.8443396226415,
      "avg_score": 98.98103773584906
    },
    "ss": {
      "count": 1,
      "avg_lat": 193.0,
      "avg_score": 98.71333333333334
    },
    "trojan": {
      "count": 71,
      "avg_lat": 161.56338028169014,
      "avg_score": 98.92291079812206
    }
  }
}