{
  "scan_timestamp": "2025-11-15T03:52:44.576106+00:00",
  "duration_seconds": 1144.15,
  "performance_metrics": {
    "total_processed": 477,
    "valid_configs": 343,
    "duplicates": 0,
    "failed_tests": 134,
    "success_rate": 71.91,
    "avg_latency_ms": 156.52,
    "avg_score": 98.96
  },
  "protocol_summary": {
    "vmess": {
      "count": 38,
      "avg_lat": 145.73684210526315,
      "avg_score": 99.02842105263157
    },
    "vless": {
      "count": 244,
      "avg_lat": 160.61885245901638,
      "avg_score": 98.92920765027321
    },
    "ss": {
      "count": 1,
      "avg_lat": 188.0,
      "avg_score": 98.74666666666667
    },
    "trojan": {
      "count": 60,
      "avg_lat": 146.13333333333333,
      "avg_score": 99.02577777777779
    }
  }
}