{
  "scan_timestamp": "2025-11-25T14:27:23.788593+00:00",
  "duration_seconds": 1013.23,
  "performance_metrics": {
    "total_processed": 468,
    "valid_configs": 301,
    "duplicates": 0,
    "failed_tests": 167,
    "success_rate": 64.32,
    "avg_latency_ms": 123.75,
    "avg_score": 99.17
  },
  "protocol_summary": {
    "vmess": {
      "count": 62,
      "avg_lat": 126.38709677419355,
      "avg_score": 99.15741935483871
    },
    "vless": {
      "count": 114,
      "avg_lat": 121.90350877192982,
      "avg_score": 99.18730994152047
    },
    "ss": {
      "count": 0,
      "avg_lat": 0.0,
      "avg_score": 0.0
    },
    "trojan": {
      "count": 125,
      "avg_lat": 124.128,
      "avg_score": 99.17248
    }
  }
}