{
  "scan_timestamp": "2025-12-02T13:46:24.710044+00:00",
  "duration_seconds": 988.05,
  "performance_metrics": {
    "total_processed": 478,
    "valid_configs": 283,
    "duplicates": 0,
    "failed_tests": 195,
    "success_rate": 59.21,
    "avg_latency_ms": 163.27,
    "avg_score": 98.91
  },
  "protocol_summary": {
    "vmess": {
      "count": 68,
      "avg_lat": 182.9264705882353,
      "avg_score": 98.78049019607843
    },
    "vless": {
      "count": 153,
      "avg_lat": 153.62091503267973,
      "avg_score": 98.9758605664488
    },
    "ss": {
      "count": 0,
      "avg_lat": 0.0,
      "avg_score": 0.0
    },
    "trojan": {
      "count": 62,
      "avg_lat": 165.5,
      "avg_score": 98.89666666666666
    }
  }
}