{
  "scan_timestamp": "2025-11-28T12:34:26.378643+00:00",
  "duration_seconds": 892.77,
  "performance_metrics": {
    "total_processed": 477,
    "valid_configs": 212,
    "duplicates": 0,
    "failed_tests": 265,
    "success_rate": 44.44,
    "avg_latency_ms": 154.62,
    "avg_score": 98.97
  },
  "protocol_summary": {
    "vmess": {
      "count": 46,
      "avg_lat": 113.8913043478261,
      "avg_score": 99.24072463768117
    },
    "vless": {
      "count": 89,
      "avg_lat": 109.57303370786516,
      "avg_score": 99.26951310861425
    },
    "ss": {
      "count": 0,
      "avg_lat": 0.0,
      "avg_score": 0.0
    },
    "trojan": {
      "count": 77,
      "avg_lat": 231.01298701298703,
      "avg_score": 98.45991341991342
    }
  }
}