{
  "scan_timestamp": "2025-12-06T20:25:58.172711+00:00",
  "duration_seconds": 914.71,
  "performance_metrics": {
    "total_processed": 469,
    "valid_configs": 240,
    "duplicates": 0,
    "failed_tests": 229,
    "success_rate": 51.17,
    "avg_latency_ms": 182.33,
    "avg_score": 98.78
  },
  "protocol_summary": {
    "vmess": {
      "count": 61,
      "avg_lat": 240.80327868852459,
      "avg_score": 98.39464480874318
    },
    "vless": {
      "count": 130,
      "avg_lat": 143.47692307692307,
      "avg_score": 99.04348717948719
    },
    "ss": {
      "count": 0,
      "avg_lat": 0.0,
      "avg_score": 0.0
    },
    "trojan": {
      "count": 49,
      "avg_lat": 212.6122448979592,
      "avg_score": 98.58258503401359
    }
  }
}