{
  "scan_timestamp": "2025-10-29T23:22:15.268915+00:00",
  "duration_seconds": 750.65,
  "performance_metrics": {
    "total_processed": 361,
    "valid_configs": 198,
    "duplicates": 0,
    "failed_tests": 163,
    "success_rate": 54.85,
    "avg_latency_ms": 121.75,
    "avg_score": 99.19
  },
  "protocol_summary": {
    "vmess": {
      "count": 61,
      "avg_lat": 184.5737704918033,
      "avg_score": 98.7695081967213
    },
    "vless": {
      "count": 122,
      "avg_lat": 87.09016393442623,
      "avg_score": 99.41939890710383
    },
    "ss": {
      "count": 1,
      "avg_lat": 181.0,
      "avg_score": 98.79333333333334
    },
    "trojan": {
      "count": 14,
      "avg_lat": 145.85714285714286,
      "avg_score": 99.02761904761904
    }
  }
}