{
  "scan_timestamp": "2025-11-24T19:21:03.269135+00:00",
  "duration_seconds": 983.69,
  "performance_metrics": {
    "total_processed": 467,
    "valid_configs": 279,
    "duplicates": 0,
    "failed_tests": 188,
    "success_rate": 59.74,
    "avg_latency_ms": 157.8,
    "avg_score": 98.95
  },
  "protocol_summary": {
    "vmess": {
      "count": 52,
      "avg_lat": 171.30769230769232,
      "avg_score": 98.85794871794873
    },
    "vless": {
      "count": 103,
      "avg_lat": 170.74757281553397,
      "avg_score": 98.86168284789645
    },
    "ss": {
      "count": 0,
      "avg_lat": 0.0,
      "avg_score": 0.0
    },
    "trojan": {
      "count": 124,
      "avg_lat": 141.38709677419354,
      "avg_score": 99.05741935483871
    }
  }
}