{
  "scan_timestamp": "2025-11-26T05:24:47.636331+00:00",
  "duration_seconds": 844.5,
  "performance_metrics": {
    "total_processed": 397,
    "valid_configs": 237,
    "duplicates": 0,
    "failed_tests": 160,
    "success_rate": 59.7,
    "avg_latency_ms": 146.64,
    "avg_score": 99.02
  },
  "protocol_summary": {
    "vmess": {
      "count": 48,
      "avg_lat": 122.0,
      "avg_score": 99.18666666666667
    },
    "vless": {
      "count": 121,
      "avg_lat": 144.37190082644628,
      "avg_score": 99.03752066115703
    },
    "ss": {
      "count": 0,
      "avg_lat": 0.0,
      "avg_score": 0.0
    },
    "trojan": {
      "count": 68,
      "avg_lat": 168.05882352941177,
      "avg_score": 98.87960784313725
    }
  }
}