{
  "scan_timestamp": "2025-10-29T20:26:36.242177+00:00",
  "duration_seconds": 808.98,
  "performance_metrics": {
    "total_processed": 391,
    "valid_configs": 214,
    "duplicates": 0,
    "failed_tests": 177,
    "success_rate": 54.73,
    "avg_latency_ms": 107.45,
    "avg_score": 99.28
  },
  "protocol_summary": {
    "vmess": {
      "count": 65,
      "avg_lat": 175.6153846153846,
      "avg_score": 98.82923076923076
    },
    "vless": {
      "count": 118,
      "avg_lat": 56.86440677966102,
      "avg_score": 99.62090395480226
    },
    "ss": {
      "count": 1,
      "avg_lat": 138.0,
      "avg_score": 99.08
    },
    "trojan": {
      "count": 30,
      "avg_lat": 157.73333333333332,
      "avg_score": 98.94844444444445
    }
  }
}