{
  "scan_timestamp": "2025-11-12T15:29:18.282215+00:00",
  "duration_seconds": 1085.81,
  "performance_metrics": {
    "total_processed": 478,
    "valid_configs": 313,
    "duplicates": 0,
    "failed_tests": 165,
    "success_rate": 65.48,
    "avg_latency_ms": 178.4,
    "avg_score": 98.81
  },
  "protocol_summary": {
    "vmess": {
      "count": 35,
      "avg_lat": 347.48571428571427,
      "avg_score": 97.68342857142858
    },
    "vless": {
      "count": 245,
      "avg_lat": 157.22448979591837,
      "avg_score": 98.95183673469388
    },
    "ss": {
      "count": 1,
      "avg_lat": 159.0,
      "avg_score": 98.94
    },
    "trojan": {
      "count": 32,
      "avg_lat": 156.21875,
      "avg_score": 98.95854166666666
    }
  }
}