{
  "scan_timestamp": "2025-11-27T07:29:29.334867+00:00",
  "duration_seconds": 1004.4,
  "performance_metrics": {
    "total_processed": 472,
    "valid_configs": 295,
    "duplicates": 0,
    "failed_tests": 177,
    "success_rate": 62.5,
    "avg_latency_ms": 181.36,
    "avg_score": 98.79
  },
  "protocol_summary": {
    "vmess": {
      "count": 48,
      "avg_lat": 230.875,
      "avg_score": 98.46083333333333
    },
    "vless": {
      "count": 178,
      "avg_lat": 174.41011235955057,
      "avg_score": 98.83726591760299
    },
    "ss": {
      "count": 0,
      "avg_lat": 0.0,
      "avg_score": 0.0
    },
    "trojan": {
      "count": 69,
      "avg_lat": 164.84057971014494,
      "avg_score": 98.90106280193237
    }
  }
}