{
  "scan_timestamp": "2025-12-01T22:26:22.097282+00:00",
  "duration_seconds": 1039.42,
  "performance_metrics": {
    "total_processed": 484,
    "valid_configs": 300,
    "duplicates": 0,
    "failed_tests": 184,
    "success_rate": 61.98,
    "avg_latency_ms": 180.47,
    "avg_score": 98.8
  },
  "protocol_summary": {
    "vmess": {
      "count": 76,
      "avg_lat": 251.81578947368422,
      "avg_score": 98.32122807017544
    },
    "vless": {
      "count": 157,
      "avg_lat": 151.63057324840764,
      "avg_score": 98.98912951167728
    },
    "ss": {
      "count": 0,
      "avg_lat": 0.0,
      "avg_score": 0.0
    },
    "trojan": {
      "count": 67,
      "avg_lat": 167.11940298507463,
      "avg_score": 98.88587064676616
    }
  }
}