{
  "scan_timestamp": "2025-11-17T13:43:08.235335+00:00",
  "duration_seconds": 1053.61,
  "performance_metrics": {
    "total_processed": 442,
    "valid_configs": 321,
    "duplicates": 0,
    "failed_tests": 121,
    "success_rate": 72.62,
    "avg_latency_ms": 136.07,
    "avg_score": 99.09
  },
  "protocol_summary": {
    "vmess": {
      "count": 39,
      "avg_lat": 154.94871794871796,
      "avg_score": 98.96700854700855
    },
    "vless": {
      "count": 215,
      "avg_lat": 124.80465116279069,
      "avg_score": 99.16796899224806
    },
    "ss": {
      "count": 1,
      "avg_lat": 137.0,
      "avg_score": 99.08666666666667
    },
    "trojan": {
      "count": 66,
      "avg_lat": 161.5909090909091,
      "avg_score": 98.92272727272727
    }
  }
}