{
  "scan_timestamp": "2025-12-03T18:32:38.534616+00:00",
  "duration_seconds": 964.83,
  "performance_metrics": {
    "total_processed": 478,
    "valid_configs": 265,
    "duplicates": 0,
    "failed_tests": 213,
    "success_rate": 55.44,
    "avg_latency_ms": 216.62,
    "avg_score": 98.56
  },
  "protocol_summary": {
    "vmess": {
      "count": 84,
      "avg_lat": 325.51190476190476,
      "avg_score": 97.82992063492063
    },
    "vless": {
      "count": 147,
      "avg_lat": 156.0612244897959,
      "avg_score": 98.95959183673469
    },
    "ss": {
      "count": 0,
      "avg_lat": 0.0,
      "avg_score": 0.0
    },
    "trojan": {
      "count": 34,
      "avg_lat": 209.41176470588235,
      "avg_score": 98.60392156862746
    }
  }
}