{
  "scan_timestamp": "2025-11-11T09:29:12.646190+00:00",
  "duration_seconds": 1065.51,
  "performance_metrics": {
    "total_processed": 476,
    "valid_configs": 315,
    "duplicates": 0,
    "failed_tests": 161,
    "success_rate": 66.18,
    "avg_latency_ms": 146.64,
    "avg_score": 99.02
  },
  "protocol_summary": {
    "vmess": {
      "count": 52,
      "avg_lat": 264.1923076923077,
      "avg_score": 98.23871794871795
    },
    "vless": {
      "count": 237,
      "avg_lat": 115.18143459915612,
      "avg_score": 99.23212376933895
    },
    "ss": {
      "count": 1,
      "avg_lat": 136.0,
      "avg_score": 99.09333333333333
    },
    "trojan": {
      "count": 25,
      "avg_lat": 200.84,
      "avg_score": 98.66106666666667
    }
  }
}