{
  "scan_timestamp": "2025-10-31T19:22:07.705408+00:00",
  "duration_seconds": 877.17,
  "performance_metrics": {
    "total_processed": 402,
    "valid_configs": 238,
    "duplicates": 0,
    "failed_tests": 164,
    "success_rate": 59.2,
    "avg_latency_ms": 177.28,
    "avg_score": 98.82
  },
  "protocol_summary": {
    "vmess": {
      "count": 112,
      "avg_lat": 241.0,
      "avg_score": 98.39333333333333
    },
    "vless": {
      "count": 99,
      "avg_lat": 98.11111111111111,
      "avg_score": 99.34592592592593
    },
    "ss": {
      "count": 1,
      "avg_lat": 148.0,
      "avg_score": 99.01333333333334
    },
    "trojan": {
      "count": 26,
      "avg_lat": 205.34615384615384,
      "avg_score": 98.63102564102564
    }
  }
}