{
  "scan_timestamp": "2025-11-07T12:36:59.893164+00:00",
  "duration_seconds": 1094.83,
  "performance_metrics": {
    "total_processed": 473,
    "valid_configs": 309,
    "duplicates": 0,
    "failed_tests": 164,
    "success_rate": 65.33,
    "avg_latency_ms": 146.78,
    "avg_score": 99.02
  },
  "protocol_summary": {
    "vmess": {
      "count": 48,
      "avg_lat": 200.89583333333334,
      "avg_score": 98.66069444444445
    },
    "vless": {
      "count": 253,
      "avg_lat": 127.56916996047431,
      "avg_score": 99.14953886693017
    },
    "ss": {
      "count": 1,
      "avg_lat": 138.0,
      "avg_score": 99.08
    },
    "trojan": {
      "count": 7,
      "avg_lat": 471.42857142857144,
      "avg_score": 96.85714285714286
    }
  }
}