{
  "scan_timestamp": "2025-11-27T06:33:16.117948+00:00",
  "duration_seconds": 1002.49,
  "performance_metrics": {
    "total_processed": 465,
    "valid_configs": 293,
    "duplicates": 0,
    "failed_tests": 172,
    "success_rate": 63.01,
    "avg_latency_ms": 187.71,
    "avg_score": 98.75
  },
  "protocol_summary": {
    "vmess": {
      "count": 42,
      "avg_lat": 166.76190476190476,
      "avg_score": 98.88825396825396
    },
    "vless": {
      "count": 185,
      "avg_lat": 189.21621621621622,
      "avg_score": 98.73855855855857
    },
    "ss": {
      "count": 0,
      "avg_lat": 0.0,
      "avg_score": 0.0
    },
    "trojan": {
      "count": 66,
      "avg_lat": 196.8181818181818,
      "avg_score": 98.68787878787879
    }
  }
}