{
  "scan_timestamp": "2025-11-16T20:28:30.166194+00:00",
  "duration_seconds": 1085.33,
  "performance_metrics": {
    "total_processed": 474,
    "valid_configs": 326,
    "duplicates": 0,
    "failed_tests": 148,
    "success_rate": 68.78,
    "avg_latency_ms": 128.53,
    "avg_score": 99.14
  },
  "protocol_summary": {
    "vmess": {
      "count": 56,
      "avg_lat": 125.375,
      "avg_score": 99.16416666666667
    },
    "vless": {
      "count": 204,
      "avg_lat": 120.44117647058823,
      "avg_score": 99.19705882352942
    },
    "ss": {
      "count": 1,
      "avg_lat": 136.0,
      "avg_score": 99.09333333333333
    },
    "trojan": {
      "count": 65,
      "avg_lat": 156.53846153846155,
      "avg_score": 98.95641025641027
    }
  }
}