{
  "scan_timestamp": "2025-11-12T05:29:09.919875+00:00",
  "duration_seconds": 1066.81,
  "performance_metrics": {
    "total_processed": 479,
    "valid_configs": 304,
    "duplicates": 0,
    "failed_tests": 175,
    "success_rate": 63.47,
    "avg_latency_ms": 138.38,
    "avg_score": 99.08
  },
  "protocol_summary": {
    "vmess": {
      "count": 38,
      "avg_lat": 291.10526315789474,
      "avg_score": 98.05929824561404
    },
    "vless": {
      "count": 253,
      "avg_lat": 114.71146245059289,
      "avg_score": 99.23525691699605
    },
    "ss": {
      "count": 1,
      "avg_lat": 125.0,
      "avg_score": 99.16666666666667
    },
    "trojan": {
      "count": 12,
      "avg_lat": 154.91666666666666,
      "avg_score": 98.96722222222223
    }
  }
}