{
  "scan_timestamp": "2025-11-06T12:38:14.104853+00:00",
  "duration_seconds": 1146.16,
  "performance_metrics": {
    "total_processed": 478,
    "valid_configs": 345,
    "duplicates": 0,
    "failed_tests": 133,
    "success_rate": 72.18,
    "avg_latency_ms": 102.9,
    "avg_score": 99.31
  },
  "protocol_summary": {
    "vmess": {
      "count": 77,
      "avg_lat": 112.31168831168831,
      "avg_score": 99.25125541125541
    },
    "vless": {
      "count": 261,
      "avg_lat": 97.96934865900383,
      "avg_score": 99.34687100893997
    },
    "ss": {
      "count": 0,
      "avg_lat": 0.0,
      "avg_score": 0.0
    },
    "trojan": {
      "count": 7,
      "avg_lat": 183.14285714285714,
      "avg_score": 98.77904761904763
    }
  }
}