{
  "scan_timestamp": "2025-11-25T03:58:09.094884+00:00",
  "duration_seconds": 955.97,
  "performance_metrics": {
    "total_processed": 460,
    "valid_configs": 273,
    "duplicates": 0,
    "failed_tests": 187,
    "success_rate": 59.35,
    "avg_latency_ms": 142.64,
    "avg_score": 99.05
  },
  "protocol_summary": {
    "vmess": {
      "count": 58,
      "avg_lat": 154.91379310344828,
      "avg_score": 98.96724137931035
    },
    "vless": {
      "count": 102,
      "avg_lat": 132.9313725490196,
      "avg_score": 99.11379084967321
    },
    "ss": {
      "count": 0,
      "avg_lat": 0.0,
      "avg_score": 0.0
    },
    "trojan": {
      "count": 113,
      "avg_lat": 145.10619469026548,
      "avg_score": 99.03262536873156
    }
  }
}