{
  "scan_timestamp": "2025-12-04T18:33:27.047209+00:00",
  "duration_seconds": 1013.33,
  "performance_metrics": {
    "total_processed": 475,
    "valid_configs": 265,
    "duplicates": 0,
    "failed_tests": 210,
    "success_rate": 55.79,
    "avg_latency_ms": 174.68,
    "avg_score": 98.84
  },
  "protocol_summary": {
    "vmess": {
      "count": 84,
      "avg_lat": 188.03571428571428,
      "avg_score": 98.74642857142858
    },
    "vless": {
      "count": 139,
      "avg_lat": 159.24460431654677,
      "avg_score": 98.93836930455635
    },
    "ss": {
      "count": 0,
      "avg_lat": 0.0,
      "avg_score": 0.0
    },
    "trojan": {
      "count": 42,
      "avg_lat": 199.02380952380952,
      "avg_score": 98.6731746031746
    }
  }
}