{
  "scan_timestamp": "2025-11-16T18:31:25.590258+00:00",
  "duration_seconds": 1077.55,
  "performance_metrics": {
    "total_processed": 478,
    "valid_configs": 315,
    "duplicates": 0,
    "failed_tests": 163,
    "success_rate": 65.9,
    "avg_latency_ms": 154.32,
    "avg_score": 98.97
  },
  "protocol_summary": {
    "vmess": {
      "count": 51,
      "avg_lat": 158.47058823529412,
      "avg_score": 98.9435294117647
    },
    "vless": {
      "count": 208,
      "avg_lat": 156.13942307692307,
      "avg_score": 98.95907051282052
    },
    "ss": {
      "count": 1,
      "avg_lat": 177.0,
      "avg_score": 98.82
    },
    "trojan": {
      "count": 55,
      "avg_lat": 143.1818181818182,
      "avg_score": 99.04545454545455
    }
  }
}