{
  "scan_timestamp": "2025-10-31T00:57:08.214079+00:00",
  "duration_seconds": 697.28,
  "performance_metrics": {
    "total_processed": 354,
    "valid_configs": 174,
    "duplicates": 0,
    "failed_tests": 180,
    "success_rate": 49.15,
    "avg_latency_ms": 139.16,
    "avg_score": 99.07
  },
  "protocol_summary": {
    "vmess": {
      "count": 59,
      "avg_lat": 239.4915254237288,
      "avg_score": 98.40338983050847
    },
    "vless": {
      "count": 103,
      "avg_lat": 82.44660194174757,
      "avg_score": 99.45035598705502
    },
    "ss": {
      "count": 1,
      "avg_lat": 186.0,
      "avg_score": 98.76
    },
    "trojan": {
      "count": 11,
      "avg_lat": 127.72727272727273,
      "avg_score": 99.14848484848486
    }
  }
}