{
  "scan_timestamp": "2025-11-28T13:38:46.318622+00:00",
  "duration_seconds": 896.53,
  "performance_metrics": {
    "total_processed": 477,
    "valid_configs": 211,
    "duplicates": 0,
    "failed_tests": 266,
    "success_rate": 44.23,
    "avg_latency_ms": 187.58,
    "avg_score": 98.75
  },
  "protocol_summary": {
    "vmess": {
      "count": 38,
      "avg_lat": 154.0,
      "avg_score": 98.97333333333333
    },
    "vless": {
      "count": 88,
      "avg_lat": 115.3409090909091,
      "avg_score": 99.23106060606061
    },
    "ss": {
      "count": 0,
      "avg_lat": 0.0,
      "avg_score": 0.0
    },
    "trojan": {
      "count": 85,
      "avg_lat": 277.3764705882353,
      "avg_score": 98.15082352941177
    }
  }
}