{
  "scan_timestamp": "2025-11-23T05:23:17.446459+00:00",
  "duration_seconds": 775.66,
  "performance_metrics": {
    "total_processed": 382,
    "valid_configs": 228,
    "duplicates": 0,
    "failed_tests": 154,
    "success_rate": 59.69,
    "avg_latency_ms": 114.12,
    "avg_score": 99.24
  },
  "protocol_summary": {
    "vmess": {
      "count": 37,
      "avg_lat": 91.13513513513513,
      "avg_score": 99.39243243243243
    },
    "vless": {
      "count": 88,
      "avg_lat": 69.9659090909091,
      "avg_score": 99.5335606060606
    },
    "ss": {
      "count": 0,
      "avg_lat": 0.0,
      "avg_score": 0.0
    },
    "trojan": {
      "count": 103,
      "avg_lat": 160.09708737864077,
      "avg_score": 98.9326860841424
    }
  }
}