{
  "scan_timestamp": "2025-10-28T20:25:05.572676+00:00",
  "duration_seconds": 786.75,
  "performance_metrics": {
    "total_processed": 368,
    "valid_configs": 202,
    "duplicates": 0,
    "failed_tests": 166,
    "success_rate": 54.89,
    "avg_latency_ms": 127.63,
    "avg_score": 99.15
  },
  "protocol_summary": {
    "vmess": {
      "count": 61,
      "avg_lat": 207.81967213114754,
      "avg_score": 98.61453551912568
    },
    "vless": {
      "count": 119,
      "avg_lat": 78.39495798319328,
      "avg_score": 99.47736694677872
    },
    "ss": {
      "count": 1,
      "avg_lat": 126.0,
      "avg_score": 99.16
    },
    "trojan": {
      "count": 21,
      "avg_lat": 173.76190476190476,
      "avg_score": 98.8415873015873
    }
  }
}