{
  "scan_timestamp": "2025-11-10T16:31:56.374225+00:00",
  "duration_seconds": 1132.92,
  "performance_metrics": {
    "total_processed": 476,
    "valid_configs": 326,
    "duplicates": 0,
    "failed_tests": 150,
    "success_rate": 68.49,
    "avg_latency_ms": 148.45,
    "avg_score": 99.01
  },
  "protocol_summary": {
    "vmess": {
      "count": 52,
      "avg_lat": 199.3653846153846,
      "avg_score": 98.67089743589743
    },
    "vless": {
      "count": 251,
      "avg_lat": 133.26294820717132,
      "avg_score": 99.11158034528553
    },
    "ss": {
      "count": 1,
      "avg_lat": 138.0,
      "avg_score": 99.08
    },
    "trojan": {
      "count": 22,
      "avg_lat": 201.86363636363637,
      "avg_score": 98.65424242424243
    }
  }
}