{
  "scan_timestamp": "2025-11-11T03:58:26.622478+00:00",
  "duration_seconds": 1099.23,
  "performance_metrics": {
    "total_processed": 478,
    "valid_configs": 319,
    "duplicates": 0,
    "failed_tests": 159,
    "success_rate": 66.74,
    "avg_latency_ms": 163.41,
    "avg_score": 98.91
  },
  "protocol_summary": {
    "vmess": {
      "count": 51,
      "avg_lat": 200.31372549019608,
      "avg_score": 98.6645751633987
    },
    "vless": {
      "count": 238,
      "avg_lat": 155.57983193277312,
      "avg_score": 98.96280112044818
    },
    "ss": {
      "count": 1,
      "avg_lat": 181.0,
      "avg_score": 98.79333333333334
    },
    "trojan": {
      "count": 29,
      "avg_lat": 162.17241379310346,
      "avg_score": 98.91885057471264
    }
  }
}