{
  "scan_timestamp": "2025-11-01T05:23:02.007297+00:00",
  "duration_seconds": 784.52,
  "performance_metrics": {
    "total_processed": 384,
    "valid_configs": 202,
    "duplicates": 0,
    "failed_tests": 182,
    "success_rate": 52.6,
    "avg_latency_ms": 166.74,
    "avg_score": 98.89
  },
  "protocol_summary": {
    "vmess": {
      "count": 68,
      "avg_lat": 215.4264705882353,
      "avg_score": 98.56382352941176
    },
    "vless": {
      "count": 103,
      "avg_lat": 113.89320388349515,
      "avg_score": 99.24071197411003
    },
    "ss": {
      "count": 1,
      "avg_lat": 159.0,
      "avg_score": 98.94
    },
    "trojan": {
      "count": 30,
      "avg_lat": 238.1,
      "avg_score": 98.41266666666667
    }
  }
}