{
  "scan_timestamp": "2025-11-13T04:00:10.684717+00:00",
  "duration_seconds": 1144.24,
  "performance_metrics": {
    "total_processed": 472,
    "valid_configs": 342,
    "duplicates": 0,
    "failed_tests": 130,
    "success_rate": 72.46,
    "avg_latency_ms": 162.98,
    "avg_score": 98.91
  },
  "protocol_summary": {
    "vmess": {
      "count": 40,
      "avg_lat": 169.95,
      "avg_score": 98.86699999999999
    },
    "vless": {
      "count": 233,
      "avg_lat": 160.39055793991417,
      "avg_score": 98.9307296137339
    },
    "ss": {
      "count": 1,
      "avg_lat": 158.0,
      "avg_score": 98.94666666666667
    },
    "trojan": {
      "count": 68,
      "avg_lat": 167.83823529411765,
      "avg_score": 98.88107843137254
    }
  }
}