{
  "scan_timestamp": "2025-11-18T14:25:36.429909+00:00",
  "duration_seconds": 938.29,
  "performance_metrics": {
    "total_processed": 428,
    "valid_configs": 283,
    "duplicates": 0,
    "failed_tests": 145,
    "success_rate": 66.12,
    "avg_latency_ms": 137.73,
    "avg_score": 99.08
  },
  "protocol_summary": {
    "vmess": {
      "count": 32,
      "avg_lat": 353.71875,
      "avg_score": 97.641875
    },
    "vless": {
      "count": 171,
      "avg_lat": 74.87134502923976,
      "avg_score": 99.50085769980507
    },
    "ss": {
      "count": 1,
      "avg_lat": 128.0,
      "avg_score": 99.14666666666666
    },
    "trojan": {
      "count": 79,
      "avg_lat": 186.41772151898735,
      "avg_score": 98.75721518987342
    }
  }
}