{
  "scan_timestamp": "2025-11-11T08:32:07.948498+00:00",
  "duration_seconds": 1069.45,
  "performance_metrics": {
    "total_processed": 478,
    "valid_configs": 314,
    "duplicates": 0,
    "failed_tests": 164,
    "success_rate": 65.69,
    "avg_latency_ms": 149.29,
    "avg_score": 99.0
  },
  "protocol_summary": {
    "vmess": {
      "count": 50,
      "avg_lat": 190.46,
      "avg_score": 98.73026666666667
    },
    "vless": {
      "count": 237,
      "avg_lat": 138.26160337552741,
      "avg_score": 99.07825597749648
    },
    "ss": {
      "count": 1,
      "avg_lat": 188.0,
      "avg_score": 98.74666666666667
    },
    "trojan": {
      "count": 26,
      "avg_lat": 169.15384615384616,
      "avg_score": 98.87230769230769
    }
  }
}