{
  "scan_timestamp": "2025-11-21T23:23:39.197345+00:00",
  "duration_seconds": 858.55,
  "performance_metrics": {
    "total_processed": 412,
    "valid_configs": 246,
    "duplicates": 0,
    "failed_tests": 166,
    "success_rate": 59.71,
    "avg_latency_ms": 112.56,
    "avg_score": 99.25
  },
  "protocol_summary": {
    "vmess": {
      "count": 48,
      "avg_lat": 108.875,
      "avg_score": 99.27416666666666
    },
    "vless": {
      "count": 121,
      "avg_lat": 106.65289256198348,
      "avg_score": 99.28898071625345
    },
    "ss": {
      "count": 0,
      "avg_lat": 0.0,
      "avg_score": 0.0
    },
    "trojan": {
      "count": 77,
      "avg_lat": 124.14285714285714,
      "avg_score": 99.17238095238096
    }
  }
}