{
  "scan_timestamp": "2025-11-25T02:43:32.663095+00:00",
  "duration_seconds": 955.39,
  "performance_metrics": {
    "total_processed": 458,
    "valid_configs": 275,
    "duplicates": 0,
    "failed_tests": 183,
    "success_rate": 60.04,
    "avg_latency_ms": 112.54,
    "avg_score": 99.25
  },
  "protocol_summary": {
    "vmess": {
      "count": 57,
      "avg_lat": 160.9298245614035,
      "avg_score": 98.92713450292398
    },
    "vless": {
      "count": 102,
      "avg_lat": 71.69607843137256,
      "avg_score": 99.52202614379084
    },
    "ss": {
      "count": 0,
      "avg_lat": 0.0,
      "avg_score": 0.0
    },
    "trojan": {
      "count": 116,
      "avg_lat": 124.68103448275862,
      "avg_score": 99.16879310344828
    }
  }
}