{
  "scan_timestamp": "2025-11-30T22:27:08.506341+00:00",
  "duration_seconds": 1070.27,
  "performance_metrics": {
    "total_processed": 474,
    "valid_configs": 315,
    "duplicates": 0,
    "failed_tests": 159,
    "success_rate": 66.46,
    "avg_latency_ms": 202.6,
    "avg_score": 98.65
  },
  "protocol_summary": {
    "vmess": {
      "count": 78,
      "avg_lat": 372.61538461538464,
      "avg_score": 97.51589743589743
    },
    "vless": {
      "count": 197,
      "avg_lat": 143.89340101522842,
      "avg_score": 99.04071065989848
    },
    "ss": {
      "count": 0,
      "avg_lat": 0.0,
      "avg_score": 0.0
    },
    "trojan": {
      "count": 40,
      "avg_lat": 160.175,
      "avg_score": 98.93216666666667
    }
  }
}