{
  "scan_timestamp": "2025-11-21T17:22:59.430040+00:00",
  "duration_seconds": 826.42,
  "performance_metrics": {
    "total_processed": 395,
    "valid_configs": 235,
    "duplicates": 0,
    "failed_tests": 160,
    "success_rate": 59.49,
    "avg_latency_ms": 155.71,
    "avg_score": 98.96
  },
  "protocol_summary": {
    "vmess": {
      "count": 42,
      "avg_lat": 188.97619047619048,
      "avg_score": 98.74015873015874
    },
    "vless": {
      "count": 114,
      "avg_lat": 158.89473684210526,
      "avg_score": 98.94070175438597
    },
    "ss": {
      "count": 0,
      "avg_lat": 0.0,
      "avg_score": 0.0
    },
    "trojan": {
      "count": 79,
      "avg_lat": 133.44303797468353,
      "avg_score": 99.11037974683545
    }
  }
}