{
  "scan_timestamp": "2025-11-07T05:29:19.729516+00:00",
  "duration_seconds": 1113.85,
  "performance_metrics": {
    "total_processed": 477,
    "valid_configs": 332,
    "duplicates": 0,
    "failed_tests": 145,
    "success_rate": 69.6,
    "avg_latency_ms": 139.58,
    "avg_score": 99.07
  },
  "protocol_summary": {
    "vmess": {
      "count": 54,
      "avg_lat": 250.92592592592592,
      "avg_score": 98.32716049382717
    },
    "vless": {
      "count": 269,
      "avg_lat": 115.66914498141264,
      "avg_score": 99.22887236679058
    },
    "ss": {
      "count": 0,
      "avg_lat": 0.0,
      "avg_score": 0.0
    },
    "trojan": {
      "count": 9,
      "avg_lat": 186.11111111111111,
      "avg_score": 98.75925925925927
    }
  }
}