{
  "scan_timestamp": "2025-11-08T01:02:38.185603+00:00",
  "duration_seconds": 1149.12,
  "performance_metrics": {
    "total_processed": 479,
    "valid_configs": 351,
    "duplicates": 0,
    "failed_tests": 128,
    "success_rate": 73.28,
    "avg_latency_ms": 89.9,
    "avg_score": 99.4
  },
  "protocol_summary": {
    "vmess": {
      "count": 76,
      "avg_lat": 86.94736842105263,
      "avg_score": 99.42035087719299
    },
    "vless": {
      "count": 268,
      "avg_lat": 88.33208955223881,
      "avg_score": 99.41111940298508
    },
    "ss": {
      "count": 0,
      "avg_lat": 0.0,
      "avg_score": 0.0
    },
    "trojan": {
      "count": 7,
      "avg_lat": 182.14285714285714,
      "avg_score": 98.78571428571429
    }
  }
}