{
  "scan_timestamp": "2025-11-01T11:23:16.341509+00:00",
  "duration_seconds": 945.2,
  "performance_metrics": {
    "total_processed": 442,
    "valid_configs": 221,
    "duplicates": 0,
    "failed_tests": 221,
    "success_rate": 50.0,
    "avg_latency_ms": 190.38,
    "avg_score": 98.73
  },
  "protocol_summary": {
    "vmess": {
      "count": 97,
      "avg_lat": 299.74226804123714,
      "avg_score": 98.00171821305841
    },
    "vless": {
      "count": 107,
      "avg_lat": 107.57943925233644,
      "avg_score": 99.28280373831775
    },
    "ss": {
      "count": 1,
      "avg_lat": 181.0,
      "avg_score": 98.79333333333334
    },
    "trojan": {
      "count": 16,
      "avg_lat": 81.625,
      "avg_score": 99.45583333333333
    }
  }
}