{
  "scan_timestamp": "2025-11-15T12:35:03.922903+00:00",
  "duration_seconds": 1120.03,
  "performance_metrics": {
    "total_processed": 474,
    "valid_configs": 336,
    "duplicates": 0,
    "failed_tests": 138,
    "success_rate": 70.89,
    "avg_latency_ms": 172.44,
    "avg_score": 98.85
  },
  "protocol_summary": {
    "vmess": {
      "count": 41,
      "avg_lat": 384.1219512195122,
      "avg_score": 97.43918699186992
    },
    "vless": {
      "count": 236,
      "avg_lat": 131.8177966101695,
      "avg_score": 99.12121468926554
    },
    "ss": {
      "count": 1,
      "avg_lat": 170.0,
      "avg_score": 98.86666666666666
    },
    "trojan": {
      "count": 58,
      "avg_lat": 188.13793103448276,
      "avg_score": 98.74574712643678
    }
  }
}