{
  "scan_timestamp": "2025-11-06T17:30:08.783552+00:00",
  "duration_seconds": 1151.74,
  "performance_metrics": {
    "total_processed": 479,
    "valid_configs": 334,
    "duplicates": 0,
    "failed_tests": 145,
    "success_rate": 69.73,
    "avg_latency_ms": 153.64,
    "avg_score": 98.98
  },
  "protocol_summary": {
    "vmess": {
      "count": 52,
      "avg_lat": 134.78846153846155,
      "avg_score": 99.10141025641026
    },
    "vless": {
      "count": 271,
      "avg_lat": 157.64944649446494,
      "avg_score": 98.9490036900369
    },
    "ss": {
      "count": 1,
      "avg_lat": 169.0,
      "avg_score": 98.87333333333333
    },
    "trojan": {
      "count": 10,
      "avg_lat": 141.5,
      "avg_score": 99.05666666666666
    }
  }
}