{
  "scan_timestamp": "2025-10-29T16:27:05.988330+00:00",
  "duration_seconds": 806.09,
  "performance_metrics": {
    "total_processed": 394,
    "valid_configs": 216,
    "duplicates": 0,
    "failed_tests": 178,
    "success_rate": 54.82,
    "avg_latency_ms": 139.42,
    "avg_score": 99.07
  },
  "protocol_summary": {
    "vmess": {
      "count": 66,
      "avg_lat": 229.34848484848484,
      "avg_score": 98.4710101010101
    },
    "vless": {
      "count": 119,
      "avg_lat": 85.69747899159664,
      "avg_score": 99.42868347338937
    },
    "ss": {
      "count": 1,
      "avg_lat": 187.0,
      "avg_score": 98.75333333333333
    },
    "trojan": {
      "count": 30,
      "avg_lat": 153.1,
      "avg_score": 98.97933333333334
    }
  }
}