{
  "scan_timestamp": "2025-11-29T12:31:50.497916+00:00",
  "duration_seconds": 865.96,
  "performance_metrics": {
    "total_processed": 465,
    "valid_configs": 212,
    "duplicates": 0,
    "failed_tests": 253,
    "success_rate": 45.59,
    "avg_latency_ms": 151.03,
    "avg_score": 98.99
  },
  "protocol_summary": {
    "vmess": {
      "count": 44,
      "avg_lat": 130.04545454545453,
      "avg_score": 99.13303030303031
    },
    "vless": {
      "count": 85,
      "avg_lat": 113.15294117647059,
      "avg_score": 99.24564705882354
    },
    "ss": {
      "count": 0,
      "avg_lat": 0.0,
      "avg_score": 0.0
    },
    "trojan": {
      "count": 83,
      "avg_lat": 200.95180722891567,
      "avg_score": 98.66032128514055
    }
  }
}