{
  "scan_timestamp": "2025-11-06T10:31:42.350540+00:00",
  "duration_seconds": 1152.57,
  "performance_metrics": {
    "total_processed": 479,
    "valid_configs": 346,
    "duplicates": 0,
    "failed_tests": 133,
    "success_rate": 72.23,
    "avg_latency_ms": 118.55,
    "avg_score": 99.21
  },
  "protocol_summary": {
    "vmess": {
      "count": 78,
      "avg_lat": 127.88461538461539,
      "avg_score": 99.1474358974359
    },
    "vless": {
      "count": 262,
      "avg_lat": 111.83587786259542,
      "avg_score": 99.25442748091604
    },
    "ss": {
      "count": 0,
      "avg_lat": 0.0,
      "avg_score": 0.0
    },
    "trojan": {
      "count": 6,
      "avg_lat": 290.1666666666667,
      "avg_score": 98.06555555555555
    }
  }
}