{
  "scan_timestamp": "2025-11-13T19:26:44.904695+00:00",
  "duration_seconds": 1127.15,
  "performance_metrics": {
    "total_processed": 481,
    "valid_configs": 330,
    "duplicates": 0,
    "failed_tests": 151,
    "success_rate": 68.61,
    "avg_latency_ms": 113.05,
    "avg_score": 99.25
  },
  "protocol_summary": {
    "vmess": {
      "count": 39,
      "avg_lat": 143.25641025641025,
      "avg_score": 99.04495726495726
    },
    "vless": {
      "count": 248,
      "avg_lat": 101.89516129032258,
      "avg_score": 99.32069892473118
    },
    "ss": {
      "count": 1,
      "avg_lat": 128.0,
      "avg_score": 99.14666666666666
    },
    "trojan": {
      "count": 42,
      "avg_lat": 150.52380952380952,
      "avg_score": 98.99650793650794
    }
  }
}