{
  "scan_timestamp": "2025-11-17T16:32:34.515953+00:00",
  "duration_seconds": 1110.18,
  "performance_metrics": {
    "total_processed": 470,
    "valid_configs": 331,
    "duplicates": 0,
    "failed_tests": 139,
    "success_rate": 70.43,
    "avg_latency_ms": 167.32,
    "avg_score": 98.88
  },
  "protocol_summary": {
    "vmess": {
      "count": 49,
      "avg_lat": 254.53061224489795,
      "avg_score": 98.30312925170068
    },
    "vless": {
      "count": 210,
      "avg_lat": 155.13333333333333,
      "avg_score": 98.96577777777777
    },
    "ss": {
      "count": 1,
      "avg_lat": 180.0,
      "avg_score": 98.8
    },
    "trojan": {
      "count": 71,
      "avg_lat": 142.98591549295776,
      "avg_score": 99.04676056338027
    }
  }
}