{
  "scan_timestamp": "2025-10-29T05:24:44.388849+00:00",
  "duration_seconds": 820.77,
  "performance_metrics": {
    "total_processed": 393,
    "valid_configs": 219,
    "duplicates": 0,
    "failed_tests": 174,
    "success_rate": 55.73,
    "avg_latency_ms": 167.64,
    "avg_score": 98.88
  },
  "protocol_summary": {
    "vmess": {
      "count": 68,
      "avg_lat": 290.1764705882353,
      "avg_score": 98.06549019607843
    },
    "vless": {
      "count": 119,
      "avg_lat": 75.60504201680672,
      "avg_score": 99.49596638655463
    },
    "ss": {
      "count": 1,
      "avg_lat": 174.0,
      "avg_score": 98.84
    },
    "trojan": {
      "count": 31,
      "avg_lat": 251.96774193548387,
      "avg_score": 98.32021505376345
    }
  }
}