{
  "scan_timestamp": "2025-11-23T23:21:52.012770+00:00",
  "duration_seconds": 756.74,
  "performance_metrics": {
    "total_processed": 388,
    "valid_configs": 212,
    "duplicates": 0,
    "failed_tests": 176,
    "success_rate": 54.64,
    "avg_latency_ms": 113.46,
    "avg_score": 99.24
  },
  "protocol_summary": {
    "vmess": {
      "count": 44,
      "avg_lat": 106.27272727272727,
      "avg_score": 99.29151515151516
    },
    "vless": {
      "count": 75,
      "avg_lat": 67.66666666666667,
      "avg_score": 99.5488888888889
    },
    "ss": {
      "count": 0,
      "avg_lat": 0.0,
      "avg_score": 0.0
    },
    "trojan": {
      "count": 93,
      "avg_lat": 153.78494623655914,
      "avg_score": 98.9747670250896
    }
  }
}