{
  "scan_timestamp": "2025-10-26T13:49:40.616850+00:00",
  "duration_seconds": 343.52,
  "performance_metrics": {
    "total_processed": 156,
    "valid_configs": 86,
    "duplicates": 0,
    "failed_tests": 70,
    "success_rate": 55.13,
    "avg_latency_ms": 143.08,
    "avg_score": 99.05
  },
  "protocol_summary": {
    "vmess": {
      "count": 61,
      "avg_lat": 162.2622950819672,
      "avg_score": 98.91825136612022
    },
    "vless": {
      "count": 10,
      "avg_lat": 53.0,
      "avg_score": 99.64666666666668
    },
    "ss": {
      "count": 0,
      "avg_lat": 0.0,
      "avg_score": 0.0
    },
    "trojan": {
      "count": 15,
      "avg_lat": 125.13333333333334,
      "avg_score": 99.16577777777778
    }
  }
}