{
  "scan_timestamp": "2025-11-11T17:28:11.435980+00:00",
  "duration_seconds": 1123.17,
  "performance_metrics": {
    "total_processed": 481,
    "valid_configs": 327,
    "duplicates": 0,
    "failed_tests": 154,
    "success_rate": 67.98,
    "avg_latency_ms": 168.94,
    "avg_score": 98.87
  },
  "protocol_summary": {
    "vmess": {
      "count": 30,
      "avg_lat": 252.43333333333334,
      "avg_score": 98.31711111111112
    },
    "vless": {
      "count": 282,
      "avg_lat": 159.60638297872342,
      "avg_score": 98.9359574468085
    },
    "ss": {
      "count": 1,
      "avg_lat": 186.0,
      "avg_score": 98.76
    },
    "trojan": {
      "count": 14,
      "avg_lat": 176.92857142857142,
      "avg_score": 98.82047619047619
    }
  }
}