{
  "scan_timestamp": "2025-11-25T16:30:34.155370+00:00",
  "duration_seconds": 1028.7,
  "performance_metrics": {
    "total_processed": 468,
    "valid_configs": 300,
    "duplicates": 0,
    "failed_tests": 168,
    "success_rate": 64.1,
    "avg_latency_ms": 131.38,
    "avg_score": 99.12
  },
  "protocol_summary": {
    "vmess": {
      "count": 64,
      "avg_lat": 117.90625,
      "avg_score": 99.21395833333334
    },
    "vless": {
      "count": 116,
      "avg_lat": 145.47413793103448,
      "avg_score": 99.03017241379311
    },
    "ss": {
      "count": 0,
      "avg_lat": 0.0,
      "avg_score": 0.0
    },
    "trojan": {
      "count": 120,
      "avg_lat": 124.94166666666666,
      "avg_score": 99.16705555555556
    }
  }
}