{
  "scan_timestamp": "2025-11-07T22:28:16.843457+00:00",
  "duration_seconds": 1138.13,
  "performance_metrics": {
    "total_processed": 478,
    "valid_configs": 331,
    "duplicates": 0,
    "failed_tests": 147,
    "success_rate": 69.25,
    "avg_latency_ms": 135.18,
    "avg_score": 99.1
  },
  "protocol_summary": {
    "vmess": {
      "count": 59,
      "avg_lat": 144.88135593220338,
      "avg_score": 99.03412429378531
    },
    "vless": {
      "count": 263,
      "avg_lat": 131.2471482889734,
      "avg_score": 99.12501901140685
    },
    "ss": {
      "count": 0,
      "avg_lat": 0.0,
      "avg_score": 0.0
    },
    "trojan": {
      "count": 9,
      "avg_lat": 186.44444444444446,
      "avg_score": 98.75703703703704
    }
  }
}