{
  "scan_timestamp": "2025-11-20T22:23:16.351166+00:00",
  "duration_seconds": 804.3,
  "performance_metrics": {
    "total_processed": 404,
    "valid_configs": 228,
    "duplicates": 0,
    "failed_tests": 176,
    "success_rate": 56.44,
    "avg_latency_ms": 140.34,
    "avg_score": 99.06
  },
  "protocol_summary": {
    "vmess": {
      "count": 37,
      "avg_lat": 110.43243243243244,
      "avg_score": 99.2637837837838
    },
    "vless": {
      "count": 110,
      "avg_lat": 123.15454545454546,
      "avg_score": 99.1789696969697
    },
    "ss": {
      "count": 1,
      "avg_lat": 155.0,
      "avg_score": 98.96666666666667
    },
    "trojan": {
      "count": 80,
      "avg_lat": 177.625,
      "avg_score": 98.81583333333333
    }
  }
}