{
  "scan_timestamp": "2025-11-18T03:56:31.593163+00:00",
  "duration_seconds": 1026.11,
  "performance_metrics": {
    "total_processed": 470,
    "valid_configs": 311,
    "duplicates": 0,
    "failed_tests": 159,
    "success_rate": 66.17,
    "avg_latency_ms": 176.95,
    "avg_score": 98.82
  },
  "protocol_summary": {
    "vmess": {
      "count": 55,
      "avg_lat": 254.36363636363637,
      "avg_score": 98.30424242424243
    },
    "vless": {
      "count": 162,
      "avg_lat": 142.7037037037037,
      "avg_score": 99.04864197530866
    },
    "ss": {
      "count": 2,
      "avg_lat": 170.5,
      "avg_score": 98.86333333333334
    },
    "trojan": {
      "count": 92,
      "avg_lat": 191.09782608695653,
      "avg_score": 98.72601449275362
    }
  }
}