{
  "scan_timestamp": "2025-12-05T22:26:45.715839+00:00",
  "duration_seconds": 1036.26,
  "performance_metrics": {
    "total_processed": 479,
    "valid_configs": 277,
    "duplicates": 0,
    "failed_tests": 202,
    "success_rate": 57.83,
    "avg_latency_ms": 134.44,
    "avg_score": 99.1
  },
  "protocol_summary": {
    "vmess": {
      "count": 92,
      "avg_lat": 150.80434782608697,
      "avg_score": 98.99463768115942
    },
    "vless": {
      "count": 128,
      "avg_lat": 104.6953125,
      "avg_score": 99.30203125
    },
    "ss": {
      "count": 0,
      "avg_lat": 0.0,
      "avg_score": 0.0
    },
    "trojan": {
      "count": 57,
      "avg_lat": 174.82456140350877,
      "avg_score": 98.8345029239766
    }
  }
}