{
  "scan_timestamp": "2025-11-16T14:26:27.079280+00:00",
  "duration_seconds": 1077.74,
  "performance_metrics": {
    "total_processed": 475,
    "valid_configs": 316,
    "duplicates": 0,
    "failed_tests": 159,
    "success_rate": 66.53,
    "avg_latency_ms": 158.83,
    "avg_score": 98.94
  },
  "protocol_summary": {
    "vmess": {
      "count": 50,
      "avg_lat": 146.86,
      "avg_score": 99.02093333333335
    },
    "vless": {
      "count": 209,
      "avg_lat": 151.16267942583733,
      "avg_score": 98.99224880382775
    },
    "ss": {
      "count": 1,
      "avg_lat": 171.0,
      "avg_score": 98.86
    },
    "trojan": {
      "count": 56,
      "avg_lat": 197.89285714285714,
      "avg_score": 98.68071428571429
    }
  }
}