{
  "scan_timestamp": "2025-12-03T16:31:53.900531+00:00",
  "duration_seconds": 1000.45,
  "performance_metrics": {
    "total_processed": 480,
    "valid_configs": 277,
    "duplicates": 0,
    "failed_tests": 203,
    "success_rate": 57.71,
    "avg_latency_ms": 186.71,
    "avg_score": 98.76
  },
  "protocol_summary": {
    "vmess": {
      "count": 80,
      "avg_lat": 249.85,
      "avg_score": 98.33433333333333
    },
    "vless": {
      "count": 150,
      "avg_lat": 140.8,
      "avg_score": 99.06133333333334
    },
    "ss": {
      "count": 0,
      "avg_lat": 0.0,
      "avg_score": 0.0
    },
    "trojan": {
      "count": 47,
      "avg_lat": 225.7659574468085,
      "avg_score": 98.49489361702128
    }
  }
}