{
  "scan_timestamp": "2025-11-24T13:43:07.682425+00:00",
  "duration_seconds": 994.8,
  "performance_metrics": {
    "total_processed": 470,
    "valid_configs": 285,
    "duplicates": 0,
    "failed_tests": 185,
    "success_rate": 60.64,
    "avg_latency_ms": 186.37,
    "avg_score": 98.76
  },
  "protocol_summary": {
    "vmess": {
      "count": 52,
      "avg_lat": 316.0769230769231,
      "avg_score": 97.8928205128205
    },
    "vless": {
      "count": 109,
      "avg_lat": 120.27522935779817,
      "avg_score": 99.19816513761468
    },
    "ss": {
      "count": 0,
      "avg_lat": 0.0,
      "avg_score": 0.0
    },
    "trojan": {
      "count": 124,
      "avg_lat": 190.08064516129033,
      "avg_score": 98.73279569892473
    }
  }
}