{
  "scan_timestamp": "2025-10-28T10:26:11.549927+00:00",
  "duration_seconds": 857.38,
  "performance_metrics": {
    "total_processed": 400,
    "valid_configs": 229,
    "duplicates": 0,
    "failed_tests": 171,
    "success_rate": 57.25,
    "avg_latency_ms": 156.93,
    "avg_score": 98.95
  },
  "protocol_summary": {
    "vmess": {
      "count": 70,
      "avg_lat": 269.01428571428573,
      "avg_score": 98.20657142857142
    },
    "vless": {
      "count": 120,
      "avg_lat": 83.13333333333334,
      "avg_score": 99.44577777777778
    },
    "ss": {
      "count": 1,
      "avg_lat": 140.0,
      "avg_score": 99.06666666666666
    },
    "trojan": {
      "count": 38,
      "avg_lat": 183.94736842105263,
      "avg_score": 98.77368421052631
    }
  }
}