{
  "scan_timestamp": "2025-12-06T08:28:51.340794+00:00",
  "duration_seconds": 948.56,
  "performance_metrics": {
    "total_processed": 473,
    "valid_configs": 258,
    "duplicates": 0,
    "failed_tests": 215,
    "success_rate": 54.55,
    "avg_latency_ms": 153.69,
    "avg_score": 98.98
  },
  "protocol_summary": {
    "vmess": {
      "count": 92,
      "avg_lat": 182.1413043478261,
      "avg_score": 98.78572463768116
    },
    "vless": {
      "count": 126,
      "avg_lat": 107.68253968253968,
      "avg_score": 99.2821164021164
    },
    "ss": {
      "count": 0,
      "avg_lat": 0.0,
      "avg_score": 0.0
    },
    "trojan": {
      "count": 40,
      "avg_lat": 233.175,
      "avg_score": 98.44550000000001
    }
  }
}