{
  "scan_timestamp": "2025-11-06T05:29:45.207383+00:00",
  "duration_seconds": 1123.44,
  "performance_metrics": {
    "total_processed": 479,
    "valid_configs": 340,
    "duplicates": 0,
    "failed_tests": 139,
    "success_rate": 70.98,
    "avg_latency_ms": 133.8,
    "avg_score": 99.11
  },
  "protocol_summary": {
    "vmess": {
      "count": 52,
      "avg_lat": 145.73076923076923,
      "avg_score": 99.02846153846153
    },
    "vless": {
      "count": 280,
      "avg_lat": 129.48214285714286,
      "avg_score": 99.13678571428571
    },
    "ss": {
      "count": 0,
      "avg_lat": 0.0,
      "avg_score": 0.0
    },
    "trojan": {
      "count": 8,
      "avg_lat": 207.25,
      "avg_score": 98.61833333333334
    }
  }
}