{
  "scan_timestamp": "2025-10-28T18:28:31.949739+00:00",
  "duration_seconds": 783.44,
  "performance_metrics": {
    "total_processed": 369,
    "valid_configs": 206,
    "duplicates": 0,
    "failed_tests": 163,
    "success_rate": 55.83,
    "avg_latency_ms": 142.19,
    "avg_score": 99.05
  },
  "protocol_summary": {
    "vmess": {
      "count": 65,
      "avg_lat": 255.95384615384614,
      "avg_score": 98.29364102564104
    },
    "vless": {
      "count": 119,
      "avg_lat": 74.80672268907563,
      "avg_score": 99.50128851540616
    },
    "ss": {
      "count": 1,
      "avg_lat": 136.0,
      "avg_score": 99.09333333333333
    },
    "trojan": {
      "count": 21,
      "avg_lat": 172.1904761904762,
      "avg_score": 98.8520634920635
    }
  }
}