{
  "scan_timestamp": "2025-12-03T20:28:26.701249+00:00",
  "duration_seconds": 986.87,
  "performance_metrics": {
    "total_processed": 472,
    "valid_configs": 265,
    "duplicates": 0,
    "failed_tests": 207,
    "success_rate": 56.14,
    "avg_latency_ms": 217.57,
    "avg_score": 98.55
  },
  "protocol_summary": {
    "vmess": {
      "count": 83,
      "avg_lat": 327.7710843373494,
      "avg_score": 97.814859437751
    },
    "vless": {
      "count": 147,
      "avg_lat": 153.4421768707483,
      "avg_score": 98.97705215419501
    },
    "ss": {
      "count": 0,
      "avg_lat": 0.0,
      "avg_score": 0.0
    },
    "trojan": {
      "count": 35,
      "avg_lat": 225.57142857142858,
      "avg_score": 98.49619047619048
    }
  }
}