{
  "scan_timestamp": "2025-12-05T07:30:31.737263+00:00",
  "duration_seconds": 1027.13,
  "performance_metrics": {
    "total_processed": 469,
    "valid_configs": 296,
    "duplicates": 0,
    "failed_tests": 173,
    "success_rate": 63.11,
    "avg_latency_ms": 174.96,
    "avg_score": 98.83
  },
  "protocol_summary": {
    "vmess": {
      "count": 110,
      "avg_lat": 173.42727272727274,
      "avg_score": 98.84381818181818
    },
    "vless": {
      "count": 139,
      "avg_lat": 168.0503597122302,
      "avg_score": 98.87966426858513
    },
    "ss": {
      "count": 0,
      "avg_lat": 0.0,
      "avg_score": 0.0
    },
    "trojan": {
      "count": 47,
      "avg_lat": 199.0,
      "avg_score": 98.67333333333333
    }
  }
}