{
  "scan_timestamp": "2025-11-24T05:26:16.637607+00:00",
  "duration_seconds": 835.08,
  "performance_metrics": {
    "total_processed": 386,
    "valid_configs": 251,
    "duplicates": 0,
    "failed_tests": 135,
    "success_rate": 65.03,
    "avg_latency_ms": 146.02,
    "avg_score": 99.03
  },
  "protocol_summary": {
    "vmess": {
      "count": 43,
      "avg_lat": 183.11627906976744,
      "avg_score": 98.77922480620154
    },
    "vless": {
      "count": 86,
      "avg_lat": 104.55813953488372,
      "avg_score": 99.30294573643411
    },
    "ss": {
      "count": 0,
      "avg_lat": 0.0,
      "avg_score": 0.0
    },
    "trojan": {
      "count": 122,
      "avg_lat": 162.172131147541,
      "avg_score": 98.91885245901639
    }
  }
}