{
  "scan_timestamp": "2025-10-28T04:24:36.133752+00:00",
  "duration_seconds": 718.11,
  "performance_metrics": {
    "total_processed": 356,
    "valid_configs": 185,
    "duplicates": 0,
    "failed_tests": 171,
    "success_rate": 51.97,
    "avg_latency_ms": 137.16,
    "avg_score": 99.09
  },
  "protocol_summary": {
    "vmess": {
      "count": 58,
      "avg_lat": 241.32758620689654,
      "avg_score": 98.39114942528735
    },
    "vless": {
      "count": 122,
      "avg_lat": 85.40983606557377,
      "avg_score": 99.43060109289617
    },
    "ss": {
      "count": 1,
      "avg_lat": 136.0,
      "avg_score": 99.09333333333333
    },
    "trojan": {
      "count": 4,
      "avg_lat": 205.25,
      "avg_score": 98.63166666666666
    }
  }
}