{
  "scan_timestamp": "2025-11-26T15:22:56.044951+00:00",
  "duration_seconds": 808.81,
  "performance_metrics": {
    "total_processed": 405,
    "valid_configs": 224,
    "duplicates": 0,
    "failed_tests": 181,
    "success_rate": 55.31,
    "avg_latency_ms": 127.25,
    "avg_score": 99.15
  },
  "protocol_summary": {
    "vmess": {
      "count": 52,
      "avg_lat": 139.09615384615384,
      "avg_score": 99.07269230769231
    },
    "vless": {
      "count": 101,
      "avg_lat": 103.81188118811882,
      "avg_score": 99.30792079207922
    },
    "ss": {
      "count": 0,
      "avg_lat": 0.0,
      "avg_score": 0.0
    },
    "trojan": {
      "count": 71,
      "avg_lat": 151.90140845070422,
      "avg_score": 98.98732394366198
    }
  }
}