{
  "scan_timestamp": "2025-11-26T14:24:34.733592+00:00",
  "duration_seconds": 818.58,
  "performance_metrics": {
    "total_processed": 408,
    "valid_configs": 228,
    "duplicates": 0,
    "failed_tests": 180,
    "success_rate": 55.88,
    "avg_latency_ms": 153.29,
    "avg_score": 98.98
  },
  "protocol_summary": {
    "vmess": {
      "count": 55,
      "avg_lat": 142.1818181818182,
      "avg_score": 99.05212121212121
    },
    "vless": {
      "count": 102,
      "avg_lat": 174.7058823529412,
      "avg_score": 98.83529411764707
    },
    "ss": {
      "count": 0,
      "avg_lat": 0.0,
      "avg_score": 0.0
    },
    "trojan": {
      "count": 71,
      "avg_lat": 131.1267605633803,
      "avg_score": 99.12582159624414
    }
  }
}