{
  "scan_timestamp": "2025-11-19T19:21:52.561257+00:00",
  "duration_seconds": 822.05,
  "performance_metrics": {
    "total_processed": 416,
    "valid_configs": 220,
    "duplicates": 0,
    "failed_tests": 196,
    "success_rate": 52.88,
    "avg_latency_ms": 148.2,
    "avg_score": 99.01
  },
  "protocol_summary": {
    "vmess": {
      "count": 40,
      "avg_lat": 223.425,
      "avg_score": 98.51050000000001
    },
    "vless": {
      "count": 97,
      "avg_lat": 132.69072164948454,
      "avg_score": 99.11539518900344
    },
    "ss": {
      "count": 1,
      "avg_lat": 188.0,
      "avg_score": 98.74666666666667
    },
    "trojan": {
      "count": 82,
      "avg_lat": 129.3658536585366,
      "avg_score": 99.13756097560976
    }
  }
}