{
  "scan_timestamp": "2025-11-01T01:02:27.948952+00:00",
  "duration_seconds": 754.37,
  "performance_metrics": {
    "total_processed": 376,
    "valid_configs": 198,
    "duplicates": 0,
    "failed_tests": 178,
    "success_rate": 52.66,
    "avg_latency_ms": 141.62,
    "avg_score": 99.06
  },
  "protocol_summary": {
    "vmess": {
      "count": 68,
      "avg_lat": 232.86764705882354,
      "avg_score": 98.44754901960785
    },
    "vless": {
      "count": 103,
      "avg_lat": 66.07766990291262,
      "avg_score": 99.55948220064725
    },
    "ss": {
      "count": 1,
      "avg_lat": 126.0,
      "avg_score": 99.16
    },
    "trojan": {
      "count": 26,
      "avg_lat": 202.84615384615384,
      "avg_score": 98.64769230769231
    }
  }
}