{
  "scan_timestamp": "2025-11-22T06:28:16.526428+00:00",
  "duration_seconds": 858.13,
  "performance_metrics": {
    "total_processed": 410,
    "valid_configs": 254,
    "duplicates": 0,
    "failed_tests": 156,
    "success_rate": 61.95,
    "avg_latency_ms": 129.03,
    "avg_score": 99.14
  },
  "protocol_summary": {
    "vmess": {
      "count": 47,
      "avg_lat": 147.04255319148936,
      "avg_score": 99.01971631205673
    },
    "vless": {
      "count": 117,
      "avg_lat": 114.14529914529915,
      "avg_score": 99.23903133903134
    },
    "ss": {
      "count": 0,
      "avg_lat": 0.0,
      "avg_score": 0.0
    },
    "trojan": {
      "count": 90,
      "avg_lat": 138.9777777777778,
      "avg_score": 99.07348148148148
    }
  }
}