{
  "scan_timestamp": "2025-11-17T22:26:45.297094+00:00",
  "duration_seconds": 1029.07,
  "performance_metrics": {
    "total_processed": 471,
    "valid_configs": 307,
    "duplicates": 0,
    "failed_tests": 164,
    "success_rate": 65.18,
    "avg_latency_ms": 169.31,
    "avg_score": 98.87
  },
  "protocol_summary": {
    "vmess": {
      "count": 57,
      "avg_lat": 296.7368421052632,
      "avg_score": 98.02175438596491
    },
    "vless": {
      "count": 172,
      "avg_lat": 127.04651162790698,
      "avg_score": 99.15302325581395
    },
    "ss": {
      "count": 2,
      "avg_lat": 1194.5,
      "avg_score": 92.03666666666666
    },
    "trojan": {
      "count": 76,
      "avg_lat": 142.42105263157896,
      "avg_score": 99.05052631578947
    }
  }
}