{
  "scan_timestamp": "2025-12-06T02:40:45.405033+00:00",
  "duration_seconds": 1040.48,
  "performance_metrics": {
    "total_processed": 478,
    "valid_configs": 275,
    "duplicates": 0,
    "failed_tests": 203,
    "success_rate": 57.53,
    "avg_latency_ms": 181.21,
    "avg_score": 98.79
  },
  "protocol_summary": {
    "vmess": {
      "count": 93,
      "avg_lat": 291.6989247311828,
      "avg_score": 98.05534050179212
    },
    "vless": {
      "count": 126,
      "avg_lat": 84.44444444444444,
      "avg_score": 99.43703703703703
    },
    "ss": {
      "count": 0,
      "avg_lat": 0.0,
      "avg_score": 0.0
    },
    "trojan": {
      "count": 56,
      "avg_lat": 215.44642857142858,
      "avg_score": 98.56369047619047
    }
  }
}