{
  "scan_timestamp": "2025-12-04T04:02:51.349925+00:00",
  "duration_seconds": 1005.01,
  "performance_metrics": {
    "total_processed": 478,
    "valid_configs": 269,
    "duplicates": 0,
    "failed_tests": 209,
    "success_rate": 56.28,
    "avg_latency_ms": 171.83,
    "avg_score": 98.85
  },
  "protocol_summary": {
    "vmess": {
      "count": 78,
      "avg_lat": 306.6794871794872,
      "avg_score": 97.95547008547008
    },
    "vless": {
      "count": 149,
      "avg_lat": 97.93288590604027,
      "avg_score": 99.34711409395973
    },
    "ss": {
      "count": 0,
      "avg_lat": 0.0,
      "avg_score": 0.0
    },
    "trojan": {
      "count": 42,
      "avg_lat": 183.54761904761904,
      "avg_score": 98.77634920634921
    }
  }
}