{
  "scan_timestamp": "2025-12-06T13:34:17.161945+00:00",
  "duration_seconds": 909.07,
  "performance_metrics": {
    "total_processed": 473,
    "valid_configs": 249,
    "duplicates": 0,
    "failed_tests": 224,
    "success_rate": 52.64,
    "avg_latency_ms": 185.07,
    "avg_score": 98.77
  },
  "protocol_summary": {
    "vmess": {
      "count": 76,
      "avg_lat": 250.02631578947367,
      "avg_score": 98.33315789473684
    },
    "vless": {
      "count": 126,
      "avg_lat": 130.53968253968253,
      "avg_score": 99.12973544973545
    },
    "ss": {
      "count": 0,
      "avg_lat": 0.0,
      "avg_score": 0.0
    },
    "trojan": {
      "count": 47,
      "avg_lat": 226.2340425531915,
      "avg_score": 98.4917730496454
    }
  }
}