{
  "scan_timestamp": "2025-10-28T16:26:09.312514+00:00",
  "duration_seconds": 790.97,
  "performance_metrics": {
    "total_processed": 370,
    "valid_configs": 210,
    "duplicates": 0,
    "failed_tests": 160,
    "success_rate": 56.76,
    "avg_latency_ms": 192.8,
    "avg_score": 98.71
  },
  "protocol_summary": {
    "vmess": {
      "count": 66,
      "avg_lat": 317.74242424242425,
      "avg_score": 97.88171717171717
    },
    "vless": {
      "count": 120,
      "avg_lat": 123.84166666666667,
      "avg_score": 99.17438888888888
    },
    "ss": {
      "count": 1,
      "avg_lat": 190.0,
      "avg_score": 98.73333333333333
    },
    "trojan": {
      "count": 23,
      "avg_lat": 194.2173913043478,
      "avg_score": 98.70521739130434
    }
  }
}