{
  "scan_timestamp": "2025-10-30T05:23:08.503723+00:00",
  "duration_seconds": 760.88,
  "performance_metrics": {
    "total_processed": 358,
    "valid_configs": 198,
    "duplicates": 0,
    "failed_tests": 160,
    "success_rate": 55.31,
    "avg_latency_ms": 113.09,
    "avg_score": 99.25
  },
  "protocol_summary": {
    "vmess": {
      "count": 61,
      "avg_lat": 130.2622950819672,
      "avg_score": 99.13158469945355
    },
    "vless": {
      "count": 121,
      "avg_lat": 96.20661157024793,
      "avg_score": 99.35862258953168
    },
    "ss": {
      "count": 1,
      "avg_lat": 125.0,
      "avg_score": 99.16666666666667
    },
    "trojan": {
      "count": 15,
      "avg_lat": 178.6,
      "avg_score": 98.80933333333333
    }
  }
}