{
  "scan_timestamp": "2025-11-28T08:30:04.850883+00:00",
  "duration_seconds": 896.7,
  "performance_metrics": {
    "total_processed": 475,
    "valid_configs": 213,
    "duplicates": 0,
    "failed_tests": 262,
    "success_rate": 44.84,
    "avg_latency_ms": 178.73,
    "avg_score": 98.81
  },
  "protocol_summary": {
    "vmess": {
      "count": 40,
      "avg_lat": 148.25,
      "avg_score": 99.01166666666667
    },
    "vless": {
      "count": 98,
      "avg_lat": 163.07142857142858,
      "avg_score": 98.91285714285715
    },
    "ss": {
      "count": 0,
      "avg_lat": 0.0,
      "avg_score": 0.0
    },
    "trojan": {
      "count": 75,
      "avg_lat": 215.45333333333335,
      "avg_score": 98.56364444444445
    }
  }
}