{
  "scan_timestamp": "2025-11-02T15:21:29.185456+00:00",
  "duration_seconds": 780.0,
  "performance_metrics": {
    "total_processed": 370,
    "valid_configs": 184,
    "duplicates": 0,
    "failed_tests": 186,
    "success_rate": 49.73,
    "avg_latency_ms": 160.34,
    "avg_score": 98.93
  },
  "protocol_summary": {
    "vmess": {
      "count": 54,
      "avg_lat": 200.7037037037037,
      "avg_score": 98.66197530864198
    },
    "vless": {
      "count": 107,
      "avg_lat": 129.0841121495327,
      "avg_score": 99.13943925233644
    },
    "ss": {
      "count": 1,
      "avg_lat": 145.0,
      "avg_score": 99.03333333333333
    },
    "trojan": {
      "count": 22,
      "avg_lat": 213.95454545454547,
      "avg_score": 98.57363636363635
    }
  }
}