{
  "scan_timestamp": "2025-11-15T23:27:43.577309+00:00",
  "duration_seconds": 1092.5,
  "performance_metrics": {
    "total_processed": 476,
    "valid_configs": 320,
    "duplicates": 0,
    "failed_tests": 156,
    "success_rate": 67.23,
    "avg_latency_ms": 104.47,
    "avg_score": 99.3
  },
  "protocol_summary": {
    "vmess": {
      "count": 58,
      "avg_lat": 75.12068965517241,
      "avg_score": 99.49919540229884
    },
    "vless": {
      "count": 209,
      "avg_lat": 101.45933014354067,
      "avg_score": 99.32360446570974
    },
    "ss": {
      "count": 1,
      "avg_lat": 149.0,
      "avg_score": 99.00666666666666
    },
    "trojan": {
      "count": 52,
      "avg_lat": 148.44230769230768,
      "avg_score": 99.01038461538461
    }
  }
}