{
  "scan_timestamp": "2025-11-15T09:27:55.034746+00:00",
  "duration_seconds": 1121.69,
  "performance_metrics": {
    "total_processed": 474,
    "valid_configs": 341,
    "duplicates": 0,
    "failed_tests": 133,
    "success_rate": 71.94,
    "avg_latency_ms": 129.36,
    "avg_score": 99.14
  },
  "protocol_summary": {
    "vmess": {
      "count": 40,
      "avg_lat": 311.7,
      "avg_score": 97.922
    },
    "vless": {
      "count": 242,
      "avg_lat": 95.25619834710744,
      "avg_score": 99.36495867768595
    },
    "ss": {
      "count": 1,
      "avg_lat": 141.0,
      "avg_score": 99.06
    },
    "trojan": {
      "count": 58,
      "avg_lat": 145.68965517241378,
      "avg_score": 99.02873563218391
    }
  }
}