{
  "scan_timestamp": "2025-11-30T09:26:14.506989+00:00",
  "duration_seconds": 1017.12,
  "performance_metrics": {
    "total_processed": 475,
    "valid_configs": 281,
    "duplicates": 0,
    "failed_tests": 194,
    "success_rate": 59.16,
    "avg_latency_ms": 176.58,
    "avg_score": 98.82
  },
  "protocol_summary": {
    "vmess": {
      "count": 75,
      "avg_lat": 234.72,
      "avg_score": 98.43520000000001
    },
    "vless": {
      "count": 107,
      "avg_lat": 127.93457943925233,
      "avg_score": 99.14710280373832
    },
    "ss": {
      "count": 0,
      "avg_lat": 0.0,
      "avg_score": 0.0
    },
    "trojan": {
      "count": 99,
      "avg_lat": 185.1010101010101,
      "avg_score": 98.76599326599327
    }
  }
}