{
  "scan_timestamp": "2025-11-06T13:43:53.176087+00:00",
  "duration_seconds": 1150.27,
  "performance_metrics": {
    "total_processed": 478,
    "valid_configs": 346,
    "duplicates": 0,
    "failed_tests": 132,
    "success_rate": 72.38,
    "avg_latency_ms": 105.86,
    "avg_score": 99.29
  },
  "protocol_summary": {
    "vmess": {
      "count": 77,
      "avg_lat": 137.07792207792207,
      "avg_score": 99.08614718614719
    },
    "vless": {
      "count": 262,
      "avg_lat": 94.02290076335878,
      "avg_score": 99.3731806615776
    },
    "ss": {
      "count": 0,
      "avg_lat": 0.0,
      "avg_score": 0.0
    },
    "trojan": {
      "count": 7,
      "avg_lat": 205.28571428571428,
      "avg_score": 98.63142857142857
    }
  }
}