{
  "scan_timestamp": "2025-11-13T17:29:55.051061+00:00",
  "duration_seconds": 1108.9,
  "performance_metrics": {
    "total_processed": 479,
    "valid_configs": 334,
    "duplicates": 0,
    "failed_tests": 145,
    "success_rate": 69.73,
    "avg_latency_ms": 132.9,
    "avg_score": 99.11
  },
  "protocol_summary": {
    "vmess": {
      "count": 41,
      "avg_lat": 247.73170731707316,
      "avg_score": 98.34845528455284
    },
    "vless": {
      "count": 247,
      "avg_lat": 105.72874493927125,
      "avg_score": 99.29514170040487
    },
    "ss": {
      "count": 1,
      "avg_lat": 125.0,
      "avg_score": 99.16666666666667
    },
    "trojan": {
      "count": 45,
      "avg_lat": 177.6,
      "avg_score": 98.816
    }
  }
}