{
  "scan_timestamp": "2025-11-09T07:28:24.852272+00:00",
  "duration_seconds": 1143.04,
  "performance_metrics": {
    "total_processed": 473,
    "valid_configs": 337,
    "duplicates": 0,
    "failed_tests": 136,
    "success_rate": 71.25,
    "avg_latency_ms": 139.44,
    "avg_score": 99.07
  },
  "protocol_summary": {
    "vmess": {
      "count": 70,
      "avg_lat": 118.28571428571429,
      "avg_score": 99.21142857142857
    },
    "vless": {
      "count": 247,
      "avg_lat": 130.99595141700405,
      "avg_score": 99.12669365721997
    },
    "ss": {
      "count": 1,
      "avg_lat": 144.0,
      "avg_score": 99.04
    },
    "trojan": {
      "count": 19,
      "avg_lat": 326.8421052631579,
      "avg_score": 97.82105263157894
    }
  }
}