{
  "scan_timestamp": "2025-11-28T03:54:28.252801+00:00",
  "duration_seconds": 926.16,
  "performance_metrics": {
    "total_processed": 478,
    "valid_configs": 217,
    "duplicates": 0,
    "failed_tests": 261,
    "success_rate": 45.4,
    "avg_latency_ms": 168.37,
    "avg_score": 98.88
  },
  "protocol_summary": {
    "vmess": {
      "count": 32,
      "avg_lat": 178.09375,
      "avg_score": 98.81270833333333
    },
    "vless": {
      "count": 108,
      "avg_lat": 133.50925925925927,
      "avg_score": 99.10993827160493
    },
    "ss": {
      "count": 0,
      "avg_lat": 0.0,
      "avg_score": 0.0
    },
    "trojan": {
      "count": 77,
      "avg_lat": 213.23376623376623,
      "avg_score": 98.57844155844155
    }
  }
}