{
  "scan_timestamp": "2025-11-11T13:42:04.346216+00:00",
  "duration_seconds": 1077.81,
  "performance_metrics": {
    "total_processed": 478,
    "valid_configs": 317,
    "duplicates": 0,
    "failed_tests": 161,
    "success_rate": 66.32,
    "avg_latency_ms": 126.92,
    "avg_score": 99.15
  },
  "protocol_summary": {
    "vmess": {
      "count": 42,
      "avg_lat": 209.9047619047619,
      "avg_score": 98.60063492063492
    },
    "vless": {
      "count": 255,
      "avg_lat": 111.72549019607843,
      "avg_score": 99.2551633986928
    },
    "ss": {
      "count": 1,
      "avg_lat": 138.0,
      "avg_score": 99.08
    },
    "trojan": {
      "count": 19,
      "avg_lat": 146.8421052631579,
      "avg_score": 99.02105263157895
    }
  }
}