{
  "scan_timestamp": "2025-11-30T10:26:15.095980+00:00",
  "duration_seconds": 987.53,
  "performance_metrics": {
    "total_processed": 473,
    "valid_configs": 272,
    "duplicates": 0,
    "failed_tests": 201,
    "success_rate": 57.51,
    "avg_latency_ms": 176.64,
    "avg_score": 98.82
  },
  "protocol_summary": {
    "vmess": {
      "count": 77,
      "avg_lat": 198.46753246753246,
      "avg_score": 98.67688311688312
    },
    "vless": {
      "count": 108,
      "avg_lat": 155.02777777777777,
      "avg_score": 98.96648148148148
    },
    "ss": {
      "count": 0,
      "avg_lat": 0.0,
      "avg_score": 0.0
    },
    "trojan": {
      "count": 87,
      "avg_lat": 184.16091954022988,
      "avg_score": 98.77226053639846
    }
  }
}