{
  "scan_timestamp": "2025-11-24T04:37:59.832845+00:00",
  "duration_seconds": 788.26,
  "performance_metrics": {
    "total_processed": 383,
    "valid_configs": 224,
    "duplicates": 0,
    "failed_tests": 159,
    "success_rate": 58.49,
    "avg_latency_ms": 115.94,
    "avg_score": 99.23
  },
  "protocol_summary": {
    "vmess": {
      "count": 43,
      "avg_lat": 144.25581395348837,
      "avg_score": 99.03829457364341
    },
    "vless": {
      "count": 97,
      "avg_lat": 69.31958762886597,
      "avg_score": 99.53786941580756
    },
    "ss": {
      "count": 0,
      "avg_lat": 0.0,
      "avg_score": 0.0
    },
    "trojan": {
      "count": 84,
      "avg_lat": 155.28571428571428,
      "avg_score": 98.9647619047619
    }
  }
}