{
  "scan_timestamp": "2025-12-05T14:27:51.863156+00:00",
  "duration_seconds": 1020.46,
  "performance_metrics": {
    "total_processed": 470,
    "valid_configs": 293,
    "duplicates": 0,
    "failed_tests": 177,
    "success_rate": 62.34,
    "avg_latency_ms": 165.19,
    "avg_score": 98.9
  },
  "protocol_summary": {
    "vmess": {
      "count": 112,
      "avg_lat": 221.20535714285714,
      "avg_score": 98.52529761904762
    },
    "vless": {
      "count": 136,
      "avg_lat": 108.11029411764706,
      "avg_score": 99.27926470588235
    },
    "ss": {
      "count": 0,
      "avg_lat": 0.0,
      "avg_score": 0.0
    },
    "trojan": {
      "count": 45,
      "avg_lat": 198.26666666666668,
      "avg_score": 98.67822222222223
    }
  }
}