{
  "scan_timestamp": "2025-11-15T08:37:41.976384+00:00",
  "duration_seconds": 1122.69,
  "performance_metrics": {
    "total_processed": 474,
    "valid_configs": 338,
    "duplicates": 0,
    "failed_tests": 136,
    "success_rate": 71.31,
    "avg_latency_ms": 115.93,
    "avg_score": 99.23
  },
  "protocol_summary": {
    "vmess": {
      "count": 38,
      "avg_lat": 202.3684210526316,
      "avg_score": 98.65087719298245
    },
    "vless": {
      "count": 241,
      "avg_lat": 97.01244813278008,
      "avg_score": 99.35325034578148
    },
    "ss": {
      "count": 1,
      "avg_lat": 144.0,
      "avg_score": 99.04
    },
    "trojan": {
      "count": 58,
      "avg_lat": 137.44827586206895,
      "avg_score": 99.08367816091955
    }
  }
}