{
  "scan_timestamp": "2025-11-30T13:36:21.613737+00:00",
  "duration_seconds": 1065.07,
  "performance_metrics": {
    "total_processed": 476,
    "valid_configs": 321,
    "duplicates": 0,
    "failed_tests": 155,
    "success_rate": 67.44,
    "avg_latency_ms": 158.68,
    "avg_score": 98.94
  },
  "protocol_summary": {
    "vmess": {
      "count": 74,
      "avg_lat": 199.40540540540542,
      "avg_score": 98.67063063063064
    },
    "vless": {
      "count": 196,
      "avg_lat": 118.39795918367346,
      "avg_score": 99.21068027210885
    },
    "ss": {
      "count": 0,
      "avg_lat": 0.0,
      "avg_score": 0.0
    },
    "trojan": {
      "count": 51,
      "avg_lat": 254.41176470588235,
      "avg_score": 98.30392156862744
    }
  }
}