{
  "scan_timestamp": "2025-11-13T02:48:04.304190+00:00",
  "duration_seconds": 1178.77,
  "performance_metrics": {
    "total_processed": 481,
    "valid_configs": 360,
    "duplicates": 0,
    "failed_tests": 121,
    "success_rate": 74.84,
    "avg_latency_ms": 109.29,
    "avg_score": 99.27
  },
  "protocol_summary": {
    "vmess": {
      "count": 34,
      "avg_lat": 120.44117647058823,
      "avg_score": 99.1970588235294
    },
    "vless": {
      "count": 281,
      "avg_lat": 99.86120996441281,
      "avg_score": 99.33425860023725
    },
    "ss": {
      "count": 1,
      "avg_lat": 123.0,
      "avg_score": 99.18
    },
    "trojan": {
      "count": 44,
      "avg_lat": 160.54545454545453,
      "avg_score": 98.92969696969698
    }
  }
}