{
  "scan_timestamp": "2025-11-27T02:37:29.966169+00:00",
  "duration_seconds": 781.53,
  "performance_metrics": {
    "total_processed": 387,
    "valid_configs": 214,
    "duplicates": 0,
    "failed_tests": 173,
    "success_rate": 55.3,
    "avg_latency_ms": 121.31,
    "avg_score": 99.19
  },
  "protocol_summary": {
    "vmess": {
      "count": 44,
      "avg_lat": 130.52272727272728,
      "avg_score": 99.12984848484848
    },
    "vless": {
      "count": 102,
      "avg_lat": 96.33333333333333,
      "avg_score": 99.35777777777778
    },
    "ss": {
      "count": 0,
      "avg_lat": 0.0,
      "avg_score": 0.0
    },
    "trojan": {
      "count": 68,
      "avg_lat": 152.80882352941177,
      "avg_score": 98.98127450980392
    }
  }
}