{
  "scan_timestamp": "2025-11-27T04:27:05.712266+00:00",
  "duration_seconds": 774.31,
  "performance_metrics": {
    "total_processed": 390,
    "valid_configs": 212,
    "duplicates": 0,
    "failed_tests": 178,
    "success_rate": 54.36,
    "avg_latency_ms": 139.16,
    "avg_score": 99.07
  },
  "protocol_summary": {
    "vmess": {
      "count": 47,
      "avg_lat": 177.93617021276594,
      "avg_score": 98.81375886524823
    },
    "vless": {
      "count": 101,
      "avg_lat": 123.45544554455445,
      "avg_score": 99.17696369636964
    },
    "ss": {
      "count": 0,
      "avg_lat": 0.0,
      "avg_score": 0.0
    },
    "trojan": {
      "count": 64,
      "avg_lat": 135.46875,
      "avg_score": 99.096875
    }
  }
}