{
  "scan_timestamp": "2025-11-02T10:22:47.649569+00:00",
  "duration_seconds": 813.48,
  "performance_metrics": {
    "total_processed": 378,
    "valid_configs": 197,
    "duplicates": 0,
    "failed_tests": 181,
    "success_rate": 52.12,
    "avg_latency_ms": 122.37,
    "avg_score": 99.18
  },
  "protocol_summary": {
    "vmess": {
      "count": 52,
      "avg_lat": 137.28846153846155,
      "avg_score": 99.0847435897436
    },
    "vless": {
      "count": 121,
      "avg_lat": 114.86776859504133,
      "avg_score": 99.23421487603306
    },
    "ss": {
      "count": 1,
      "avg_lat": 180.0,
      "avg_score": 98.8
    },
    "trojan": {
      "count": 23,
      "avg_lat": 125.6086956521739,
      "avg_score": 99.16260869565217
    }
  }
}