{
  "scan_timestamp": "2025-10-31T12:34:13.455487+00:00",
  "duration_seconds": 866.02,
  "performance_metrics": {
    "total_processed": 429,
    "valid_configs": 217,
    "duplicates": 0,
    "failed_tests": 212,
    "success_rate": 50.58,
    "avg_latency_ms": 154.86,
    "avg_score": 98.97
  },
  "protocol_summary": {
    "vmess": {
      "count": 63,
      "avg_lat": 260.46031746031747,
      "avg_score": 98.26359788359788
    },
    "vless": {
      "count": 102,
      "avg_lat": 84.98039215686275,
      "avg_score": 99.43346405228758
    },
    "ss": {
      "count": 1,
      "avg_lat": 189.0,
      "avg_score": 98.74
    },
    "trojan": {
      "count": 51,
      "avg_lat": 163.49019607843138,
      "avg_score": 98.91006535947712
    }
  }
}