{
  "scan_timestamp": "2025-11-14T03:58:52.842225+00:00",
  "duration_seconds": 1153.18,
  "performance_metrics": {
    "total_processed": 478,
    "valid_configs": 350,
    "duplicates": 0,
    "failed_tests": 128,
    "success_rate": 73.22,
    "avg_latency_ms": 111.56,
    "avg_score": 99.26
  },
  "protocol_summary": {
    "vmess": {
      "count": 31,
      "avg_lat": 264.7096774193548,
      "avg_score": 98.23526881720429
    },
    "vless": {
      "count": 257,
      "avg_lat": 87.61867704280155,
      "avg_score": 99.41587548638132
    },
    "ss": {
      "count": 1,
      "avg_lat": 130.0,
      "avg_score": 99.13333333333334
    },
    "trojan": {
      "count": 61,
      "avg_lat": 134.31147540983608,
      "avg_score": 99.10459016393443
    }
  }
}