{
  "scan_timestamp": "2025-11-15T04:30:37.930308+00:00",
  "duration_seconds": 1139.13,
  "performance_metrics": {
    "total_processed": 477,
    "valid_configs": 342,
    "duplicates": 0,
    "failed_tests": 135,
    "success_rate": 71.7,
    "avg_latency_ms": 108.91,
    "avg_score": 99.27
  },
  "protocol_summary": {
    "vmess": {
      "count": 38,
      "avg_lat": 147.73684210526315,
      "avg_score": 99.01508771929825
    },
    "vless": {
      "count": 245,
      "avg_lat": 96.41224489795918,
      "avg_score": 99.35725170068027
    },
    "ss": {
      "count": 1,
      "avg_lat": 142.0,
      "avg_score": 99.05333333333333
    },
    "trojan": {
      "count": 58,
      "avg_lat": 135.68965517241378,
      "avg_score": 99.09540229885059
    }
  }
}