{
  "scan_timestamp": "2025-11-11T14:28:09.088608+00:00",
  "duration_seconds": 1073.65,
  "performance_metrics": {
    "total_processed": 476,
    "valid_configs": 309,
    "duplicates": 0,
    "failed_tests": 167,
    "success_rate": 64.92,
    "avg_latency_ms": 165.33,
    "avg_score": 98.9
  },
  "protocol_summary": {
    "vmess": {
      "count": 34,
      "avg_lat": 222.11764705882354,
      "avg_score": 98.5192156862745
    },
    "vless": {
      "count": 254,
      "avg_lat": 154.26771653543307,
      "avg_score": 98.97154855643045
    },
    "ss": {
      "count": 1,
      "avg_lat": 158.0,
      "avg_score": 98.94666666666667
    },
    "trojan": {
      "count": 20,
      "avg_lat": 209.7,
      "avg_score": 98.602
    }
  }
}