{
  "scan_timestamp": "2025-12-06T19:22:39.250515+00:00",
  "duration_seconds": 914.64,
  "performance_metrics": {
    "total_processed": 469,
    "valid_configs": 239,
    "duplicates": 0,
    "failed_tests": 230,
    "success_rate": 50.96,
    "avg_latency_ms": 191.65,
    "avg_score": 98.72
  },
  "protocol_summary": {
    "vmess": {
      "count": 60,
      "avg_lat": 320.0833333333333,
      "avg_score": 97.86611111111111
    },
    "vless": {
      "count": 129,
      "avg_lat": 125.5891472868217,
      "avg_score": 99.16273901808786
    },
    "ss": {
      "count": 0,
      "avg_lat": 0.0,
      "avg_score": 0.0
    },
    "trojan": {
      "count": 50,
      "avg_lat": 207.98,
      "avg_score": 98.61346666666667
    }
  }
}