{
  "scan_timestamp": "2025-11-05T18:33:41.703046+00:00",
  "duration_seconds": 1153.02,
  "performance_metrics": {
    "total_processed": 477,
    "valid_configs": 335,
    "duplicates": 0,
    "failed_tests": 142,
    "success_rate": 70.23,
    "avg_latency_ms": 135.03,
    "avg_score": 99.1
  },
  "protocol_summary": {
    "vmess": {
      "count": 56,
      "avg_lat": 141.89285714285714,
      "avg_score": 99.05404761904762
    },
    "vless": {
      "count": 270,
      "avg_lat": 132.21851851851852,
      "avg_score": 99.11854320987655
    },
    "ss": {
      "count": 1,
      "avg_lat": 137.0,
      "avg_score": 99.08666666666667
    },
    "trojan": {
      "count": 8,
      "avg_lat": 181.5,
      "avg_score": 98.79
    }
  }
}