{
  "scan_timestamp": "2025-11-09T21:26:33.528414+00:00",
  "duration_seconds": 1111.94,
  "performance_metrics": {
    "total_processed": 479,
    "valid_configs": 327,
    "duplicates": 0,
    "failed_tests": 152,
    "success_rate": 68.27,
    "avg_latency_ms": 131.95,
    "avg_score": 99.12
  },
  "protocol_summary": {
    "vmess": {
      "count": 62,
      "avg_lat": 166.16129032258064,
      "avg_score": 98.89225806451613
    },
    "vless": {
      "count": 249,
      "avg_lat": 118.26506024096386,
      "avg_score": 99.21156626506024
    },
    "ss": {
      "count": 1,
      "avg_lat": 138.0,
      "avg_score": 99.08
    },
    "trojan": {
      "count": 15,
      "avg_lat": 217.26666666666668,
      "avg_score": 98.55155555555555
    }
  }
}