{
  "scan_timestamp": "2025-11-06T19:27:47.410109+00:00",
  "duration_seconds": 1135.1,
  "performance_metrics": {
    "total_processed": 479,
    "valid_configs": 324,
    "duplicates": 0,
    "failed_tests": 155,
    "success_rate": 67.64,
    "avg_latency_ms": 100.28,
    "avg_score": 99.33
  },
  "protocol_summary": {
    "vmess": {
      "count": 51,
      "avg_lat": 115.3921568627451,
      "avg_score": 99.23071895424836
    },
    "vless": {
      "count": 262,
      "avg_lat": 91.33969465648855,
      "avg_score": 99.39106870229007
    },
    "ss": {
      "count": 1,
      "avg_lat": 126.0,
      "avg_score": 99.16
    },
    "trojan": {
      "count": 10,
      "avg_lat": 254.9,
      "avg_score": 98.30066666666667
    }
  }
}