{
  "scan_timestamp": "2025-11-17T14:28:40.845678+00:00",
  "duration_seconds": 1108.18,
  "performance_metrics": {
    "total_processed": 475,
    "valid_configs": 326,
    "duplicates": 0,
    "failed_tests": 149,
    "success_rate": 68.63,
    "avg_latency_ms": 177.63,
    "avg_score": 98.82
  },
  "protocol_summary": {
    "vmess": {
      "count": 50,
      "avg_lat": 307.86,
      "avg_score": 97.94760000000001
    },
    "vless": {
      "count": 210,
      "avg_lat": 156.23333333333332,
      "avg_score": 98.95844444444445
    },
    "ss": {
      "count": 1,
      "avg_lat": 157.0,
      "avg_score": 98.95333333333333
    },
    "trojan": {
      "count": 65,
      "avg_lat": 146.90769230769232,
      "avg_score": 99.02061538461538
    }
  }
}