{
  "scan_timestamp": "2025-11-02T17:20:59.262258+00:00",
  "duration_seconds": 773.47,
  "performance_metrics": {
    "total_processed": 369,
    "valid_configs": 182,
    "duplicates": 0,
    "failed_tests": 187,
    "success_rate": 49.32,
    "avg_latency_ms": 108.84,
    "avg_score": 99.27
  },
  "protocol_summary": {
    "vmess": {
      "count": 52,
      "avg_lat": 112.82692307692308,
      "avg_score": 99.24782051282051
    },
    "vless": {
      "count": 108,
      "avg_lat": 107.29629629629629,
      "avg_score": 99.28469135802469
    },
    "ss": {
      "count": 1,
      "avg_lat": 128.0,
      "avg_score": 99.14666666666666
    },
    "trojan": {
      "count": 21,
      "avg_lat": 105.95238095238095,
      "avg_score": 99.29365079365078
    }
  }
}