{
  "scan_timestamp": "2025-11-14T10:30:55.584092+00:00",
  "duration_seconds": 1120.26,
  "performance_metrics": {
    "total_processed": 480,
    "valid_configs": 334,
    "duplicates": 0,
    "failed_tests": 146,
    "success_rate": 69.58,
    "avg_latency_ms": 158.39,
    "avg_score": 98.94
  },
  "protocol_summary": {
    "vmess": {
      "count": 29,
      "avg_lat": 287.7241379310345,
      "avg_score": 98.08183908045977
    },
    "vless": {
      "count": 245,
      "avg_lat": 143.0938775510204,
      "avg_score": 99.04604081632652
    },
    "ss": {
      "count": 0,
      "avg_lat": 0.0,
      "avg_score": 0.0
    },
    "trojan": {
      "count": 60,
      "avg_lat": 158.33333333333334,
      "avg_score": 98.94444444444444
    }
  }
}