{
  "scan_timestamp": "2025-11-01T06:29:27.056808+00:00",
  "duration_seconds": 959.43,
  "performance_metrics": {
    "total_processed": 433,
    "valid_configs": 258,
    "duplicates": 0,
    "failed_tests": 175,
    "success_rate": 59.58,
    "avg_latency_ms": 181.82,
    "avg_score": 98.79
  },
  "protocol_summary": {
    "vmess": {
      "count": 137,
      "avg_lat": 279.8321167883212,
      "avg_score": 98.13445255474453
    },
    "vless": {
      "count": 95,
      "avg_lat": 55.94736842105263,
      "avg_score": 99.62701754385965
    },
    "ss": {
      "count": 1,
      "avg_lat": 182.0,
      "avg_score": 98.78666666666666
    },
    "trojan": {
      "count": 25,
      "avg_lat": 123.04,
      "avg_score": 99.17973333333333
    }
  }
}