{
  "scan_timestamp": "2025-11-26T12:35:46.008774+00:00",
  "duration_seconds": 898.72,
  "performance_metrics": {
    "total_processed": 439,
    "valid_configs": 254,
    "duplicates": 0,
    "failed_tests": 185,
    "success_rate": 57.86,
    "avg_latency_ms": 165.23,
    "avg_score": 98.9
  },
  "protocol_summary": {
    "vmess": {
      "count": 66,
      "avg_lat": 163.1969696969697,
      "avg_score": 98.9120202020202
    },
    "vless": {
      "count": 102,
      "avg_lat": 179.85294117647058,
      "avg_score": 98.80098039215687
    },
    "ss": {
      "count": 0,
      "avg_lat": 0.0,
      "avg_score": 0.0
    },
    "trojan": {
      "count": 86,
      "avg_lat": 149.45348837209303,
      "avg_score": 99.00364341085272
    }
  }
}