{
  "scan_timestamp": "2025-11-10T21:28:12.072200+00:00",
  "duration_seconds": 1124.81,
  "performance_metrics": {
    "total_processed": 475,
    "valid_configs": 322,
    "duplicates": 0,
    "failed_tests": 153,
    "success_rate": 67.79,
    "avg_latency_ms": 114.96,
    "avg_score": 99.23
  },
  "protocol_summary": {
    "vmess": {
      "count": 53,
      "avg_lat": 165.52830188679246,
      "avg_score": 98.89647798742138
    },
    "vless": {
      "count": 237,
      "avg_lat": 97.0295358649789,
      "avg_score": 99.35313642756681
    },
    "ss": {
      "count": 1,
      "avg_lat": 125.0,
      "avg_score": 99.16666666666667
    },
    "trojan": {
      "count": 31,
      "avg_lat": 165.25806451612902,
      "avg_score": 98.89827956989248
    }
  }
}