{
  "scan_timestamp": "2025-12-04T09:30:44.277555+00:00",
  "duration_seconds": 983.21,
  "performance_metrics": {
    "total_processed": 474,
    "valid_configs": 269,
    "duplicates": 0,
    "failed_tests": 205,
    "success_rate": 56.75,
    "avg_latency_ms": 245.57,
    "avg_score": 98.36
  },
  "protocol_summary": {
    "vmess": {
      "count": 75,
      "avg_lat": 388.50666666666666,
      "avg_score": 97.40995555555556
    },
    "vless": {
      "count": 144,
      "avg_lat": 185.61111111111111,
      "avg_score": 98.7625925925926
    },
    "ss": {
      "count": 0,
      "avg_lat": 0.0,
      "avg_score": 0.0
    },
    "trojan": {
      "count": 50,
      "avg_lat": 203.84,
      "avg_score": 98.64106666666666
    }
  }
}