{
  "scan_timestamp": "2025-11-26T08:29:07.815038+00:00",
  "duration_seconds": 845.9,
  "performance_metrics": {
    "total_processed": 412,
    "valid_configs": 240,
    "duplicates": 0,
    "failed_tests": 172,
    "success_rate": 58.25,
    "avg_latency_ms": 117.27,
    "avg_score": 99.22
  },
  "protocol_summary": {
    "vmess": {
      "count": 61,
      "avg_lat": 125.32786885245902,
      "avg_score": 99.16448087431694
    },
    "vless": {
      "count": 102,
      "avg_lat": 88.6078431372549,
      "avg_score": 99.40928104575163
    },
    "ss": {
      "count": 0,
      "avg_lat": 0.0,
      "avg_score": 0.0
    },
    "trojan": {
      "count": 77,
      "avg_lat": 148.85714285714286,
      "avg_score": 99.00761904761906
    }
  }
}