{
  "scan_timestamp": "2025-12-02T04:03:24.291395+00:00",
  "duration_seconds": 1058.47,
  "performance_metrics": {
    "total_processed": 485,
    "valid_configs": 312,
    "duplicates": 0,
    "failed_tests": 173,
    "success_rate": 64.33,
    "avg_latency_ms": 165.56,
    "avg_score": 98.9
  },
  "protocol_summary": {
    "vmess": {
      "count": 77,
      "avg_lat": 274.987012987013,
      "avg_score": 98.16675324675325
    },
    "vless": {
      "count": 158,
      "avg_lat": 112.50632911392405,
      "avg_score": 99.24995780590717
    },
    "ss": {
      "count": 0,
      "avg_lat": 0.0,
      "avg_score": 0.0
    },
    "trojan": {
      "count": 77,
      "avg_lat": 165.0,
      "avg_score": 98.9
    }
  }
}