{
  "scan_timestamp": "2025-11-28T22:23:40.879715+00:00",
  "duration_seconds": 878.4,
  "performance_metrics": {
    "total_processed": 474,
    "valid_configs": 208,
    "duplicates": 0,
    "failed_tests": 266,
    "success_rate": 43.88,
    "avg_latency_ms": 129.62,
    "avg_score": 99.14
  },
  "protocol_summary": {
    "vmess": {
      "count": 33,
      "avg_lat": 90.54545454545455,
      "avg_score": 99.39636363636363
    },
    "vless": {
      "count": 89,
      "avg_lat": 122.58426966292134,
      "avg_score": 99.18277153558053
    },
    "ss": {
      "count": 0,
      "avg_lat": 0.0,
      "avg_score": 0.0
    },
    "trojan": {
      "count": 86,
      "avg_lat": 151.90697674418604,
      "avg_score": 98.98728682170541
    }
  }
}