{
  "scan_timestamp": "2025-11-23T12:30:50.744155+00:00",
  "duration_seconds": 896.62,
  "performance_metrics": {
    "total_processed": 466,
    "valid_configs": 264,
    "duplicates": 0,
    "failed_tests": 202,
    "success_rate": 56.65,
    "avg_latency_ms": 180.36,
    "avg_score": 98.8
  },
  "protocol_summary": {
    "vmess": {
      "count": 44,
      "avg_lat": 211.02272727272728,
      "avg_score": 98.59318181818183
    },
    "vless": {
      "count": 103,
      "avg_lat": 129.1747572815534,
      "avg_score": 99.1388349514563
    },
    "ss": {
      "count": 0,
      "avg_lat": 0.0,
      "avg_score": 0.0
    },
    "trojan": {
      "count": 117,
      "avg_lat": 213.8803418803419,
      "avg_score": 98.57413105413106
    }
  }
}