{
  "scan_timestamp": "2025-11-09T08:30:28.338823+00:00",
  "duration_seconds": 1134.49,
  "performance_metrics": {
    "total_processed": 473,
    "valid_configs": 335,
    "duplicates": 0,
    "failed_tests": 138,
    "success_rate": 70.82,
    "avg_latency_ms": 119.17,
    "avg_score": 99.21
  },
  "protocol_summary": {
    "vmess": {
      "count": 69,
      "avg_lat": 112.59420289855072,
      "avg_score": 99.24937198067633
    },
    "vless": {
      "count": 246,
      "avg_lat": 113.71138211382114,
      "avg_score": 99.24192411924119
    },
    "ss": {
      "count": 1,
      "avg_lat": 136.0,
      "avg_score": 99.09333333333333
    },
    "trojan": {
      "count": 19,
      "avg_lat": 212.78947368421052,
      "avg_score": 98.58140350877193
    }
  }
}