{
  "scan_timestamp": "2025-11-20T20:25:28.606387+00:00",
  "duration_seconds": 831.62,
  "performance_metrics": {
    "total_processed": 411,
    "valid_configs": 232,
    "duplicates": 0,
    "failed_tests": 179,
    "success_rate": 56.45,
    "avg_latency_ms": 165.51,
    "avg_score": 98.9
  },
  "protocol_summary": {
    "vmess": {
      "count": 45,
      "avg_lat": 241.13333333333333,
      "avg_score": 98.39244444444444
    },
    "vless": {
      "count": 104,
      "avg_lat": 151.1153846153846,
      "avg_score": 98.9925641025641
    },
    "ss": {
      "count": 1,
      "avg_lat": 178.0,
      "avg_score": 98.81333333333333
    },
    "trojan": {
      "count": 82,
      "avg_lat": 142.1219512195122,
      "avg_score": 99.05252032520325
    }
  }
}