{
  "scan_timestamp": "2025-11-29T01:00:01.786339+00:00",
  "duration_seconds": 881.73,
  "performance_metrics": {
    "total_processed": 474,
    "valid_configs": 205,
    "duplicates": 0,
    "failed_tests": 269,
    "success_rate": 43.25,
    "avg_latency_ms": 152.83,
    "avg_score": 98.98
  },
  "protocol_summary": {
    "vmess": {
      "count": 33,
      "avg_lat": 130.6969696969697,
      "avg_score": 99.12868686868687
    },
    "vless": {
      "count": 86,
      "avg_lat": 135.8953488372093,
      "avg_score": 99.09403100775194
    },
    "ss": {
      "count": 0,
      "avg_lat": 0.0,
      "avg_score": 0.0
    },
    "trojan": {
      "count": 86,
      "avg_lat": 178.25581395348837,
      "avg_score": 98.81162790697674
    }
  }
}