{
  "scan_timestamp": "2025-11-04T22:28:09.849534+00:00",
  "duration_seconds": 1139.38,
  "performance_metrics": {
    "total_processed": 477,
    "valid_configs": 339,
    "duplicates": 0,
    "failed_tests": 138,
    "success_rate": 71.07,
    "avg_latency_ms": 131.52,
    "avg_score": 99.12
  },
  "protocol_summary": {
    "vmess": {
      "count": 54,
      "avg_lat": 166.66666666666666,
      "avg_score": 98.88888888888889
    },
    "vless": {
      "count": 275,
      "avg_lat": 123.74909090909091,
      "avg_score": 99.17500606060607
    },
    "ss": {
      "count": 0,
      "avg_lat": 0.0,
      "avg_score": 0.0
    },
    "trojan": {
      "count": 10,
      "avg_lat": 155.5,
      "avg_score": 98.96333333333334
    }
  }
}