{
  "scan_timestamp": "2025-11-30T23:26:45.933889+00:00",
  "duration_seconds": 1044.01,
  "performance_metrics": {
    "total_processed": 474,
    "valid_configs": 300,
    "duplicates": 0,
    "failed_tests": 174,
    "success_rate": 63.29,
    "avg_latency_ms": 179.0,
    "avg_score": 98.81
  },
  "protocol_summary": {
    "vmess": {
      "count": 63,
      "avg_lat": 303.87301587301585,
      "avg_score": 97.97417989417988
    },
    "vless": {
      "count": 197,
      "avg_lat": 150.66497461928935,
      "avg_score": 98.9955668358714
    },
    "ss": {
      "count": 0,
      "avg_lat": 0.0,
      "avg_score": 0.0
    },
    "trojan": {
      "count": 40,
      "avg_lat": 121.875,
      "avg_score": 99.1875
    }
  }
}