{
  "scan_timestamp": "2025-12-04T22:25:00.493537+00:00",
  "duration_seconds": 1002.09,
  "performance_metrics": {
    "total_processed": 471,
    "valid_configs": 283,
    "duplicates": 0,
    "failed_tests": 188,
    "success_rate": 60.08,
    "avg_latency_ms": 171.9,
    "avg_score": 98.85
  },
  "protocol_summary": {
    "vmess": {
      "count": 98,
      "avg_lat": 203.08163265306123,
      "avg_score": 98.64612244897958
    },
    "vless": {
      "count": 141,
      "avg_lat": 108.822695035461,
      "avg_score": 99.27451536643026
    },
    "ss": {
      "count": 0,
      "avg_lat": 0.0,
      "avg_score": 0.0
    },
    "trojan": {
      "count": 44,
      "avg_lat": 304.59090909090907,
      "avg_score": 97.96939393939395
    }
  }
}