{
  "scan_timestamp": "2025-11-04T09:30:36.220495+00:00",
  "duration_seconds": 1084.09,
  "performance_metrics": {
    "total_processed": 471,
    "valid_configs": 298,
    "duplicates": 0,
    "failed_tests": 173,
    "success_rate": 63.27,
    "avg_latency_ms": 162.17,
    "avg_score": 98.92
  },
  "protocol_summary": {
    "vmess": {
      "count": 38,
      "avg_lat": 162.94736842105263,
      "avg_score": 98.91368421052631
    },
    "vless": {
      "count": 242,
      "avg_lat": 161.47107438016528,
      "avg_score": 98.9235261707989
    },
    "ss": {
      "count": 1,
      "avg_lat": 160.0,
      "avg_score": 98.93333333333334
    },
    "trojan": {
      "count": 17,
      "avg_lat": 170.47058823529412,
      "avg_score": 98.86352941176472
    }
  }
}