{
  "scan_timestamp": "2025-11-26T11:24:01.294551+00:00",
  "duration_seconds": 869.03,
  "performance_metrics": {
    "total_processed": 423,
    "valid_configs": 243,
    "duplicates": 0,
    "failed_tests": 180,
    "success_rate": 57.45,
    "avg_latency_ms": 159.21,
    "avg_score": 98.94
  },
  "protocol_summary": {
    "vmess": {
      "count": 55,
      "avg_lat": 166.63636363636363,
      "avg_score": 98.8890909090909
    },
    "vless": {
      "count": 102,
      "avg_lat": 162.45098039215685,
      "avg_score": 98.91699346405228
    },
    "ss": {
      "count": 0,
      "avg_lat": 0.0,
      "avg_score": 0.0
    },
    "trojan": {
      "count": 86,
      "avg_lat": 150.6046511627907,
      "avg_score": 98.99596899224807
    }
  }
}