{
  "scan_timestamp": "2025-11-13T12:38:11.982600+00:00",
  "duration_seconds": 1105.01,
  "performance_metrics": {
    "total_processed": 477,
    "valid_configs": 323,
    "duplicates": 0,
    "failed_tests": 154,
    "success_rate": 67.71,
    "avg_latency_ms": 168.43,
    "avg_score": 98.88
  },
  "protocol_summary": {
    "vmess": {
      "count": 48,
      "avg_lat": 331.1458333333333,
      "avg_score": 97.79236111111112
    },
    "vless": {
      "count": 235,
      "avg_lat": 137.91489361702128,
      "avg_score": 99.08056737588653
    },
    "ss": {
      "count": 1,
      "avg_lat": 162.0,
      "avg_score": 98.92
    },
    "trojan": {
      "count": 39,
      "avg_lat": 152.17948717948718,
      "avg_score": 98.98547008547008
    }
  }
}