{
  "scan_timestamp": "2025-11-25T20:28:22.701736+00:00",
  "duration_seconds": 1030.6,
  "performance_metrics": {
    "total_processed": 470,
    "valid_configs": 299,
    "duplicates": 0,
    "failed_tests": 171,
    "success_rate": 63.62,
    "avg_latency_ms": 132.97,
    "avg_score": 99.11
  },
  "protocol_summary": {
    "vmess": {
      "count": 60,
      "avg_lat": 153.13333333333333,
      "avg_score": 98.97911111111111
    },
    "vless": {
      "count": 114,
      "avg_lat": 133.6578947368421,
      "avg_score": 99.10894736842106
    },
    "ss": {
      "count": 0,
      "avg_lat": 0.0,
      "avg_score": 0.0
    },
    "trojan": {
      "count": 125,
      "avg_lat": 122.656,
      "avg_score": 99.18229333333333
    }
  }
}