{
  "scan_timestamp": "2025-11-30T04:41:37.604315+00:00",
  "duration_seconds": 972.76,
  "performance_metrics": {
    "total_processed": 473,
    "valid_configs": 235,
    "duplicates": 0,
    "failed_tests": 238,
    "success_rate": 49.68,
    "avg_latency_ms": 146.12,
    "avg_score": 99.03
  },
  "protocol_summary": {
    "vmess": {
      "count": 28,
      "avg_lat": 93.35714285714286,
      "avg_score": 99.37761904761905
    },
    "vless": {
      "count": 109,
      "avg_lat": 116.30275229357798,
      "avg_score": 99.22464831804281
    },
    "ss": {
      "count": 0,
      "avg_lat": 0.0,
      "avg_score": 0.0
    },
    "trojan": {
      "count": 98,
      "avg_lat": 194.3673469387755,
      "avg_score": 98.70421768707484
    }
  }
}