{
  "scan_timestamp": "2025-11-30T06:32:01.656086+00:00",
  "duration_seconds": 1025.63,
  "performance_metrics": {
    "total_processed": 475,
    "valid_configs": 280,
    "duplicates": 0,
    "failed_tests": 195,
    "success_rate": 58.95,
    "avg_latency_ms": 187.76,
    "avg_score": 98.75
  },
  "protocol_summary": {
    "vmess": {
      "count": 72,
      "avg_lat": 240.97222222222223,
      "avg_score": 98.39351851851852
    },
    "vless": {
      "count": 109,
      "avg_lat": 141.5321100917431,
      "avg_score": 99.05645259938838
    },
    "ss": {
      "count": 0,
      "avg_lat": 0.0,
      "avg_score": 0.0
    },
    "trojan": {
      "count": 99,
      "avg_lat": 199.94949494949495,
      "avg_score": 98.66700336700336
    }
  }
}