{
  "scan_timestamp": "2025-12-01T19:30:03.505279+00:00",
  "duration_seconds": 1009.32,
  "performance_metrics": {
    "total_processed": 479,
    "valid_configs": 294,
    "duplicates": 0,
    "failed_tests": 185,
    "success_rate": 61.38,
    "avg_latency_ms": 172.29,
    "avg_score": 98.85
  },
  "protocol_summary": {
    "vmess": {
      "count": 78,
      "avg_lat": 234.74358974358975,
      "avg_score": 98.43504273504274
    },
    "vless": {
      "count": 157,
      "avg_lat": 138.56050955414014,
      "avg_score": 99.07626326963907
    },
    "ss": {
      "count": 0,
      "avg_lat": 0.0,
      "avg_score": 0.0
    },
    "trojan": {
      "count": 59,
      "avg_lat": 179.45762711864407,
      "avg_score": 98.80361581920903
    }
  }
}