{
  "scan_timestamp": "2025-11-16T17:25:59.049722+00:00",
  "duration_seconds": 1077.38,
  "performance_metrics": {
    "total_processed": 478,
    "valid_configs": 318,
    "duplicates": 0,
    "failed_tests": 160,
    "success_rate": 66.53,
    "avg_latency_ms": 125.08,
    "avg_score": 99.17
  },
  "protocol_summary": {
    "vmess": {
      "count": 51,
      "avg_lat": 111.56862745098039,
      "avg_score": 99.2562091503268
    },
    "vless": {
      "count": 210,
      "avg_lat": 117.88571428571429,
      "avg_score": 99.21409523809524
    },
    "ss": {
      "count": 1,
      "avg_lat": 138.0,
      "avg_score": 99.08
    },
    "trojan": {
      "count": 56,
      "avg_lat": 164.125,
      "avg_score": 98.90583333333333
    }
  }
}