{
  "scan_timestamp": "2025-11-23T17:23:10.485707+00:00",
  "duration_seconds": 905.92,
  "performance_metrics": {
    "total_processed": 465,
    "valid_configs": 262,
    "duplicates": 0,
    "failed_tests": 203,
    "success_rate": 56.34,
    "avg_latency_ms": 153.89,
    "avg_score": 98.97
  },
  "protocol_summary": {
    "vmess": {
      "count": 39,
      "avg_lat": 97.25641025641026,
      "avg_score": 99.35162393162393
    },
    "vless": {
      "count": 124,
      "avg_lat": 120.84677419354838,
      "avg_score": 99.19435483870969
    },
    "ss": {
      "count": 0,
      "avg_lat": 0.0,
      "avg_score": 0.0
    },
    "trojan": {
      "count": 99,
      "avg_lat": 217.57575757575756,
      "avg_score": 98.54949494949494
    }
  }
}