{
  "scan_timestamp": "2025-10-29T10:25:31.463760+00:00",
  "duration_seconds": 828.45,
  "performance_metrics": {
    "total_processed": 398,
    "valid_configs": 217,
    "duplicates": 0,
    "failed_tests": 181,
    "success_rate": 54.52,
    "avg_latency_ms": 128.9,
    "avg_score": 99.14
  },
  "protocol_summary": {
    "vmess": {
      "count": 66,
      "avg_lat": 162.3181818181818,
      "avg_score": 98.91787878787879
    },
    "vless": {
      "count": 120,
      "avg_lat": 92.925,
      "avg_score": 99.3805
    },
    "ss": {
      "count": 1,
      "avg_lat": 174.0,
      "avg_score": 98.84
    },
    "trojan": {
      "count": 30,
      "avg_lat": 197.76666666666668,
      "avg_score": 98.68155555555556
    }
  }
}