{
  "scan_timestamp": "2025-11-11T07:29:05.978697+00:00",
  "duration_seconds": 1067.66,
  "performance_metrics": {
    "total_processed": 478,
    "valid_configs": 312,
    "duplicates": 0,
    "failed_tests": 166,
    "success_rate": 65.27,
    "avg_latency_ms": 121.33,
    "avg_score": 99.19
  },
  "protocol_summary": {
    "vmess": {
      "count": 48,
      "avg_lat": 223.125,
      "avg_score": 98.5125
    },
    "vless": {
      "count": 237,
      "avg_lat": 95.65822784810126,
      "avg_score": 99.36227848101267
    },
    "ss": {
      "count": 1,
      "avg_lat": 126.0,
      "avg_score": 99.16
    },
    "trojan": {
      "count": 26,
      "avg_lat": 167.23076923076923,
      "avg_score": 98.88512820512821
    }
  }
}