{
  "scan_timestamp": "2025-10-28T22:23:35.496780+00:00",
  "duration_seconds": 826.46,
  "performance_metrics": {
    "total_processed": 390,
    "valid_configs": 224,
    "duplicates": 0,
    "failed_tests": 166,
    "success_rate": 57.44,
    "avg_latency_ms": 113.95,
    "avg_score": 99.24
  },
  "protocol_summary": {
    "vmess": {
      "count": 67,
      "avg_lat": 166.01492537313433,
      "avg_score": 98.89323383084577
    },
    "vless": {
      "count": 119,
      "avg_lat": 53.15126050420168,
      "avg_score": 99.64565826330532
    },
    "ss": {
      "count": 1,
      "avg_lat": 123.0,
      "avg_score": 99.18
    },
    "trojan": {
      "count": 37,
      "avg_lat": 214.94594594594594,
      "avg_score": 98.56702702702702
    }
  }
}