{
  "scan_timestamp": "2025-12-02T10:28:45.429637+00:00",
  "duration_seconds": 982.26,
  "performance_metrics": {
    "total_processed": 478,
    "valid_configs": 284,
    "duplicates": 0,
    "failed_tests": 194,
    "success_rate": 59.41,
    "avg_latency_ms": 180.46,
    "avg_score": 98.8
  },
  "protocol_summary": {
    "vmess": {
      "count": 66,
      "avg_lat": 227.13636363636363,
      "avg_score": 98.48575757575759
    },
    "vless": {
      "count": 155,
      "avg_lat": 148.98709677419356,
      "avg_score": 99.00675268817204
    },
    "ss": {
      "count": 0,
      "avg_lat": 0.0,
      "avg_score": 0.0
    },
    "trojan": {
      "count": 63,
      "avg_lat": 209.015873015873,
      "avg_score": 98.60656084656084
    }
  }
}