{
  "scan_timestamp": "2025-11-23T07:25:52.211860+00:00",
  "duration_seconds": 957.7,
  "performance_metrics": {
    "total_processed": 465,
    "valid_configs": 284,
    "duplicates": 0,
    "failed_tests": 181,
    "success_rate": 61.08,
    "avg_latency_ms": 156.82,
    "avg_score": 98.95
  },
  "protocol_summary": {
    "vmess": {
      "count": 41,
      "avg_lat": 159.3170731707317,
      "avg_score": 98.93788617886179
    },
    "vless": {
      "count": 132,
      "avg_lat": 159.3560606060606,
      "avg_score": 98.93762626262627
    },
    "ss": {
      "count": 0,
      "avg_lat": 0.0,
      "avg_score": 0.0
    },
    "trojan": {
      "count": 111,
      "avg_lat": 152.8918918918919,
      "avg_score": 98.98072072072073
    }
  }
}