{
  "scan_timestamp": "2025-11-25T01:01:50.158416+00:00",
  "duration_seconds": 953.09,
  "performance_metrics": {
    "total_processed": 458,
    "valid_configs": 274,
    "duplicates": 0,
    "failed_tests": 184,
    "success_rate": 59.83,
    "avg_latency_ms": 124.48,
    "avg_score": 99.17
  },
  "protocol_summary": {
    "vmess": {
      "count": 57,
      "avg_lat": 152.82456140350877,
      "avg_score": 98.98116959064326
    },
    "vless": {
      "count": 102,
      "avg_lat": 96.42156862745098,
      "avg_score": 99.35718954248365
    },
    "ss": {
      "count": 0,
      "avg_lat": 0.0,
      "avg_score": 0.0
    },
    "trojan": {
      "count": 115,
      "avg_lat": 135.31304347826088,
      "avg_score": 99.09791304347826
    }
  }
}