{
  "scan_timestamp": "2025-11-02T21:20:42.773787+00:00",
  "duration_seconds": 773.27,
  "performance_metrics": {
    "total_processed": 370,
    "valid_configs": 186,
    "duplicates": 0,
    "failed_tests": 184,
    "success_rate": 50.27,
    "avg_latency_ms": 114.41,
    "avg_score": 99.24
  },
  "protocol_summary": {
    "vmess": {
      "count": 54,
      "avg_lat": 154.44444444444446,
      "avg_score": 98.97037037037036
    },
    "vless": {
      "count": 110,
      "avg_lat": 98.91818181818182,
      "avg_score": 99.34054545454545
    },
    "ss": {
      "count": 1,
      "avg_lat": 158.0,
      "avg_score": 98.94666666666667
    },
    "trojan": {
      "count": 21,
      "avg_lat": 90.52380952380952,
      "avg_score": 99.39650793650794
    }
  }
}