{
  "scan_timestamp": "2025-12-03T19:26:14.454105+00:00",
  "duration_seconds": 976.79,
  "performance_metrics": {
    "total_processed": 472,
    "valid_configs": 266,
    "duplicates": 0,
    "failed_tests": 206,
    "success_rate": 56.36,
    "avg_latency_ms": 211.97,
    "avg_score": 98.59
  },
  "protocol_summary": {
    "vmess": {
      "count": 84,
      "avg_lat": 270.6190476190476,
      "avg_score": 98.195873015873
    },
    "vless": {
      "count": 148,
      "avg_lat": 165.8581081081081,
      "avg_score": 98.89427927927927
    },
    "ss": {
      "count": 0,
      "avg_lat": 0.0,
      "avg_score": 0.0
    },
    "trojan": {
      "count": 34,
      "avg_lat": 267.8235294117647,
      "avg_score": 98.21450980392157
    }
  }
}