{
  "scan_timestamp": "2025-11-13T14:28:31.679909+00:00",
  "duration_seconds": 1091.47,
  "performance_metrics": {
    "total_processed": 478,
    "valid_configs": 323,
    "duplicates": 0,
    "failed_tests": 155,
    "success_rate": 67.57,
    "avg_latency_ms": 124.38,
    "avg_score": 99.17
  },
  "protocol_summary": {
    "vmess": {
      "count": 45,
      "avg_lat": 163.62222222222223,
      "avg_score": 98.90918518518518
    },
    "vless": {
      "count": 231,
      "avg_lat": 105.76190476190476,
      "avg_score": 99.29492063492064
    },
    "ss": {
      "count": 1,
      "avg_lat": 141.0,
      "avg_score": 99.06
    },
    "trojan": {
      "count": 46,
      "avg_lat": 179.1304347826087,
      "avg_score": 98.80579710144927
    }
  }
}