{
  "scan_timestamp": "2025-11-12T16:31:44.388235+00:00",
  "duration_seconds": 1079.16,
  "performance_metrics": {
    "total_processed": 478,
    "valid_configs": 313,
    "duplicates": 0,
    "failed_tests": 165,
    "success_rate": 65.48,
    "avg_latency_ms": 155.91,
    "avg_score": 98.96
  },
  "protocol_summary": {
    "vmess": {
      "count": 36,
      "avg_lat": 395.1111111111111,
      "avg_score": 97.36592592592592
    },
    "vless": {
      "count": 244,
      "avg_lat": 118.3688524590164,
      "avg_score": 99.2108743169399
    },
    "ss": {
      "count": 1,
      "avg_lat": 136.0,
      "avg_score": 99.09333333333333
    },
    "trojan": {
      "count": 32,
      "avg_lat": 173.65625,
      "avg_score": 98.84229166666667
    }
  }
}