{
  "scan_timestamp": "2025-11-07T15:29:13.746434+00:00",
  "duration_seconds": 1127.82,
  "performance_metrics": {
    "total_processed": 475,
    "valid_configs": 336,
    "duplicates": 0,
    "failed_tests": 139,
    "success_rate": 70.74,
    "avg_latency_ms": 141.54,
    "avg_score": 99.06
  },
  "protocol_summary": {
    "vmess": {
      "count": 63,
      "avg_lat": 192.77777777777777,
      "avg_score": 98.71481481481482
    },
    "vless": {
      "count": 268,
      "avg_lat": 125.08208955223881,
      "avg_score": 99.16611940298507
    },
    "ss": {
      "count": 0,
      "avg_lat": 0.0,
      "avg_score": 0.0
    },
    "trojan": {
      "count": 5,
      "avg_lat": 378.4,
      "avg_score": 97.47733333333333
    }
  }
}