{
  "scan_timestamp": "2025-11-25T06:32:57.132190+00:00",
  "duration_seconds": 987.15,
  "performance_metrics": {
    "total_processed": 463,
    "valid_configs": 295,
    "duplicates": 0,
    "failed_tests": 168,
    "success_rate": 63.71,
    "avg_latency_ms": 113.97,
    "avg_score": 99.24
  },
  "protocol_summary": {
    "vmess": {
      "count": 71,
      "avg_lat": 138.0,
      "avg_score": 99.08
    },
    "vless": {
      "count": 101,
      "avg_lat": 92.4950495049505,
      "avg_score": 99.38336633663366
    },
    "ss": {
      "count": 0,
      "avg_lat": 0.0,
      "avg_score": 0.0
    },
    "trojan": {
      "count": 123,
      "avg_lat": 117.73170731707317,
      "avg_score": 99.21512195121952
    }
  }
}