{
  "scan_timestamp": "2025-11-25T10:29:31.465200+00:00",
  "duration_seconds": 1012.61,
  "performance_metrics": {
    "total_processed": 466,
    "valid_configs": 299,
    "duplicates": 0,
    "failed_tests": 167,
    "success_rate": 64.16,
    "avg_latency_ms": 155.86,
    "avg_score": 98.96
  },
  "protocol_summary": {
    "vmess": {
      "count": 70,
      "avg_lat": 182.45714285714286,
      "avg_score": 98.78361904761906
    },
    "vless": {
      "count": 100,
      "avg_lat": 155.99,
      "avg_score": 98.96006666666666
    },
    "ss": {
      "count": 0,
      "avg_lat": 0.0,
      "avg_score": 0.0
    },
    "trojan": {
      "count": 129,
      "avg_lat": 141.32558139534885,
      "avg_score": 99.05782945736433
    }
  }
}