{
  "scan_timestamp": "2025-11-09T15:27:15.298632+00:00",
  "duration_seconds": 1109.76,
  "performance_metrics": {
    "total_processed": 478,
    "valid_configs": 331,
    "duplicates": 0,
    "failed_tests": 147,
    "success_rate": 69.25,
    "avg_latency_ms": 158.9,
    "avg_score": 98.94
  },
  "protocol_summary": {
    "vmess": {
      "count": 56,
      "avg_lat": 300.875,
      "avg_score": 97.99416666666666
    },
    "vless": {
      "count": 261,
      "avg_lat": 122.88122605363985,
      "avg_score": 99.18079182630908
    },
    "ss": {
      "count": 0,
      "avg_lat": 0.0,
      "avg_score": 0.0
    },
    "trojan": {
      "count": 14,
      "avg_lat": 262.42857142857144,
      "avg_score": 98.25047619047619
    }
  }
}