{
  "scan_timestamp": "2025-10-30T12:31:23.962744+00:00",
  "duration_seconds": 743.75,
  "performance_metrics": {
    "total_processed": 371,
    "valid_configs": 189,
    "duplicates": 0,
    "failed_tests": 182,
    "success_rate": 50.94,
    "avg_latency_ms": 119.07,
    "avg_score": 99.21
  },
  "protocol_summary": {
    "vmess": {
      "count": 61,
      "avg_lat": 154.45901639344262,
      "avg_score": 98.97027322404371
    },
    "vless": {
      "count": 120,
      "avg_lat": 79.95,
      "avg_score": 99.467
    },
    "ss": {
      "count": 1,
      "avg_lat": 193.0,
      "avg_score": 98.71333333333334
    },
    "trojan": {
      "count": 7,
      "avg_lat": 470.85714285714283,
      "avg_score": 96.86095238095238
    }
  }
}