{
  "scan_timestamp": "2025-11-18T09:27:43.540062+00:00",
  "duration_seconds": 936.92,
  "performance_metrics": {
    "total_processed": 464,
    "valid_configs": 276,
    "duplicates": 0,
    "failed_tests": 188,
    "success_rate": 59.48,
    "avg_latency_ms": 137.5,
    "avg_score": 99.08
  },
  "protocol_summary": {
    "vmess": {
      "count": 48,
      "avg_lat": 152.4375,
      "avg_score": 98.98375
    },
    "vless": {
      "count": 151,
      "avg_lat": 118.70198675496688,
      "avg_score": 99.20865342163356
    },
    "ss": {
      "count": 1,
      "avg_lat": 195.0,
      "avg_score": 98.7
    },
    "trojan": {
      "count": 76,
      "avg_lat": 164.64473684210526,
      "avg_score": 98.90236842105263
    }
  }
}