{
  "scan_timestamp": "2025-12-02T08:32:38.656725+00:00",
  "duration_seconds": 1003.27,
  "performance_metrics": {
    "total_processed": 477,
    "valid_configs": 291,
    "duplicates": 0,
    "failed_tests": 186,
    "success_rate": 61.01,
    "avg_latency_ms": 182.99,
    "avg_score": 98.78
  },
  "protocol_summary": {
    "vmess": {
      "count": 69,
      "avg_lat": 228.14492753623188,
      "avg_score": 98.47903381642512
    },
    "vless": {
      "count": 158,
      "avg_lat": 163.82911392405063,
      "avg_score": 98.907805907173
    },
    "ss": {
      "count": 0,
      "avg_lat": 0.0,
      "avg_score": 0.0
    },
    "trojan": {
      "count": 64,
      "avg_lat": 181.625,
      "avg_score": 98.78916666666667
    }
  }
}