{
  "scan_timestamp": "2025-11-24T12:36:17.859427+00:00",
  "duration_seconds": 994.38,
  "performance_metrics": {
    "total_processed": 470,
    "valid_configs": 288,
    "duplicates": 0,
    "failed_tests": 182,
    "success_rate": 61.28,
    "avg_latency_ms": 164.08,
    "avg_score": 98.91
  },
  "protocol_summary": {
    "vmess": {
      "count": 52,
      "avg_lat": 188.3653846153846,
      "avg_score": 98.74423076923077
    },
    "vless": {
      "count": 108,
      "avg_lat": 131.30555555555554,
      "avg_score": 99.12462962962964
    },
    "ss": {
      "count": 0,
      "avg_lat": 0.0,
      "avg_score": 0.0
    },
    "trojan": {
      "count": 128,
      "avg_lat": 181.859375,
      "avg_score": 98.78760416666667
    }
  }
}