{
  "scan_timestamp": "2025-12-05T17:27:33.407978+00:00",
  "duration_seconds": 992.01,
  "performance_metrics": {
    "total_processed": 470,
    "valid_configs": 278,
    "duplicates": 0,
    "failed_tests": 192,
    "success_rate": 59.15,
    "avg_latency_ms": 175.54,
    "avg_score": 98.83
  },
  "protocol_summary": {
    "vmess": {
      "count": 105,
      "avg_lat": 223.33333333333334,
      "avg_score": 98.5111111111111
    },
    "vless": {
      "count": 126,
      "avg_lat": 123.96031746031746,
      "avg_score": 99.17359788359788
    },
    "ss": {
      "count": 0,
      "avg_lat": 0.0,
      "avg_score": 0.0
    },
    "trojan": {
      "count": 47,
      "avg_lat": 207.06382978723406,
      "avg_score": 98.6195744680851
    }
  }
}