{
  "scan_timestamp": "2025-11-07T08:32:49.757069+00:00",
  "duration_seconds": 1099.11,
  "performance_metrics": {
    "total_processed": 473,
    "valid_configs": 316,
    "duplicates": 0,
    "failed_tests": 157,
    "success_rate": 66.81,
    "avg_latency_ms": 163.3,
    "avg_score": 98.91
  },
  "protocol_summary": {
    "vmess": {
      "count": 49,
      "avg_lat": 235.3265306122449,
      "avg_score": 98.43115646258504
    },
    "vless": {
      "count": 260,
      "avg_lat": 145.5346153846154,
      "avg_score": 99.02976923076923
    },
    "ss": {
      "count": 0,
      "avg_lat": 0.0,
      "avg_score": 0.0
    },
    "trojan": {
      "count": 7,
      "avg_lat": 319.0,
      "avg_score": 97.87333333333333
    }
  }
}