{
  "scan_timestamp": "2025-11-29T06:29:30.824218+00:00",
  "duration_seconds": 900.89,
  "performance_metrics": {
    "total_processed": 468,
    "valid_configs": 210,
    "duplicates": 0,
    "failed_tests": 258,
    "success_rate": 44.87,
    "avg_latency_ms": 166.6,
    "avg_score": 98.89
  },
  "protocol_summary": {
    "vmess": {
      "count": 44,
      "avg_lat": 128.4318181818182,
      "avg_score": 99.14378787878788
    },
    "vless": {
      "count": 84,
      "avg_lat": 86.32142857142857,
      "avg_score": 99.4245238095238
    },
    "ss": {
      "count": 0,
      "avg_lat": 0.0,
      "avg_score": 0.0
    },
    "trojan": {
      "count": 82,
      "avg_lat": 269.3292682926829,
      "avg_score": 98.20447154471545
    }
  }
}