{
  "scan_timestamp": "2025-11-27T18:29:48.104489+00:00",
  "duration_seconds": 913.57,
  "performance_metrics": {
    "total_processed": 474,
    "valid_configs": 219,
    "duplicates": 0,
    "failed_tests": 255,
    "success_rate": 46.2,
    "avg_latency_ms": 189.12,
    "avg_score": 98.74
  },
  "protocol_summary": {
    "vmess": {
      "count": 36,
      "avg_lat": 166.25,
      "avg_score": 98.89166666666667
    },
    "vless": {
      "count": 102,
      "avg_lat": 175.94117647058823,
      "avg_score": 98.82705882352941
    },
    "ss": {
      "count": 0,
      "avg_lat": 0.0,
      "avg_score": 0.0
    },
    "trojan": {
      "count": 81,
      "avg_lat": 215.88888888888889,
      "avg_score": 98.56074074074074
    }
  }
}