{
  "scan_timestamp": "2025-11-14T07:30:05.553154+00:00",
  "duration_seconds": 1132.4,
  "performance_metrics": {
    "total_processed": 480,
    "valid_configs": 343,
    "duplicates": 0,
    "failed_tests": 137,
    "success_rate": 71.46,
    "avg_latency_ms": 162.23,
    "avg_score": 98.92
  },
  "protocol_summary": {
    "vmess": {
      "count": 29,
      "avg_lat": 292.7931034482759,
      "avg_score": 98.0480459770115
    },
    "vless": {
      "count": 251,
      "avg_lat": 146.99203187250995,
      "avg_score": 99.02005312084994
    },
    "ss": {
      "count": 0,
      "avg_lat": 0.0,
      "avg_score": 0.0
    },
    "trojan": {
      "count": 63,
      "avg_lat": 162.82539682539684,
      "avg_score": 98.91449735449736
    }
  }
}