{
  "scan_timestamp": "2025-11-28T05:26:58.072697+00:00",
  "duration_seconds": 924.25,
  "performance_metrics": {
    "total_processed": 478,
    "valid_configs": 213,
    "duplicates": 0,
    "failed_tests": 265,
    "success_rate": 44.56,
    "avg_latency_ms": 177.92,
    "avg_score": 98.81
  },
  "protocol_summary": {
    "vmess": {
      "count": 31,
      "avg_lat": 190.48387096774192,
      "avg_score": 98.73010752688171
    },
    "vless": {
      "count": 107,
      "avg_lat": 158.1214953271028,
      "avg_score": 98.94585669781932
    },
    "ss": {
      "count": 0,
      "avg_lat": 0.0,
      "avg_score": 0.0
    },
    "trojan": {
      "count": 75,
      "avg_lat": 200.98666666666668,
      "avg_score": 98.66008888888888
    }
  }
}