{
  "scan_timestamp": "2025-12-06T14:23:03.198222+00:00",
  "duration_seconds": 862.82,
  "performance_metrics": {
    "total_processed": 471,
    "valid_configs": 231,
    "duplicates": 0,
    "failed_tests": 240,
    "success_rate": 49.04,
    "avg_latency_ms": 181.32,
    "avg_score": 98.79
  },
  "protocol_summary": {
    "vmess": {
      "count": 55,
      "avg_lat": 252.8181818181818,
      "avg_score": 98.31454545454545
    },
    "vless": {
      "count": 126,
      "avg_lat": 141.1904761904762,
      "avg_score": 99.05873015873016
    },
    "ss": {
      "count": 0,
      "avg_lat": 0.0,
      "avg_score": 0.0
    },
    "trojan": {
      "count": 50,
      "avg_lat": 203.78,
      "avg_score": 98.64146666666667
    }
  }
}