{
  "scan_timestamp": "2025-12-06T09:25:23.716086+00:00",
  "duration_seconds": 905.81,
  "performance_metrics": {
    "total_processed": 473,
    "valid_configs": 244,
    "duplicates": 0,
    "failed_tests": 229,
    "success_rate": 51.59,
    "avg_latency_ms": 147.32,
    "avg_score": 99.02
  },
  "protocol_summary": {
    "vmess": {
      "count": 76,
      "avg_lat": 172.6184210526316,
      "avg_score": 98.84921052631579
    },
    "vless": {
      "count": 128,
      "avg_lat": 113.125,
      "avg_score": 99.24583333333334
    },
    "ss": {
      "count": 0,
      "avg_lat": 0.0,
      "avg_score": 0.0
    },
    "trojan": {
      "count": 40,
      "avg_lat": 208.7,
      "avg_score": 98.60866666666666
    }
  }
}