{
  "scan_timestamp": "2025-11-18T23:26:01.019195+00:00",
  "duration_seconds": 992.96,
  "performance_metrics": {
    "total_processed": 428,
    "valid_configs": 281,
    "duplicates": 0,
    "failed_tests": 147,
    "success_rate": 65.65,
    "avg_latency_ms": 119.04,
    "avg_score": 99.21
  },
  "protocol_summary": {
    "vmess": {
      "count": 33,
      "avg_lat": 127.15151515151516,
      "avg_score": 99.15232323232323
    },
    "vless": {
      "count": 183,
      "avg_lat": 110.73770491803279,
      "avg_score": 99.26174863387979
    },
    "ss": {
      "count": 1,
      "avg_lat": 191.0,
      "avg_score": 98.72666666666666
    },
    "trojan": {
      "count": 64,
      "avg_lat": 137.46875,
      "avg_score": 99.08354166666666
    }
  }
}