{
  "scan_timestamp": "2025-11-13T09:31:10.597656+00:00",
  "duration_seconds": 1139.6,
  "performance_metrics": {
    "total_processed": 478,
    "valid_configs": 341,
    "duplicates": 0,
    "failed_tests": 137,
    "success_rate": 71.34,
    "avg_latency_ms": 161.14,
    "avg_score": 98.93
  },
  "protocol_summary": {
    "vmess": {
      "count": 46,
      "avg_lat": 341.60869565217394,
      "avg_score": 97.72260869565217
    },
    "vless": {
      "count": 262,
      "avg_lat": 122.22519083969466,
      "avg_score": 99.18516539440203
    },
    "ss": {
      "count": 1,
      "avg_lat": 161.0,
      "avg_score": 98.92666666666666
    },
    "trojan": {
      "count": 32,
      "avg_lat": 220.375,
      "avg_score": 98.53083333333333
    }
  }
}