{
  "scan_timestamp": "2025-10-31T22:22:15.944596+00:00",
  "duration_seconds": 773.36,
  "performance_metrics": {
    "total_processed": 374,
    "valid_configs": 200,
    "duplicates": 0,
    "failed_tests": 174,
    "success_rate": 53.48,
    "avg_latency_ms": 120.47,
    "avg_score": 99.2
  },
  "protocol_summary": {
    "vmess": {
      "count": 63,
      "avg_lat": 140.20634920634922,
      "avg_score": 99.06529100529102
    },
    "vless": {
      "count": 102,
      "avg_lat": 68.57843137254902,
      "avg_score": 99.54281045751634
    },
    "ss": {
      "count": 1,
      "avg_lat": 149.0,
      "avg_score": 99.00666666666666
    },
    "trojan": {
      "count": 34,
      "avg_lat": 238.76470588235293,
      "avg_score": 98.40823529411765
    }
  }
}