{
  "scan_timestamp": "2025-11-02T05:25:20.537684+00:00",
  "duration_seconds": 937.13,
  "performance_metrics": {
    "total_processed": 438,
    "valid_configs": 236,
    "duplicates": 0,
    "failed_tests": 202,
    "success_rate": 53.88,
    "avg_latency_ms": 135.4,
    "avg_score": 99.1
  },
  "protocol_summary": {
    "vmess": {
      "count": 85,
      "avg_lat": 216.12941176470588,
      "avg_score": 98.55913725490196
    },
    "vless": {
      "count": 124,
      "avg_lat": 65.50806451612904,
      "avg_score": 99.56327956989247
    },
    "ss": {
      "count": 1,
      "avg_lat": 125.0,
      "avg_score": 99.16666666666667
    },
    "trojan": {
      "count": 26,
      "avg_lat": 205.19230769230768,
      "avg_score": 98.63205128205128
    }
  }
}