{
  "scan_timestamp": "2025-11-23T22:24:01.640692+00:00",
  "duration_seconds": 894.05,
  "performance_metrics": {
    "total_processed": 467,
    "valid_configs": 262,
    "duplicates": 0,
    "failed_tests": 205,
    "success_rate": 56.1,
    "avg_latency_ms": 124.33,
    "avg_score": 99.17
  },
  "protocol_summary": {
    "vmess": {
      "count": 48,
      "avg_lat": 114.14583333333333,
      "avg_score": 99.23902777777778
    },
    "vless": {
      "count": 112,
      "avg_lat": 105.74107142857143,
      "avg_score": 99.29505952380953
    },
    "ss": {
      "count": 0,
      "avg_lat": 0.0,
      "avg_score": 0.0
    },
    "trojan": {
      "count": 102,
      "avg_lat": 149.52941176470588,
      "avg_score": 99.00313725490196
    }
  }
}