{
  "scan_timestamp": "2025-11-25T12:38:16.190980+00:00",
  "duration_seconds": 1052.12,
  "performance_metrics": {
    "total_processed": 468,
    "valid_configs": 311,
    "duplicates": 0,
    "failed_tests": 157,
    "success_rate": 66.45,
    "avg_latency_ms": 160.3,
    "avg_score": 98.93
  },
  "protocol_summary": {
    "vmess": {
      "count": 66,
      "avg_lat": 242.46969696969697,
      "avg_score": 98.38353535353535
    },
    "vless": {
      "count": 138,
      "avg_lat": 143.7391304347826,
      "avg_score": 99.04173913043478
    },
    "ss": {
      "count": 0,
      "avg_lat": 0.0,
      "avg_score": 0.0
    },
    "trojan": {
      "count": 107,
      "avg_lat": 130.98130841121494,
      "avg_score": 99.12679127725858
    }
  }
}