{
  "scan_timestamp": "2025-11-12T04:32:02.785320+00:00",
  "duration_seconds": 1069.78,
  "performance_metrics": {
    "total_processed": 479,
    "valid_configs": 302,
    "duplicates": 0,
    "failed_tests": 177,
    "success_rate": 63.05,
    "avg_latency_ms": 119.16,
    "avg_score": 99.21
  },
  "protocol_summary": {
    "vmess": {
      "count": 35,
      "avg_lat": 261.42857142857144,
      "avg_score": 98.25714285714285
    },
    "vless": {
      "count": 253,
      "avg_lat": 98.0790513833992,
      "avg_score": 99.34613965744401
    },
    "ss": {
      "count": 1,
      "avg_lat": 125.0,
      "avg_score": 99.16666666666667
    },
    "trojan": {
      "count": 13,
      "avg_lat": 146.0,
      "avg_score": 99.02666666666666
    }
  }
}