{
  "scan_timestamp": "2025-12-04T01:05:08.143202+00:00",
  "duration_seconds": 983.86,
  "performance_metrics": {
    "total_processed": 474,
    "valid_configs": 268,
    "duplicates": 0,
    "failed_tests": 206,
    "success_rate": 56.54,
    "avg_latency_ms": 204.41,
    "avg_score": 98.64
  },
  "protocol_summary": {
    "vmess": {
      "count": 81,
      "avg_lat": 310.320987654321,
      "avg_score": 97.93119341563785
    },
    "vless": {
      "count": 149,
      "avg_lat": 143.0268456375839,
      "avg_score": 99.04648769574943
    },
    "ss": {
      "count": 0,
      "avg_lat": 0.0,
      "avg_score": 0.0
    },
    "trojan": {
      "count": 38,
      "avg_lat": 219.3684210526316,
      "avg_score": 98.53754385964912
    }
  }
}