{
  "scan_timestamp": "2025-11-19T06:30:32.420804+00:00",
  "duration_seconds": 898.28,
  "performance_metrics": {
    "total_processed": 421,
    "valid_configs": 250,
    "duplicates": 0,
    "failed_tests": 171,
    "success_rate": 59.38,
    "avg_latency_ms": 132.71,
    "avg_score": 99.12
  },
  "protocol_summary": {
    "vmess": {
      "count": 42,
      "avg_lat": 123.71428571428571,
      "avg_score": 99.17523809523809
    },
    "vless": {
      "count": 125,
      "avg_lat": 122.128,
      "avg_score": 99.18581333333334
    },
    "ss": {
      "count": 1,
      "avg_lat": 156.0,
      "avg_score": 98.96
    },
    "trojan": {
      "count": 82,
      "avg_lat": 153.15853658536585,
      "avg_score": 98.9789430894309
    }
  }
}