{
  "scan_timestamp": "2025-11-04T16:32:39.048845+00:00",
  "duration_seconds": 1137.35,
  "performance_metrics": {
    "total_processed": 478,
    "valid_configs": 323,
    "duplicates": 0,
    "failed_tests": 155,
    "success_rate": 67.57,
    "avg_latency_ms": 140.8,
    "avg_score": 99.06
  },
  "protocol_summary": {
    "vmess": {
      "count": 43,
      "avg_lat": 124.34883720930233,
      "avg_score": 99.17100775193799
    },
    "vless": {
      "count": 269,
      "avg_lat": 143.15613382899627,
      "avg_score": 99.04562577447336
    },
    "ss": {
      "count": 1,
      "avg_lat": 136.0,
      "avg_score": 99.09333333333333
    },
    "trojan": {
      "count": 10,
      "avg_lat": 148.6,
      "avg_score": 99.00933333333333
    }
  }
}