{
  "scan_timestamp": "2025-12-06T06:30:51.013789+00:00",
  "duration_seconds": 979.98,
  "performance_metrics": {
    "total_processed": 473,
    "valid_configs": 269,
    "duplicates": 0,
    "failed_tests": 204,
    "success_rate": 56.87,
    "avg_latency_ms": 175.32,
    "avg_score": 98.83
  },
  "protocol_summary": {
    "vmess": {
      "count": 104,
      "avg_lat": 245.39423076923077,
      "avg_score": 98.36403846153847
    },
    "vless": {
      "count": 125,
      "avg_lat": 94.072,
      "avg_score": 99.37285333333334
    },
    "ss": {
      "count": 0,
      "avg_lat": 0.0,
      "avg_score": 0.0
    },
    "trojan": {
      "count": 40,
      "avg_lat": 247.025,
      "avg_score": 98.35316666666667
    }
  }
}