{
  "scan_timestamp": "2025-11-21T18:28:51.296973+00:00",
  "duration_seconds": 826.37,
  "performance_metrics": {
    "total_processed": 395,
    "valid_configs": 234,
    "duplicates": 0,
    "failed_tests": 161,
    "success_rate": 59.24,
    "avg_latency_ms": 166.91,
    "avg_score": 98.89
  },
  "protocol_summary": {
    "vmess": {
      "count": 42,
      "avg_lat": 169.83333333333334,
      "avg_score": 98.86777777777777
    },
    "vless": {
      "count": 111,
      "avg_lat": 153.51351351351352,
      "avg_score": 98.97657657657658
    },
    "ss": {
      "count": 0,
      "avg_lat": 0.0,
      "avg_score": 0.0
    },
    "trojan": {
      "count": 81,
      "avg_lat": 183.76543209876544,
      "avg_score": 98.77489711934156
    }
  }
}