{
  "scan_timestamp": "2025-10-27T21:21:47.798269+00:00",
  "duration_seconds": 787.23,
  "performance_metrics": {
    "total_processed": 384,
    "valid_configs": 208,
    "duplicates": 0,
    "failed_tests": 176,
    "success_rate": 54.17,
    "avg_latency_ms": 101.38,
    "avg_score": 99.32
  },
  "protocol_summary": {
    "vmess": {
      "count": 65,
      "avg_lat": 130.24615384615385,
      "avg_score": 99.1316923076923
    },
    "vless": {
      "count": 120,
      "avg_lat": 68.88333333333334,
      "avg_score": 99.54077777777778
    },
    "ss": {
      "count": 1,
      "avg_lat": 240.0,
      "avg_score": 98.4
    },
    "trojan": {
      "count": 22,
      "avg_lat": 187.0,
      "avg_score": 98.75333333333333
    }
  }
}