{
  "scan_timestamp": "2025-11-06T22:28:35.101753+00:00",
  "duration_seconds": 1134.69,
  "performance_metrics": {
    "total_processed": 477,
    "valid_configs": 324,
    "duplicates": 0,
    "failed_tests": 153,
    "success_rate": 67.92,
    "avg_latency_ms": 173.86,
    "avg_score": 98.84
  },
  "protocol_summary": {
    "vmess": {
      "count": 50,
      "avg_lat": 266.66,
      "avg_score": 98.22226666666667
    },
    "vless": {
      "count": 265,
      "avg_lat": 156.80754716981133,
      "avg_score": 98.95461635220126
    },
    "ss": {
      "count": 1,
      "avg_lat": 177.0,
      "avg_score": 98.82
    },
    "trojan": {
      "count": 8,
      "avg_lat": 158.5,
      "avg_score": 98.94333333333333
    }
  }
}