{
  "scan_timestamp": "2025-10-30T06:28:02.895480+00:00",
  "duration_seconds": 770.44,
  "performance_metrics": {
    "total_processed": 366,
    "valid_configs": 203,
    "duplicates": 0,
    "failed_tests": 163,
    "success_rate": 55.46,
    "avg_latency_ms": 121.71,
    "avg_score": 99.19
  },
  "protocol_summary": {
    "vmess": {
      "count": 63,
      "avg_lat": 200.52380952380952,
      "avg_score": 98.6631746031746
    },
    "vless": {
      "count": 121,
      "avg_lat": 70.26446280991736,
      "avg_score": 99.53157024793389
    },
    "ss": {
      "count": 1,
      "avg_lat": 124.0,
      "avg_score": 99.17333333333333
    },
    "trojan": {
      "count": 18,
      "avg_lat": 191.55555555555554,
      "avg_score": 98.72296296296297
    }
  }
}