{
  "scan_timestamp": "2025-11-03T03:57:31.535646+00:00",
  "duration_seconds": 804.33,
  "performance_metrics": {
    "total_processed": 388,
    "valid_configs": 197,
    "duplicates": 0,
    "failed_tests": 191,
    "success_rate": 50.77,
    "avg_latency_ms": 134.06,
    "avg_score": 99.11
  },
  "protocol_summary": {
    "vmess": {
      "count": 68,
      "avg_lat": 195.52941176470588,
      "avg_score": 98.69647058823529
    },
    "vless": {
      "count": 108,
      "avg_lat": 102.05555555555556,
      "avg_score": 99.31962962962963
    },
    "ss": {
      "count": 1,
      "avg_lat": 143.0,
      "avg_score": 99.04666666666667
    },
    "trojan": {
      "count": 20,
      "avg_lat": 97.4,
      "avg_score": 99.35066666666667
    }
  }
}