{
  "scan_timestamp": "2025-11-24T01:04:14.841266+00:00",
  "duration_seconds": 760.89,
  "performance_metrics": {
    "total_processed": 385,
    "valid_configs": 205,
    "duplicates": 0,
    "failed_tests": 180,
    "success_rate": 53.25,
    "avg_latency_ms": 138.44,
    "avg_score": 99.08
  },
  "protocol_summary": {
    "vmess": {
      "count": 43,
      "avg_lat": 166.7906976744186,
      "avg_score": 98.88806201550388
    },
    "vless": {
      "count": 67,
      "avg_lat": 114.16417910447761,
      "avg_score": 99.23890547263682
    },
    "ss": {
      "count": 0,
      "avg_lat": 0.0,
      "avg_score": 0.0
    },
    "trojan": {
      "count": 95,
      "avg_lat": 142.7263157894737,
      "avg_score": 99.04849122807018
    }
  }
}