{
  "scan_timestamp": "2025-11-21T21:23:04.991494+00:00",
  "duration_seconds": 840.2,
  "performance_metrics": {
    "total_processed": 395,
    "valid_configs": 242,
    "duplicates": 0,
    "failed_tests": 153,
    "success_rate": 61.27,
    "avg_latency_ms": 137.76,
    "avg_score": 99.08
  },
  "protocol_summary": {
    "vmess": {
      "count": 41,
      "avg_lat": 137.7560975609756,
      "avg_score": 99.08162601626016
    },
    "vless": {
      "count": 122,
      "avg_lat": 139.78688524590163,
      "avg_score": 99.068087431694
    },
    "ss": {
      "count": 0,
      "avg_lat": 0.0,
      "avg_score": 0.0
    },
    "trojan": {
      "count": 79,
      "avg_lat": 134.62025316455697,
      "avg_score": 99.10253164556963
    }
  }
}