{
  "scan_timestamp": "2025-11-05T14:29:34.718988+00:00",
  "duration_seconds": 1137.0,
  "performance_metrics": {
    "total_processed": 477,
    "valid_configs": 329,
    "duplicates": 0,
    "failed_tests": 148,
    "success_rate": 68.97,
    "avg_latency_ms": 140.86,
    "avg_score": 99.06
  },
  "protocol_summary": {
    "vmess": {
      "count": 49,
      "avg_lat": 125.6938775510204,
      "avg_score": 99.16204081632652
    },
    "vless": {
      "count": 271,
      "avg_lat": 142.1881918819188,
      "avg_score": 99.05207872078721
    },
    "ss": {
      "count": 1,
      "avg_lat": 146.0,
      "avg_score": 99.02666666666667
    },
    "trojan": {
      "count": 8,
      "avg_lat": 188.0,
      "avg_score": 98.74666666666667
    }
  }
}