{
  "scan_timestamp": "2025-11-04T13:44:44.695509+00:00",
  "duration_seconds": 1040.13,
  "performance_metrics": {
    "total_processed": 479,
    "valid_configs": 290,
    "duplicates": 0,
    "failed_tests": 189,
    "success_rate": 60.54,
    "avg_latency_ms": 140.49,
    "avg_score": 99.06
  },
  "protocol_summary": {
    "vmess": {
      "count": 40,
      "avg_lat": 189.225,
      "avg_score": 98.7385
    },
    "vless": {
      "count": 232,
      "avg_lat": 131.0301724137931,
      "avg_score": 99.12646551724139
    },
    "ss": {
      "count": 1,
      "avg_lat": 138.0,
      "avg_score": 99.08
    },
    "trojan": {
      "count": 17,
      "avg_lat": 155.05882352941177,
      "avg_score": 98.96627450980392
    }
  }
}