{
  "scan_timestamp": "2025-11-25T13:43:56.375437+00:00",
  "duration_seconds": 1007.65,
  "performance_metrics": {
    "total_processed": 468,
    "valid_configs": 301,
    "duplicates": 0,
    "failed_tests": 167,
    "success_rate": 64.32,
    "avg_latency_ms": 145.27,
    "avg_score": 99.03
  },
  "protocol_summary": {
    "vmess": {
      "count": 54,
      "avg_lat": 183.9814814814815,
      "avg_score": 98.77345679012345
    },
    "vless": {
      "count": 141,
      "avg_lat": 151.7304964539007,
      "avg_score": 98.988463356974
    },
    "ss": {
      "count": 0,
      "avg_lat": 0.0,
      "avg_score": 0.0
    },
    "trojan": {
      "count": 106,
      "avg_lat": 116.95283018867924,
      "avg_score": 99.22031446540879
    }
  }
}