{
  "scan_timestamp": "2025-11-14T11:28:09.681405+00:00",
  "duration_seconds": 1144.75,
  "performance_metrics": {
    "total_processed": 480,
    "valid_configs": 335,
    "duplicates": 0,
    "failed_tests": 145,
    "success_rate": 69.79,
    "avg_latency_ms": 120.84,
    "avg_score": 99.19
  },
  "protocol_summary": {
    "vmess": {
      "count": 30,
      "avg_lat": 285.5,
      "avg_score": 98.09666666666666
    },
    "vless": {
      "count": 244,
      "avg_lat": 95.43852459016394,
      "avg_score": 99.36374316939892
    },
    "ss": {
      "count": 1,
      "avg_lat": 129.0,
      "avg_score": 99.14
    },
    "trojan": {
      "count": 60,
      "avg_lat": 141.7,
      "avg_score": 99.05533333333332
    }
  }
}