{
  "scan_timestamp": "2025-11-22T18:27:07.883657+00:00",
  "duration_seconds": 856.4,
  "performance_metrics": {
    "total_processed": 412,
    "valid_configs": 239,
    "duplicates": 0,
    "failed_tests": 173,
    "success_rate": 58.01,
    "avg_latency_ms": 144.12,
    "avg_score": 99.04
  },
  "protocol_summary": {
    "vmess": {
      "count": 42,
      "avg_lat": 132.92857142857142,
      "avg_score": 99.11380952380952
    },
    "vless": {
      "count": 106,
      "avg_lat": 128.5943396226415,
      "avg_score": 99.14270440251573
    },
    "ss": {
      "count": 5,
      "avg_lat": 562.8,
      "avg_score": 96.248
    },
    "trojan": {
      "count": 86,
      "avg_lat": 144.38372093023256,
      "avg_score": 99.03744186046511
    }
  }
}