{
  "scan_timestamp": "2025-11-02T14:21:00.497396+00:00",
  "duration_seconds": 783.22,
  "performance_metrics": {
    "total_processed": 370,
    "valid_configs": 187,
    "duplicates": 0,
    "failed_tests": 183,
    "success_rate": 50.54,
    "avg_latency_ms": 104.81,
    "avg_score": 99.3
  },
  "protocol_summary": {
    "vmess": {
      "count": 55,
      "avg_lat": 158.94545454545454,
      "avg_score": 98.94036363636364
    },
    "vless": {
      "count": 109,
      "avg_lat": 74.60550458715596,
      "avg_score": 99.50262996941896
    },
    "ss": {
      "count": 1,
      "avg_lat": 124.0,
      "avg_score": 99.17333333333333
    },
    "trojan": {
      "count": 22,
      "avg_lat": 118.22727272727273,
      "avg_score": 99.21181818181817
    }
  }
}