{
  "scan_timestamp": "2025-10-27T02:49:09.578582+00:00",
  "duration_seconds": 349.38,
  "performance_metrics": {
    "total_processed": 158,
    "valid_configs": 90,
    "duplicates": 0,
    "failed_tests": 68,
    "success_rate": 56.96,
    "avg_latency_ms": 127.68,
    "avg_score": 99.15
  },
  "protocol_summary": {
    "vmess": {
      "count": 63,
      "avg_lat": 139.6984126984127,
      "avg_score": 99.06867724867725
    },
    "vless": {
      "count": 10,
      "avg_lat": 50.1,
      "avg_score": 99.666
    },
    "ss": {
      "count": 0,
      "avg_lat": 0.0,
      "avg_score": 0.0
    },
    "trojan": {
      "count": 17,
      "avg_lat": 128.76470588235293,
      "avg_score": 99.14156862745098
    }
  }
}