{
  "scan_timestamp": "2025-11-04T03:48:45.028679+00:00",
  "duration_seconds": 742.03,
  "performance_metrics": {
    "total_processed": 357,
    "valid_configs": 166,
    "duplicates": 0,
    "failed_tests": 191,
    "success_rate": 46.5,
    "avg_latency_ms": 94.65,
    "avg_score": 99.37
  },
  "protocol_summary": {
    "vmess": {
      "count": 51,
      "avg_lat": 136.47058823529412,
      "avg_score": 99.09019607843138
    },
    "vless": {
      "count": 93,
      "avg_lat": 61.54838709677419,
      "avg_score": 99.58967741935484
    },
    "ss": {
      "count": 1,
      "avg_lat": 145.0,
      "avg_score": 99.03333333333333
    },
    "trojan": {
      "count": 21,
      "avg_lat": 137.28571428571428,
      "avg_score": 99.08476190476192
    }
  }
}