{
  "scan_timestamp": "2025-11-12T08:32:50.096396+00:00",
  "duration_seconds": 1098.0,
  "performance_metrics": {
    "total_processed": 477,
    "valid_configs": 321,
    "duplicates": 0,
    "failed_tests": 156,
    "success_rate": 67.3,
    "avg_latency_ms": 137.36,
    "avg_score": 99.08
  },
  "protocol_summary": {
    "vmess": {
      "count": 39,
      "avg_lat": 236.53846153846155,
      "avg_score": 98.42307692307692
    },
    "vless": {
      "count": 249,
      "avg_lat": 113.59036144578313,
      "avg_score": 99.24273092369478
    },
    "ss": {
      "count": 1,
      "avg_lat": 163.0,
      "avg_score": 98.91333333333333
    },
    "trojan": {
      "count": 32,
      "avg_lat": 200.6875,
      "avg_score": 98.66208333333333
    }
  }
}