{
  "scan_timestamp": "2025-11-19T21:23:02.887061+00:00",
  "duration_seconds": 888.53,
  "performance_metrics": {
    "total_processed": 416,
    "valid_configs": 249,
    "duplicates": 0,
    "failed_tests": 167,
    "success_rate": 59.86,
    "avg_latency_ms": 123.59,
    "avg_score": 99.18
  },
  "protocol_summary": {
    "vmess": {
      "count": 53,
      "avg_lat": 145.9056603773585,
      "avg_score": 99.02729559748428
    },
    "vless": {
      "count": 107,
      "avg_lat": 102.00934579439253,
      "avg_score": 99.31993769470405
    },
    "ss": {
      "count": 1,
      "avg_lat": 182.0,
      "avg_score": 98.78666666666666
    },
    "trojan": {
      "count": 88,
      "avg_lat": 135.73863636363637,
      "avg_score": 99.09507575757576
    }
  }
}