{
  "scan_timestamp": "2025-11-10T17:28:56.518231+00:00",
  "duration_seconds": 1149.9,
  "performance_metrics": {
    "total_processed": 478,
    "valid_configs": 328,
    "duplicates": 0,
    "failed_tests": 150,
    "success_rate": 68.62,
    "avg_latency_ms": 137.9,
    "avg_score": 99.08
  },
  "protocol_summary": {
    "vmess": {
      "count": 52,
      "avg_lat": 179.67307692307693,
      "avg_score": 98.80217948717949
    },
    "vless": {
      "count": 248,
      "avg_lat": 121.31451612903226,
      "avg_score": 99.19123655913978
    },
    "ss": {
      "count": 1,
      "avg_lat": 130.0,
      "avg_score": 99.13333333333334
    },
    "trojan": {
      "count": 27,
      "avg_lat": 210.11111111111111,
      "avg_score": 98.59925925925926
    }
  }
}