{
  "scan_timestamp": "2025-11-13T10:30:59.768509+00:00",
  "duration_seconds": 1142.97,
  "performance_metrics": {
    "total_processed": 478,
    "valid_configs": 342,
    "duplicates": 0,
    "failed_tests": 136,
    "success_rate": 71.55,
    "avg_latency_ms": 141.02,
    "avg_score": 99.06
  },
  "protocol_summary": {
    "vmess": {
      "count": 48,
      "avg_lat": 292.5208333333333,
      "avg_score": 98.04986111111111
    },
    "vless": {
      "count": 261,
      "avg_lat": 111.06130268199233,
      "avg_score": 99.25959131545339
    },
    "ss": {
      "count": 1,
      "avg_lat": 141.0,
      "avg_score": 99.06
    },
    "trojan": {
      "count": 32,
      "avg_lat": 158.09375,
      "avg_score": 98.94604166666667
    }
  }
}