{
  "scan_timestamp": "2025-12-01T21:25:40.404229+00:00",
  "duration_seconds": 1019.64,
  "performance_metrics": {
    "total_processed": 479,
    "valid_configs": 298,
    "duplicates": 0,
    "failed_tests": 181,
    "success_rate": 62.21,
    "avg_latency_ms": 178.03,
    "avg_score": 98.81
  },
  "protocol_summary": {
    "vmess": {
      "count": 81,
      "avg_lat": 268.04938271604937,
      "avg_score": 98.21300411522634
    },
    "vless": {
      "count": 157,
      "avg_lat": 131.6815286624204,
      "avg_score": 99.12212314225053
    },
    "ss": {
      "count": 0,
      "avg_lat": 0.0,
      "avg_score": 0.0
    },
    "trojan": {
      "count": 60,
      "avg_lat": 177.78333333333333,
      "avg_score": 98.81477777777778
    }
  }
}