{
  "scan_timestamp": "2025-10-28T17:23:04.421613+00:00",
  "duration_seconds": 783.01,
  "performance_metrics": {
    "total_processed": 369,
    "valid_configs": 206,
    "duplicates": 0,
    "failed_tests": 163,
    "success_rate": 55.83,
    "avg_latency_ms": 167.32,
    "avg_score": 98.88
  },
  "protocol_summary": {
    "vmess": {
      "count": 64,
      "avg_lat": 289.375,
      "avg_score": 98.07083333333334
    },
    "vless": {
      "count": 120,
      "avg_lat": 105.525,
      "avg_score": 99.2965
    },
    "ss": {
      "count": 1,
      "avg_lat": 171.0,
      "avg_score": 98.86
    },
    "trojan": {
      "count": 21,
      "avg_lat": 148.23809523809524,
      "avg_score": 99.01174603174601
    }
  }
}