{
  "scan_timestamp": "2025-11-20T19:22:04.462219+00:00",
  "duration_seconds": 838.54,
  "performance_metrics": {
    "total_processed": 411,
    "valid_configs": 229,
    "duplicates": 0,
    "failed_tests": 182,
    "success_rate": 55.72,
    "avg_latency_ms": 164.07,
    "avg_score": 98.91
  },
  "protocol_summary": {
    "vmess": {
      "count": 43,
      "avg_lat": 277.0232558139535,
      "avg_score": 98.15317829457365
    },
    "vless": {
      "count": 101,
      "avg_lat": 137.04950495049505,
      "avg_score": 99.08633663366336
    },
    "ss": {
      "count": 1,
      "avg_lat": 139.0,
      "avg_score": 99.07333333333334
    },
    "trojan": {
      "count": 84,
      "avg_lat": 139.03571428571428,
      "avg_score": 99.07309523809523
    }
  }
}