{
  "scan_timestamp": "2025-11-02T12:29:33.481916+00:00",
  "duration_seconds": 813.81,
  "performance_metrics": {
    "total_processed": 378,
    "valid_configs": 198,
    "duplicates": 0,
    "failed_tests": 180,
    "success_rate": 52.38,
    "avg_latency_ms": 104.05,
    "avg_score": 99.31
  },
  "protocol_summary": {
    "vmess": {
      "count": 53,
      "avg_lat": 102.20754716981132,
      "avg_score": 99.31861635220125
    },
    "vless": {
      "count": 121,
      "avg_lat": 76.84297520661157,
      "avg_score": 99.4877134986226
    },
    "ss": {
      "count": 1,
      "avg_lat": 138.0,
      "avg_score": 99.08
    },
    "trojan": {
      "count": 23,
      "avg_lat": 249.95652173913044,
      "avg_score": 98.3336231884058
    }
  }
}