{
  "scan_timestamp": "2025-12-02T12:37:32.916073+00:00",
  "duration_seconds": 985.35,
  "performance_metrics": {
    "total_processed": 478,
    "valid_configs": 284,
    "duplicates": 0,
    "failed_tests": 194,
    "success_rate": 59.41,
    "avg_latency_ms": 197.69,
    "avg_score": 98.68
  },
  "protocol_summary": {
    "vmess": {
      "count": 69,
      "avg_lat": 316.39130434782606,
      "avg_score": 97.89072463768116
    },
    "vless": {
      "count": 153,
      "avg_lat": 156.20261437908496,
      "avg_score": 98.95864923747277
    },
    "ss": {
      "count": 0,
      "avg_lat": 0.0,
      "avg_score": 0.0
    },
    "trojan": {
      "count": 62,
      "avg_lat": 167.98387096774192,
      "avg_score": 98.88010752688172
    }
  }
}