{
  "scan_timestamp": "2025-10-27T11:22:29.761403+00:00",
  "duration_seconds": 809.5,
  "performance_metrics": {
    "total_processed": 365,
    "valid_configs": 219,
    "duplicates": 0,
    "failed_tests": 146,
    "success_rate": 60.0,
    "avg_latency_ms": 95.0,
    "avg_score": 99.37
  },
  "protocol_summary": {
    "vmess": {
      "count": 67,
      "avg_lat": 123.65671641791045,
      "avg_score": 99.17562189054726
    },
    "vless": {
      "count": 123,
      "avg_lat": 60.54471544715447,
      "avg_score": 99.59636856368563
    },
    "ss": {
      "count": 1,
      "avg_lat": 133.0,
      "avg_score": 99.11333333333333
    },
    "trojan": {
      "count": 28,
      "avg_lat": 176.42857142857142,
      "avg_score": 98.82380952380952
    }
  }
}