{
  "scan_timestamp": "2025-11-15T22:25:24.103685+00:00",
  "duration_seconds": 1097.29,
  "performance_metrics": {
    "total_processed": 476,
    "valid_configs": 327,
    "duplicates": 0,
    "failed_tests": 149,
    "success_rate": 68.7,
    "avg_latency_ms": 156.82,
    "avg_score": 98.95
  },
  "protocol_summary": {
    "vmess": {
      "count": 59,
      "avg_lat": 105.59322033898304,
      "avg_score": 99.2960451977401
    },
    "vless": {
      "count": 215,
      "avg_lat": 165.21395348837208,
      "avg_score": 98.89857364341086
    },
    "ss": {
      "count": 1,
      "avg_lat": 215.0,
      "avg_score": 98.56666666666666
    },
    "trojan": {
      "count": 52,
      "avg_lat": 179.1153846153846,
      "avg_score": 98.80589743589744
    }
  }
}