{
  "scan_timestamp": "2025-12-02T01:06:10.838076+00:00",
  "duration_seconds": 1039.04,
  "performance_metrics": {
    "total_processed": 484,
    "valid_configs": 297,
    "duplicates": 0,
    "failed_tests": 187,
    "success_rate": 61.36,
    "avg_latency_ms": 162.0,
    "avg_score": 98.92
  },
  "protocol_summary": {
    "vmess": {
      "count": 72,
      "avg_lat": 226.19444444444446,
      "avg_score": 98.49203703703704
    },
    "vless": {
      "count": 149,
      "avg_lat": 112.83221476510067,
      "avg_score": 99.24778523489933
    },
    "ss": {
      "count": 0,
      "avg_lat": 0.0,
      "avg_score": 0.0
    },
    "trojan": {
      "count": 76,
      "avg_lat": 197.56578947368422,
      "avg_score": 98.6828947368421
    }
  }
}