{
  "scan_timestamp": "2025-11-09T14:26:17.600633+00:00",
  "duration_seconds": 1121.84,
  "performance_metrics": {
    "total_processed": 478,
    "valid_configs": 333,
    "duplicates": 0,
    "failed_tests": 145,
    "success_rate": 69.67,
    "avg_latency_ms": 192.47,
    "avg_score": 98.72
  },
  "protocol_summary": {
    "vmess": {
      "count": 58,
      "avg_lat": 311.2758620689655,
      "avg_score": 97.9248275862069
    },
    "vless": {
      "count": 261,
      "avg_lat": 167.0,
      "avg_score": 98.88666666666666
    },
    "ss": {
      "count": 0,
      "avg_lat": 0.0,
      "avg_score": 0.0
    },
    "trojan": {
      "count": 14,
      "avg_lat": 175.07142857142858,
      "avg_score": 98.83285714285715
    }
  }
}