{
  "scan_timestamp": "2025-12-02T06:33:39.995501+00:00",
  "duration_seconds": 996.89,
  "performance_metrics": {
    "total_processed": 477,
    "valid_configs": 293,
    "duplicates": 0,
    "failed_tests": 184,
    "success_rate": 61.43,
    "avg_latency_ms": 179.16,
    "avg_score": 98.81
  },
  "protocol_summary": {
    "vmess": {
      "count": 70,
      "avg_lat": 259.1142857142857,
      "avg_score": 98.27257142857142
    },
    "vless": {
      "count": 159,
      "avg_lat": 158.1069182389937,
      "avg_score": 98.9459538784067
    },
    "ss": {
      "count": 0,
      "avg_lat": 0.0,
      "avg_score": 0.0
    },
    "trojan": {
      "count": 64,
      "avg_lat": 144.0,
      "avg_score": 99.04
    }
  }
}