{
  "scan_timestamp": "2025-11-24T17:26:13.061913+00:00",
  "duration_seconds": 979.23,
  "performance_metrics": {
    "total_processed": 467,
    "valid_configs": 273,
    "duplicates": 0,
    "failed_tests": 194,
    "success_rate": 58.46,
    "avg_latency_ms": 155.92,
    "avg_score": 98.96
  },
  "protocol_summary": {
    "vmess": {
      "count": 49,
      "avg_lat": 218.3877551020408,
      "avg_score": 98.54408163265306
    },
    "vless": {
      "count": 102,
      "avg_lat": 114.51960784313725,
      "avg_score": 99.23653594771243
    },
    "ss": {
      "count": 0,
      "avg_lat": 0.0,
      "avg_score": 0.0
    },
    "trojan": {
      "count": 122,
      "avg_lat": 165.45081967213116,
      "avg_score": 98.89699453551911
    }
  }
}