{
  "scan_timestamp": "2025-11-19T23:24:35.154315+00:00",
  "duration_seconds": 874.1,
  "performance_metrics": {
    "total_processed": 413,
    "valid_configs": 245,
    "duplicates": 0,
    "failed_tests": 168,
    "success_rate": 59.32,
    "avg_latency_ms": 146.21,
    "avg_score": 99.03
  },
  "protocol_summary": {
    "vmess": {
      "count": 57,
      "avg_lat": 162.0,
      "avg_score": 98.91999999999999
    },
    "vless": {
      "count": 110,
      "avg_lat": 123.91818181818182,
      "avg_score": 99.17387878787879
    },
    "ss": {
      "count": 1,
      "avg_lat": 160.0,
      "avg_score": 98.93333333333334
    },
    "trojan": {
      "count": 77,
      "avg_lat": 166.19480519480518,
      "avg_score": 98.89203463203464
    }
  }
}