{
  "scan_timestamp": "2025-12-06T05:27:23.827304+00:00",
  "duration_seconds": 1033.54,
  "performance_metrics": {
    "total_processed": 479,
    "valid_configs": 273,
    "duplicates": 0,
    "failed_tests": 206,
    "success_rate": 56.99,
    "avg_latency_ms": 173.33,
    "avg_score": 98.84
  },
  "protocol_summary": {
    "vmess": {
      "count": 94,
      "avg_lat": 232.3404255319149,
      "avg_score": 98.45106382978723
    },
    "vless": {
      "count": 124,
      "avg_lat": 86.91935483870968,
      "avg_score": 99.42053763440859
    },
    "ss": {
      "count": 0,
      "avg_lat": 0.0,
      "avg_score": 0.0
    },
    "trojan": {
      "count": 55,
      "avg_lat": 267.3090909090909,
      "avg_score": 98.21793939393939
    }
  }
}