{
  "scan_timestamp": "2025-10-28T05:23:17.719720+00:00",
  "duration_seconds": 729.0,
  "performance_metrics": {
    "total_processed": 354,
    "valid_configs": 189,
    "duplicates": 0,
    "failed_tests": 165,
    "success_rate": 53.39,
    "avg_latency_ms": 133.75,
    "avg_score": 99.11
  },
  "protocol_summary": {
    "vmess": {
      "count": 57,
      "avg_lat": 223.80701754385964,
      "avg_score": 98.50795321637426
    },
    "vless": {
      "count": 122,
      "avg_lat": 87.27049180327869,
      "avg_score": 99.41819672131147
    },
    "ss": {
      "count": 1,
      "avg_lat": 127.0,
      "avg_score": 99.15333333333334
    },
    "trojan": {
      "count": 9,
      "avg_lat": 194.22222222222223,
      "avg_score": 98.70518518518519
    }
  }
}