{
  "scan_timestamp": "2025-11-13T13:44:28.294236+00:00",
  "duration_seconds": 1093.59,
  "performance_metrics": {
    "total_processed": 478,
    "valid_configs": 320,
    "duplicates": 0,
    "failed_tests": 158,
    "success_rate": 66.95,
    "avg_latency_ms": 174.9,
    "avg_score": 98.83
  },
  "protocol_summary": {
    "vmess": {
      "count": 51,
      "avg_lat": 273.5686274509804,
      "avg_score": 98.1762091503268
    },
    "vless": {
      "count": 233,
      "avg_lat": 156.04291845493563,
      "avg_score": 98.9597138769671
    },
    "ss": {
      "count": 1,
      "avg_lat": 189.0,
      "avg_score": 98.74
    },
    "trojan": {
      "count": 35,
      "avg_lat": 156.28571428571428,
      "avg_score": 98.95809523809524
    }
  }
}