{
  "scan_timestamp": "2025-11-29T20:26:33.783219+00:00",
  "duration_seconds": 936.87,
  "performance_metrics": {
    "total_processed": 476,
    "valid_configs": 221,
    "duplicates": 0,
    "failed_tests": 255,
    "success_rate": 46.43,
    "avg_latency_ms": 156.92,
    "avg_score": 98.95
  },
  "protocol_summary": {
    "vmess": {
      "count": 33,
      "avg_lat": 158.27272727272728,
      "avg_score": 98.94484848484848
    },
    "vless": {
      "count": 108,
      "avg_lat": 139.84259259259258,
      "avg_score": 99.06771604938272
    },
    "ss": {
      "count": 0,
      "avg_lat": 0.0,
      "avg_score": 0.0
    },
    "trojan": {
      "count": 80,
      "avg_lat": 179.425,
      "avg_score": 98.80383333333333
    }
  }
}