{
  "scan_timestamp": "2025-12-05T10:28:25.794543+00:00",
  "duration_seconds": 1020.49,
  "performance_metrics": {
    "total_processed": 470,
    "valid_configs": 293,
    "duplicates": 0,
    "failed_tests": 177,
    "success_rate": 62.34,
    "avg_latency_ms": 187.21,
    "avg_score": 98.75
  },
  "protocol_summary": {
    "vmess": {
      "count": 110,
      "avg_lat": 245.63636363636363,
      "avg_score": 98.36242424242424
    },
    "vless": {
      "count": 137,
      "avg_lat": 137.87591240875912,
      "avg_score": 99.08082725060828
    },
    "ss": {
      "count": 0,
      "avg_lat": 0.0,
      "avg_score": 0.0
    },
    "trojan": {
      "count": 46,
      "avg_lat": 194.43478260869566,
      "avg_score": 98.70376811594203
    }
  }
}