{
  "scan_timestamp": "2025-10-27T04:26:06.018769+00:00",
  "duration_seconds": 350.49,
  "performance_metrics": {
    "total_processed": 159,
    "valid_configs": 90,
    "duplicates": 0,
    "failed_tests": 69,
    "success_rate": 56.6,
    "avg_latency_ms": 151.83,
    "avg_score": 98.99
  },
  "protocol_summary": {
    "vmess": {
      "count": 65,
      "avg_lat": 162.04615384615386,
      "avg_score": 98.9196923076923
    },
    "vless": {
      "count": 10,
      "avg_lat": 55.2,
      "avg_score": 99.63199999999999
    },
    "ss": {
      "count": 0,
      "avg_lat": 0.0,
      "avg_score": 0.0
    },
    "trojan": {
      "count": 15,
      "avg_lat": 172.0,
      "avg_score": 98.85333333333332
    }
  }
}