{
  "scan_timestamp": "2025-11-21T04:26:35.978576+00:00",
  "duration_seconds": 793.44,
  "performance_metrics": {
    "total_processed": 404,
    "valid_configs": 220,
    "duplicates": 0,
    "failed_tests": 184,
    "success_rate": 54.46,
    "avg_latency_ms": 120.31,
    "avg_score": 99.2
  },
  "protocol_summary": {
    "vmess": {
      "count": 31,
      "avg_lat": 167.6451612903226,
      "avg_score": 98.88236559139786
    },
    "vless": {
      "count": 108,
      "avg_lat": 81.37037037037037,
      "avg_score": 99.45753086419754
    },
    "ss": {
      "count": 1,
      "avg_lat": 127.0,
      "avg_score": 99.15333333333334
    },
    "trojan": {
      "count": 80,
      "avg_lat": 154.4625,
      "avg_score": 98.97025
    }
  }
}