{
  "scan_timestamp": "2025-11-24T22:25:10.527727+00:00",
  "duration_seconds": 958.8,
  "performance_metrics": {
    "total_processed": 458,
    "valid_configs": 276,
    "duplicates": 0,
    "failed_tests": 182,
    "success_rate": 60.26,
    "avg_latency_ms": 132.67,
    "avg_score": 99.12
  },
  "protocol_summary": {
    "vmess": {
      "count": 57,
      "avg_lat": 133.50877192982455,
      "avg_score": 99.10994152046783
    },
    "vless": {
      "count": 103,
      "avg_lat": 135.39805825242718,
      "avg_score": 99.09734627831715
    },
    "ss": {
      "count": 0,
      "avg_lat": 0.0,
      "avg_score": 0.0
    },
    "trojan": {
      "count": 116,
      "avg_lat": 129.8448275862069,
      "avg_score": 99.13436781609195
    }
  }
}