{
  "scan_timestamp": "2025-11-08T02:37:20.532748+00:00",
  "duration_seconds": 1156.7,
  "performance_metrics": {
    "total_processed": 479,
    "valid_configs": 357,
    "duplicates": 0,
    "failed_tests": 122,
    "success_rate": 74.53,
    "avg_latency_ms": 102.59,
    "avg_score": 99.32
  },
  "protocol_summary": {
    "vmess": {
      "count": 83,
      "avg_lat": 136.3012048192771,
      "avg_score": 99.09132530120482
    },
    "vless": {
      "count": 267,
      "avg_lat": 88.88764044943821,
      "avg_score": 99.40741573033708
    },
    "ss": {
      "count": 0,
      "avg_lat": 0.0,
      "avg_score": 0.0
    },
    "trojan": {
      "count": 7,
      "avg_lat": 225.28571428571428,
      "avg_score": 98.49809523809525
    }
  }
}