{
  "scan_timestamp": "2025-11-08T09:28:06.358231+00:00",
  "duration_seconds": 1135.48,
  "performance_metrics": {
    "total_processed": 477,
    "valid_configs": 348,
    "duplicates": 0,
    "failed_tests": 129,
    "success_rate": 72.96,
    "avg_latency_ms": 103.42,
    "avg_score": 99.31
  },
  "protocol_summary": {
    "vmess": {
      "count": 75,
      "avg_lat": 131.13333333333333,
      "avg_score": 99.12577777777778
    },
    "vless": {
      "count": 262,
      "avg_lat": 91.58396946564885,
      "avg_score": 99.38944020356234
    },
    "ss": {
      "count": 0,
      "avg_lat": 0.0,
      "avg_score": 0.0
    },
    "trojan": {
      "count": 11,
      "avg_lat": 196.45454545454547,
      "avg_score": 98.69030303030303
    }
  }
}