{
  "scan_timestamp": "2025-12-03T09:32:46.200121+00:00",
  "duration_seconds": 1052.41,
  "performance_metrics": {
    "total_processed": 482,
    "valid_configs": 310,
    "duplicates": 0,
    "failed_tests": 172,
    "success_rate": 64.32,
    "avg_latency_ms": 189.29,
    "avg_score": 98.74
  },
  "protocol_summary": {
    "vmess": {
      "count": 81,
      "avg_lat": 291.4320987654321,
      "avg_score": 98.05711934156379
    },
    "vless": {
      "count": 172,
      "avg_lat": 151.22674418604652,
      "avg_score": 98.99182170542636
    },
    "ss": {
      "count": 0,
      "avg_lat": 0.0,
      "avg_score": 0.0
    },
    "trojan": {
      "count": 57,
      "avg_lat": 158.98245614035088,
      "avg_score": 98.94011695906434
    }
  }
}