{
  "scan_timestamp": "2025-11-22T15:23:10.086741+00:00",
  "duration_seconds": 867.03,
  "performance_metrics": {
    "total_processed": 415,
    "valid_configs": 247,
    "duplicates": 0,
    "failed_tests": 168,
    "success_rate": 59.52,
    "avg_latency_ms": 142.53,
    "avg_score": 99.05
  },
  "protocol_summary": {
    "vmess": {
      "count": 43,
      "avg_lat": 166.1860465116279,
      "avg_score": 98.89209302325581
    },
    "vless": {
      "count": 106,
      "avg_lat": 106.5,
      "avg_score": 99.28999999999999
    },
    "ss": {
      "count": 5,
      "avg_lat": 357.8,
      "avg_score": 97.61466666666666
    },
    "trojan": {
      "count": 93,
      "avg_lat": 161.08602150537635,
      "avg_score": 98.92609318996416
    }
  }
}