{
  "scan_timestamp": "2025-10-30T14:20:44.713169+00:00",
  "duration_seconds": 654.73,
  "performance_metrics": {
    "total_processed": 346,
    "valid_configs": 160,
    "duplicates": 0,
    "failed_tests": 186,
    "success_rate": 46.24,
    "avg_latency_ms": 100.36,
    "avg_score": 99.33
  },
  "protocol_summary": {
    "vmess": {
      "count": 59,
      "avg_lat": 157.6949152542373,
      "avg_score": 98.94870056497176
    },
    "vless": {
      "count": 95,
      "avg_lat": 60.136842105263156,
      "avg_score": 99.59908771929825
    },
    "ss": {
      "count": 1,
      "avg_lat": 186.0,
      "avg_score": 98.76
    },
    "trojan": {
      "count": 5,
      "avg_lat": 171.0,
      "avg_score": 98.86
    }
  }
}