{
  "scan_timestamp": "2025-11-27T22:24:55.685826+00:00",
  "duration_seconds": 937.56,
  "performance_metrics": {
    "total_processed": 477,
    "valid_configs": 220,
    "duplicates": 0,
    "failed_tests": 257,
    "success_rate": 46.12,
    "avg_latency_ms": 169.1,
    "avg_score": 98.87
  },
  "protocol_summary": {
    "vmess": {
      "count": 32,
      "avg_lat": 172.78125,
      "avg_score": 98.848125
    },
    "vless": {
      "count": 102,
      "avg_lat": 143.34313725490196,
      "avg_score": 99.04437908496732
    },
    "ss": {
      "count": 0,
      "avg_lat": 0.0,
      "avg_score": 0.0
    },
    "trojan": {
      "count": 86,
      "avg_lat": 198.2906976744186,
      "avg_score": 98.67806201550388
    }
  }
}