{
  "scan_timestamp": "2025-11-09T10:27:54.502761+00:00",
  "duration_seconds": 1131.15,
  "performance_metrics": {
    "total_processed": 474,
    "valid_configs": 329,
    "duplicates": 0,
    "failed_tests": 145,
    "success_rate": 69.41,
    "avg_latency_ms": 103.63,
    "avg_score": 99.31
  },
  "protocol_summary": {
    "vmess": {
      "count": 67,
      "avg_lat": 109.38805970149254,
      "avg_score": 99.27074626865672
    },
    "vless": {
      "count": 246,
      "avg_lat": 92.63414634146342,
      "avg_score": 99.38243902439024
    },
    "ss": {
      "count": 1,
      "avg_lat": 126.0,
      "avg_score": 99.16
    },
    "trojan": {
      "count": 15,
      "avg_lat": 256.8,
      "avg_score": 98.288
    }
  }
}