{
  "scan_timestamp": "2025-12-03T13:46:21.603914+00:00",
  "duration_seconds": 1050.7,
  "performance_metrics": {
    "total_processed": 482,
    "valid_configs": 307,
    "duplicates": 0,
    "failed_tests": 175,
    "success_rate": 63.69,
    "avg_latency_ms": 151.11,
    "avg_score": 98.99
  },
  "protocol_summary": {
    "vmess": {
      "count": 80,
      "avg_lat": 248.275,
      "avg_score": 98.34483333333334
    },
    "vless": {
      "count": 170,
      "avg_lat": 104.17647058823529,
      "avg_score": 99.30549019607844
    },
    "ss": {
      "count": 0,
      "avg_lat": 0.0,
      "avg_score": 0.0
    },
    "trojan": {
      "count": 57,
      "avg_lat": 154.71929824561403,
      "avg_score": 98.96853801169591
    }
  }
}