{
  "scan_timestamp": "2025-11-22T09:23:44.450792+00:00",
  "duration_seconds": 860.29,
  "performance_metrics": {
    "total_processed": 416,
    "valid_configs": 255,
    "duplicates": 0,
    "failed_tests": 161,
    "success_rate": 61.3,
    "avg_latency_ms": 123.92,
    "avg_score": 99.17
  },
  "protocol_summary": {
    "vmess": {
      "count": 45,
      "avg_lat": 116.95555555555555,
      "avg_score": 99.22029629629628
    },
    "vless": {
      "count": 116,
      "avg_lat": 107.5603448275862,
      "avg_score": 99.28293103448276
    },
    "ss": {
      "count": 0,
      "avg_lat": 0.0,
      "avg_score": 0.0
    },
    "trojan": {
      "count": 94,
      "avg_lat": 147.43617021276594,
      "avg_score": 99.01709219858157
    }
  }
}