{
  "scan_timestamp": "2025-11-14T01:05:58.264936+00:00",
  "duration_seconds": 1142.85,
  "performance_metrics": {
    "total_processed": 478,
    "valid_configs": 352,
    "duplicates": 0,
    "failed_tests": 126,
    "success_rate": 73.64,
    "avg_latency_ms": 110.84,
    "avg_score": 99.26
  },
  "protocol_summary": {
    "vmess": {
      "count": 32,
      "avg_lat": 211.21875,
      "avg_score": 98.591875
    },
    "vless": {
      "count": 254,
      "avg_lat": 93.66929133858268,
      "avg_score": 99.37553805774277
    },
    "ss": {
      "count": 1,
      "avg_lat": 125.0,
      "avg_score": 99.16666666666667
    },
    "trojan": {
      "count": 65,
      "avg_lat": 128.27692307692308,
      "avg_score": 99.1448205128205
    }
  }
}