{
  "scan_timestamp": "2025-11-25T23:24:44.506479+00:00",
  "duration_seconds": 911.44,
  "performance_metrics": {
    "total_processed": 427,
    "valid_configs": 267,
    "duplicates": 0,
    "failed_tests": 160,
    "success_rate": 62.53,
    "avg_latency_ms": 121.08,
    "avg_score": 99.19
  },
  "protocol_summary": {
    "vmess": {
      "count": 55,
      "avg_lat": 105.61818181818182,
      "avg_score": 99.29587878787879
    },
    "vless": {
      "count": 122,
      "avg_lat": 118.97540983606558,
      "avg_score": 99.2068306010929
    },
    "ss": {
      "count": 0,
      "avg_lat": 0.0,
      "avg_score": 0.0
    },
    "trojan": {
      "count": 90,
      "avg_lat": 133.38888888888889,
      "avg_score": 99.11074074074075
    }
  }
}