{
  "scan_timestamp": "2025-10-31T08:27:43.986126+00:00",
  "duration_seconds": 839.86,
  "performance_metrics": {
    "total_processed": 414,
    "valid_configs": 214,
    "duplicates": 0,
    "failed_tests": 200,
    "success_rate": 51.69,
    "avg_latency_ms": 158.19,
    "avg_score": 98.95
  },
  "protocol_summary": {
    "vmess": {
      "count": 66,
      "avg_lat": 278.030303030303,
      "avg_score": 98.14646464646465
    },
    "vless": {
      "count": 103,
      "avg_lat": 86.66990291262135,
      "avg_score": 99.4222006472492
    },
    "ss": {
      "count": 1,
      "avg_lat": 184.0,
      "avg_score": 98.77333333333334
    },
    "trojan": {
      "count": 44,
      "avg_lat": 145.25,
      "avg_score": 99.03166666666667
    }
  }
}