{
  "scan_timestamp": "2025-11-26T09:27:14.054770+00:00",
  "duration_seconds": 867.76,
  "performance_metrics": {
    "total_processed": 423,
    "valid_configs": 243,
    "duplicates": 0,
    "failed_tests": 180,
    "success_rate": 57.45,
    "avg_latency_ms": 131.51,
    "avg_score": 99.12
  },
  "protocol_summary": {
    "vmess": {
      "count": 55,
      "avg_lat": 117.01818181818182,
      "avg_score": 99.21987878787878
    },
    "vless": {
      "count": 102,
      "avg_lat": 137.45098039215685,
      "avg_score": 99.08366013071895
    },
    "ss": {
      "count": 0,
      "avg_lat": 0.0,
      "avg_score": 0.0
    },
    "trojan": {
      "count": 86,
      "avg_lat": 133.7325581395349,
      "avg_score": 99.10844961240309
    }
  }
}