{
  "scan_timestamp": "2025-11-17T11:26:55.349834+00:00",
  "duration_seconds": 1030.08,
  "performance_metrics": {
    "total_processed": 438,
    "valid_configs": 310,
    "duplicates": 0,
    "failed_tests": 128,
    "success_rate": 70.78,
    "avg_latency_ms": 152.23,
    "avg_score": 98.99
  },
  "protocol_summary": {
    "vmess": {
      "count": 36,
      "avg_lat": 111.08333333333333,
      "avg_score": 99.25944444444445
    },
    "vless": {
      "count": 202,
      "avg_lat": 156.0891089108911,
      "avg_score": 98.95940594059405
    },
    "ss": {
      "count": 1,
      "avg_lat": 159.0,
      "avg_score": 98.94
    },
    "trojan": {
      "count": 71,
      "avg_lat": 162.01408450704224,
      "avg_score": 98.9199061032864
    }
  }
}