{
  "scan_timestamp": "2025-11-01T17:22:36.108672+00:00",
  "duration_seconds": 900.19,
  "performance_metrics": {
    "total_processed": 428,
    "valid_configs": 229,
    "duplicates": 0,
    "failed_tests": 199,
    "success_rate": 53.5,
    "avg_latency_ms": 185.26,
    "avg_score": 98.76
  },
  "protocol_summary": {
    "vmess": {
      "count": 109,
      "avg_lat": 249.60550458715596,
      "avg_score": 98.3359633027523
    },
    "vless": {
      "count": 105,
      "avg_lat": 128.26666666666668,
      "avg_score": 99.14488888888889
    },
    "ss": {
      "count": 1,
      "avg_lat": 175.0,
      "avg_score": 98.83333333333333
    },
    "trojan": {
      "count": 14,
      "avg_lat": 112.5,
      "avg_score": 99.25
    }
  }
}