{
  "scan_timestamp": "2025-10-27T13:38:44.873664+00:00",
  "duration_seconds": 808.41,
  "performance_metrics": {
    "total_processed": 364,
    "valid_configs": 215,
    "duplicates": 0,
    "failed_tests": 149,
    "success_rate": 59.07,
    "avg_latency_ms": 105.4,
    "avg_score": 99.3
  },
  "protocol_summary": {
    "vmess": {
      "count": 65,
      "avg_lat": 151.83076923076922,
      "avg_score": 98.98779487179488
    },
    "vless": {
      "count": 121,
      "avg_lat": 64.3305785123967,
      "avg_score": 99.57112947658402
    },
    "ss": {
      "count": 1,
      "avg_lat": 133.0,
      "avg_score": 99.11333333333333
    },
    "trojan": {
      "count": 28,
      "avg_lat": 174.10714285714286,
      "avg_score": 98.83928571428571
    }
  }
}