{
  "scan_timestamp": "2025-11-03T04:32:18.861636+00:00",
  "duration_seconds": 807.18,
  "performance_metrics": {
    "total_processed": 387,
    "valid_configs": 196,
    "duplicates": 0,
    "failed_tests": 191,
    "success_rate": 50.65,
    "avg_latency_ms": 108.13,
    "avg_score": 99.28
  },
  "protocol_summary": {
    "vmess": {
      "count": 66,
      "avg_lat": 155.1969696969697,
      "avg_score": 98.96535353535353
    },
    "vless": {
      "count": 109,
      "avg_lat": 78.57798165137615,
      "avg_score": 99.47614678899082
    },
    "ss": {
      "count": 1,
      "avg_lat": 126.0,
      "avg_score": 99.16
    },
    "trojan": {
      "count": 20,
      "avg_lat": 112.95,
      "avg_score": 99.247
    }
  }
}