{
  "scan_timestamp": "2025-10-27T05:17:06.427382+00:00",
  "duration_seconds": 342.82,
  "performance_metrics": {
    "total_processed": 158,
    "valid_configs": 87,
    "duplicates": 0,
    "failed_tests": 71,
    "success_rate": 55.06,
    "avg_latency_ms": 126.75,
    "avg_score": 99.16
  },
  "protocol_summary": {
    "vmess": {
      "count": 62,
      "avg_lat": 132.79032258064515,
      "avg_score": 99.11473118279571
    },
    "vless": {
      "count": 10,
      "avg_lat": 34.3,
      "avg_score": 99.77133333333333
    },
    "ss": {
      "count": 0,
      "avg_lat": 0.0,
      "avg_score": 0.0
    },
    "trojan": {
      "count": 15,
      "avg_lat": 163.4,
      "avg_score": 98.91066666666667
    }
  }
}