{
  "scan_timestamp": "2025-11-11T18:32:45.983217+00:00",
  "duration_seconds": 1099.3,
  "performance_metrics": {
    "total_processed": 481,
    "valid_configs": 315,
    "duplicates": 0,
    "failed_tests": 166,
    "success_rate": 65.49,
    "avg_latency_ms": 111.58,
    "avg_score": 99.26
  },
  "protocol_summary": {
    "vmess": {
      "count": 27,
      "avg_lat": 116.18518518518519,
      "avg_score": 99.22543209876542
    },
    "vless": {
      "count": 273,
      "avg_lat": 109.36630036630036,
      "avg_score": 99.27089133089133
    },
    "ss": {
      "count": 1,
      "avg_lat": 130.0,
      "avg_score": 99.13333333333334
    },
    "trojan": {
      "count": 14,
      "avg_lat": 144.57142857142858,
      "avg_score": 99.03619047619047
    }
  }
}