{
  "scan_timestamp": "2025-12-01T12:37:27.095994+00:00",
  "duration_seconds": 1023.05,
  "performance_metrics": {
    "total_processed": 475,
    "valid_configs": 300,
    "duplicates": 0,
    "failed_tests": 175,
    "success_rate": 63.16,
    "avg_latency_ms": 179.3,
    "avg_score": 98.8
  },
  "protocol_summary": {
    "vmess": {
      "count": 79,
      "avg_lat": 303.50632911392404,
      "avg_score": 97.97662447257385
    },
    "vless": {
      "count": 178,
      "avg_lat": 128.45505617977528,
      "avg_score": 99.14363295880149
    },
    "ss": {
      "count": 0,
      "avg_lat": 0.0,
      "avg_score": 0.0
    },
    "trojan": {
      "count": 43,
      "avg_lat": 161.6046511627907,
      "avg_score": 98.92263565891473
    }
  }
}