{
  "scan_timestamp": "2025-11-23T21:24:12.707518+00:00",
  "duration_seconds": 914.1,
  "performance_metrics": {
    "total_processed": 465,
    "valid_configs": 261,
    "duplicates": 0,
    "failed_tests": 204,
    "success_rate": 56.13,
    "avg_latency_ms": 129.29,
    "avg_score": 99.14
  },
  "protocol_summary": {
    "vmess": {
      "count": 43,
      "avg_lat": 98.48837209302326,
      "avg_score": 99.34341085271318
    },
    "vless": {
      "count": 112,
      "avg_lat": 122.26785714285714,
      "avg_score": 99.18488095238095
    },
    "ss": {
      "count": 0,
      "avg_lat": 0.0,
      "avg_score": 0.0
    },
    "trojan": {
      "count": 106,
      "avg_lat": 149.20754716981133,
      "avg_score": 99.00528301886791
    }
  }
}