{
  "scan_timestamp": "2025-12-01T05:38:03.329313+00:00",
  "duration_seconds": 1062.27,
  "performance_metrics": {
    "total_processed": 475,
    "valid_configs": 315,
    "duplicates": 0,
    "failed_tests": 160,
    "success_rate": 66.32,
    "avg_latency_ms": 164.39,
    "avg_score": 98.9
  },
  "protocol_summary": {
    "vmess": {
      "count": 79,
      "avg_lat": 205.15189873417722,
      "avg_score": 98.63232067510548
    },
    "vless": {
      "count": 196,
      "avg_lat": 155.26020408163265,
      "avg_score": 98.96493197278912
    },
    "ss": {
      "count": 0,
      "avg_lat": 0.0,
      "avg_score": 0.0
    },
    "trojan": {
      "count": 40,
      "avg_lat": 128.625,
      "avg_score": 99.1425
    }
  }
}