{
  "scan_timestamp": "2025-11-02T07:22:56.941762+00:00",
  "duration_seconds": 830.57,
  "performance_metrics": {
    "total_processed": 390,
    "valid_configs": 198,
    "duplicates": 0,
    "failed_tests": 192,
    "success_rate": 50.77,
    "avg_latency_ms": 118.45,
    "avg_score": 99.21
  },
  "protocol_summary": {
    "vmess": {
      "count": 50,
      "avg_lat": 103.76,
      "avg_score": 99.30826666666665
    },
    "vless": {
      "count": 123,
      "avg_lat": 98.3089430894309,
      "avg_score": 99.34460704607046
    },
    "ss": {
      "count": 1,
      "avg_lat": 138.0,
      "avg_score": 99.08
    },
    "trojan": {
      "count": 24,
      "avg_lat": 251.5,
      "avg_score": 98.32333333333332
    }
  }
}