{
  "scan_timestamp": "2025-11-27T23:25:07.222721+00:00",
  "duration_seconds": 943.84,
  "performance_metrics": {
    "total_processed": 472,
    "valid_configs": 227,
    "duplicates": 0,
    "failed_tests": 245,
    "success_rate": 48.09,
    "avg_latency_ms": 149.26,
    "avg_score": 99.0
  },
  "protocol_summary": {
    "vmess": {
      "count": 33,
      "avg_lat": 126.24242424242425,
      "avg_score": 99.15838383838383
    },
    "vless": {
      "count": 104,
      "avg_lat": 108.24038461538461,
      "avg_score": 99.27839743589743
    },
    "ss": {
      "count": 0,
      "avg_lat": 0.0,
      "avg_score": 0.0
    },
    "trojan": {
      "count": 90,
      "avg_lat": 205.11111111111111,
      "avg_score": 98.6325925925926
    }
  }
}