{
  "scan_timestamp": "2025-11-13T07:30:02.955005+00:00",
  "duration_seconds": 1141.51,
  "performance_metrics": {
    "total_processed": 478,
    "valid_configs": 344,
    "duplicates": 0,
    "failed_tests": 134,
    "success_rate": 71.97,
    "avg_latency_ms": 133.63,
    "avg_score": 99.11
  },
  "protocol_summary": {
    "vmess": {
      "count": 47,
      "avg_lat": 288.6808510638298,
      "avg_score": 98.07546099290781
    },
    "vless": {
      "count": 263,
      "avg_lat": 98.94296577946768,
      "avg_score": 99.34038022813688
    },
    "ss": {
      "count": 1,
      "avg_lat": 128.0,
      "avg_score": 99.14666666666666
    },
    "trojan": {
      "count": 33,
      "avg_lat": 189.45454545454547,
      "avg_score": 98.73696969696971
    }
  }
}