{
  "scan_timestamp": "2025-12-04T04:37:17.859635+00:00",
  "duration_seconds": 1000.44,
  "performance_metrics": {
    "total_processed": 478,
    "valid_configs": 271,
    "duplicates": 0,
    "failed_tests": 207,
    "success_rate": 56.69,
    "avg_latency_ms": 184.26,
    "avg_score": 98.77
  },
  "protocol_summary": {
    "vmess": {
      "count": 78,
      "avg_lat": 284.94871794871796,
      "avg_score": 98.10034188034189
    },
    "vless": {
      "count": 149,
      "avg_lat": 139.40268456375838,
      "avg_score": 99.07064876957494
    },
    "ss": {
      "count": 0,
      "avg_lat": 0.0,
      "avg_score": 0.0
    },
    "trojan": {
      "count": 44,
      "avg_lat": 157.6818181818182,
      "avg_score": 98.94878787878788
    }
  }
}