{
  "scan_timestamp": "2025-11-22T22:21:46.844734+00:00",
  "duration_seconds": 768.3,
  "performance_metrics": {
    "total_processed": 384,
    "valid_configs": 212,
    "duplicates": 0,
    "failed_tests": 172,
    "success_rate": 55.21,
    "avg_latency_ms": 126.41,
    "avg_score": 99.16
  },
  "protocol_summary": {
    "vmess": {
      "count": 39,
      "avg_lat": 119.53846153846153,
      "avg_score": 99.20307692307692
    },
    "vless": {
      "count": 87,
      "avg_lat": 112.77011494252874,
      "avg_score": 99.24819923371649
    },
    "ss": {
      "count": 0,
      "avg_lat": 0.0,
      "avg_score": 0.0
    },
    "trojan": {
      "count": 86,
      "avg_lat": 143.32558139534885,
      "avg_score": 99.044496124031
    }
  }
}