{
  "scan_timestamp": "2025-11-11T10:29:40.343944+00:00",
  "duration_seconds": 1080.92,
  "performance_metrics": {
    "total_processed": 479,
    "valid_configs": 323,
    "duplicates": 0,
    "failed_tests": 156,
    "success_rate": 67.43,
    "avg_latency_ms": 112.13,
    "avg_score": 99.25
  },
  "protocol_summary": {
    "vmess": {
      "count": 47,
      "avg_lat": 151.95744680851064,
      "avg_score": 98.98695035460992
    },
    "vless": {
      "count": 256,
      "avg_lat": 98.0859375,
      "avg_score": 99.34609375
    },
    "ss": {
      "count": 1,
      "avg_lat": 130.0,
      "avg_score": 99.13333333333334
    },
    "trojan": {
      "count": 19,
      "avg_lat": 201.89473684210526,
      "avg_score": 98.65403508771931
    }
  }
}