{
  "scan_timestamp": "2025-11-12T01:05:30.458968+00:00",
  "duration_seconds": 1080.64,
  "performance_metrics": {
    "total_processed": 479,
    "valid_configs": 312,
    "duplicates": 0,
    "failed_tests": 167,
    "success_rate": 65.14,
    "avg_latency_ms": 132.91,
    "avg_score": 99.11
  },
  "protocol_summary": {
    "vmess": {
      "count": 36,
      "avg_lat": 276.9166666666667,
      "avg_score": 98.15388888888889
    },
    "vless": {
      "count": 260,
      "avg_lat": 112.11153846153846,
      "avg_score": 99.25258974358974
    },
    "ss": {
      "count": 1,
      "avg_lat": 138.0,
      "avg_score": 99.08
    },
    "trojan": {
      "count": 15,
      "avg_lat": 147.46666666666667,
      "avg_score": 99.01688888888889
    }
  }
}