{
  "scan_timestamp": "2025-11-14T20:31:06.462320+00:00",
  "duration_seconds": 1156.72,
  "performance_metrics": {
    "total_processed": 479,
    "valid_configs": 350,
    "duplicates": 0,
    "failed_tests": 129,
    "success_rate": 73.07,
    "avg_latency_ms": 129.96,
    "avg_score": 99.13
  },
  "protocol_summary": {
    "vmess": {
      "count": 36,
      "avg_lat": 135.11111111111111,
      "avg_score": 99.09925925925926
    },
    "vless": {
      "count": 250,
      "avg_lat": 125.776,
      "avg_score": 99.16149333333333
    },
    "ss": {
      "count": 1,
      "avg_lat": 137.0,
      "avg_score": 99.08666666666667
    },
    "trojan": {
      "count": 63,
      "avg_lat": 143.5079365079365,
      "avg_score": 99.04328042328042
    }
  }
}