{
  "scan_timestamp": "2025-11-07T16:29:27.529786+00:00",
  "duration_seconds": 1126.32,
  "performance_metrics": {
    "total_processed": 474,
    "valid_configs": 324,
    "duplicates": 0,
    "failed_tests": 150,
    "success_rate": 68.35,
    "avg_latency_ms": 166.55,
    "avg_score": 98.89
  },
  "protocol_summary": {
    "vmess": {
      "count": 59,
      "avg_lat": 159.3050847457627,
      "avg_score": 98.93796610169491
    },
    "vless": {
      "count": 260,
      "avg_lat": 169.46923076923076,
      "avg_score": 98.87020512820513
    },
    "ss": {
      "count": 0,
      "avg_lat": 0.0,
      "avg_score": 0.0
    },
    "trojan": {
      "count": 5,
      "avg_lat": 100.0,
      "avg_score": 99.33333333333333
    }
  }
}