{
  "scan_timestamp": "2025-11-28T23:24:00.566024+00:00",
  "duration_seconds": 881.02,
  "performance_metrics": {
    "total_processed": 474,
    "valid_configs": 208,
    "duplicates": 0,
    "failed_tests": 266,
    "success_rate": 43.88,
    "avg_latency_ms": 123.26,
    "avg_score": 99.18
  },
  "protocol_summary": {
    "vmess": {
      "count": 34,
      "avg_lat": 136.35294117647058,
      "avg_score": 99.09098039215687
    },
    "vless": {
      "count": 88,
      "avg_lat": 82.125,
      "avg_score": 99.4525
    },
    "ss": {
      "count": 0,
      "avg_lat": 0.0,
      "avg_score": 0.0
    },
    "trojan": {
      "count": 86,
      "avg_lat": 160.1860465116279,
      "avg_score": 98.93209302325582
    }
  }
}