{
  "scan_timestamp": "2025-11-15T18:30:45.116172+00:00",
  "duration_seconds": 1090.19,
  "performance_metrics": {
    "total_processed": 473,
    "valid_configs": 321,
    "duplicates": 0,
    "failed_tests": 152,
    "success_rate": 67.86,
    "avg_latency_ms": 154.87,
    "avg_score": 98.97
  },
  "protocol_summary": {
    "vmess": {
      "count": 49,
      "avg_lat": 169.51020408163265,
      "avg_score": 98.86993197278912
    },
    "vless": {
      "count": 211,
      "avg_lat": 137.7345971563981,
      "avg_score": 99.08176935229068
    },
    "ss": {
      "count": 1,
      "avg_lat": 205.0,
      "avg_score": 98.63333333333334
    },
    "trojan": {
      "count": 60,
      "avg_lat": 202.35,
      "avg_score": 98.65100000000001
    }
  }
}