{
  "scan_timestamp": "2025-12-06T16:25:56.217180+00:00",
  "duration_seconds": 900.84,
  "performance_metrics": {
    "total_processed": 471,
    "valid_configs": 238,
    "duplicates": 0,
    "failed_tests": 233,
    "success_rate": 50.53,
    "avg_latency_ms": 160.99,
    "avg_score": 98.93
  },
  "protocol_summary": {
    "vmess": {
      "count": 60,
      "avg_lat": 200.6,
      "avg_score": 98.66266666666667
    },
    "vless": {
      "count": 131,
      "avg_lat": 143.78625954198472,
      "avg_score": 99.04142493638676
    },
    "ss": {
      "count": 0,
      "avg_lat": 0.0,
      "avg_score": 0.0
    },
    "trojan": {
      "count": 47,
      "avg_lat": 158.36170212765958,
      "avg_score": 98.94425531914894
    }
  }
}