{
  "scan_timestamp": "2025-11-20T18:28:57.572855+00:00",
  "duration_seconds": 829.0,
  "performance_metrics": {
    "total_processed": 411,
    "valid_configs": 228,
    "duplicates": 0,
    "failed_tests": 183,
    "success_rate": 55.47,
    "avg_latency_ms": 132.32,
    "avg_score": 99.12
  },
  "protocol_summary": {
    "vmess": {
      "count": 48,
      "avg_lat": 145.0625,
      "avg_score": 99.03291666666667
    },
    "vless": {
      "count": 100,
      "avg_lat": 78.28,
      "avg_score": 99.47813333333333
    },
    "ss": {
      "count": 1,
      "avg_lat": 122.0,
      "avg_score": 99.18666666666667
    },
    "trojan": {
      "count": 79,
      "avg_lat": 193.1139240506329,
      "avg_score": 98.71257383966244
    }
  }
}