{
  "scan_timestamp": "2025-11-22T21:22:33.856490+00:00",
  "duration_seconds": 860.24,
  "performance_metrics": {
    "total_processed": 416,
    "valid_configs": 244,
    "duplicates": 0,
    "failed_tests": 172,
    "success_rate": 58.65,
    "avg_latency_ms": 126.96,
    "avg_score": 99.15
  },
  "protocol_summary": {
    "vmess": {
      "count": 47,
      "avg_lat": 121.57446808510639,
      "avg_score": 99.18950354609929
    },
    "vless": {
      "count": 106,
      "avg_lat": 115.11320754716981,
      "avg_score": 99.2325786163522
    },
    "ss": {
      "count": 5,
      "avg_lat": 363.8,
      "avg_score": 97.57466666666667
    },
    "trojan": {
      "count": 86,
      "avg_lat": 130.74418604651163,
      "avg_score": 99.12837209302324
    }
  }
}