{
  "scan_timestamp": "2025-11-28T20:25:21.933753+00:00",
  "duration_seconds": 879.09,
  "performance_metrics": {
    "total_processed": 475,
    "valid_configs": 208,
    "duplicates": 0,
    "failed_tests": 267,
    "success_rate": 43.79,
    "avg_latency_ms": 139.11,
    "avg_score": 99.07
  },
  "protocol_summary": {
    "vmess": {
      "count": 36,
      "avg_lat": 133.38888888888889,
      "avg_score": 99.11074074074074
    },
    "vless": {
      "count": 86,
      "avg_lat": 126.0,
      "avg_score": 99.16
    },
    "ss": {
      "count": 0,
      "avg_lat": 0.0,
      "avg_score": 0.0
    },
    "trojan": {
      "count": 86,
      "avg_lat": 154.61627906976744,
      "avg_score": 98.96922480620154
    }
  }
}