{
  "scan_timestamp": "2025-11-17T20:28:39.031518+00:00",
  "duration_seconds": 1020.5,
  "performance_metrics": {
    "total_processed": 461,
    "valid_configs": 300,
    "duplicates": 0,
    "failed_tests": 161,
    "success_rate": 65.08,
    "avg_latency_ms": 162.22,
    "avg_score": 98.92
  },
  "protocol_summary": {
    "vmess": {
      "count": 49,
      "avg_lat": 211.44897959183675,
      "avg_score": 98.59034013605441
    },
    "vless": {
      "count": 172,
      "avg_lat": 132.2674418604651,
      "avg_score": 99.11821705426355
    },
    "ss": {
      "count": 1,
      "avg_lat": 138.0,
      "avg_score": 99.08
    },
    "trojan": {
      "count": 78,
      "avg_lat": 197.65384615384616,
      "avg_score": 98.6823076923077
    }
  }
}