{
  "scan_timestamp": "2025-11-09T06:33:05.593447+00:00",
  "duration_seconds": 1142.31,
  "performance_metrics": {
    "total_processed": 473,
    "valid_configs": 336,
    "duplicates": 0,
    "failed_tests": 137,
    "success_rate": 71.04,
    "avg_latency_ms": 147.1,
    "avg_score": 99.02
  },
  "protocol_summary": {
    "vmess": {
      "count": 69,
      "avg_lat": 135.14492753623188,
      "avg_score": 99.09903381642512
    },
    "vless": {
      "count": 247,
      "avg_lat": 137.59919028340082,
      "avg_score": 99.08267206477733
    },
    "ss": {
      "count": 1,
      "avg_lat": 181.0,
      "avg_score": 98.79333333333334
    },
    "trojan": {
      "count": 19,
      "avg_lat": 312.1578947368421,
      "avg_score": 97.91894736842106
    }
  }
}