{
  "scan_timestamp": "2025-10-27T08:29:07.712760+00:00",
  "duration_seconds": 839.53,
  "performance_metrics": {
    "total_processed": 380,
    "valid_configs": 225,
    "duplicates": 0,
    "failed_tests": 155,
    "success_rate": 59.21,
    "avg_latency_ms": 106.54,
    "avg_score": 99.29
  },
  "protocol_summary": {
    "vmess": {
      "count": 67,
      "avg_lat": 154.43283582089552,
      "avg_score": 98.97044776119404
    },
    "vless": {
      "count": 120,
      "avg_lat": 68.93333333333334,
      "avg_score": 99.54044444444443
    },
    "ss": {
      "count": 1,
      "avg_lat": 145.0,
      "avg_score": 99.03333333333333
    },
    "trojan": {
      "count": 37,
      "avg_lat": 140.72972972972974,
      "avg_score": 99.0618018018018
    }
  }
}