{
  "scan_timestamp": "2025-11-15T06:32:23.409038+00:00",
  "duration_seconds": 1122.03,
  "performance_metrics": {
    "total_processed": 474,
    "valid_configs": 341,
    "duplicates": 0,
    "failed_tests": 133,
    "success_rate": 71.94,
    "avg_latency_ms": 136.31,
    "avg_score": 99.09
  },
  "protocol_summary": {
    "vmess": {
      "count": 39,
      "avg_lat": 297.3333333333333,
      "avg_score": 98.01777777777777
    },
    "vless": {
      "count": 240,
      "avg_lat": 106.9125,
      "avg_score": 99.28725
    },
    "ss": {
      "count": 1,
      "avg_lat": 142.0,
      "avg_score": 99.05333333333333
    },
    "trojan": {
      "count": 61,
      "avg_lat": 148.91803278688525,
      "avg_score": 99.0072131147541
    }
  }
}