{
  "scan_timestamp": "2025-11-06T06:34:48.043902+00:00",
  "duration_seconds": 1146.56,
  "performance_metrics": {
    "total_processed": 478,
    "valid_configs": 346,
    "duplicates": 0,
    "failed_tests": 132,
    "success_rate": 72.38,
    "avg_latency_ms": 142.49,
    "avg_score": 99.05
  },
  "protocol_summary": {
    "vmess": {
      "count": 57,
      "avg_lat": 220.6315789473684,
      "avg_score": 98.52912280701754
    },
    "vless": {
      "count": 281,
      "avg_lat": 125.20640569395017,
      "avg_score": 99.165290628707
    },
    "ss": {
      "count": 0,
      "avg_lat": 0.0,
      "avg_score": 0.0
    },
    "trojan": {
      "count": 8,
      "avg_lat": 192.625,
      "avg_score": 98.71583333333334
    }
  }
}