{
  "scan_timestamp": "2025-11-29T14:24:37.828712+00:00",
  "duration_seconds": 953.21,
  "performance_metrics": {
    "total_processed": 474,
    "valid_configs": 242,
    "duplicates": 0,
    "failed_tests": 232,
    "success_rate": 51.05,
    "avg_latency_ms": 162.78,
    "avg_score": 98.91
  },
  "protocol_summary": {
    "vmess": {
      "count": 36,
      "avg_lat": 150.72222222222223,
      "avg_score": 98.99518518518519
    },
    "vless": {
      "count": 115,
      "avg_lat": 135.4695652173913,
      "avg_score": 99.09686956521739
    },
    "ss": {
      "count": 0,
      "avg_lat": 0.0,
      "avg_score": 0.0
    },
    "trojan": {
      "count": 91,
      "avg_lat": 202.06593406593407,
      "avg_score": 98.65289377289378
    }
  }
}