{
  "scan_timestamp": "2025-11-23T08:28:37.708176+00:00",
  "duration_seconds": 951.0,
  "performance_metrics": {
    "total_processed": 456,
    "valid_configs": 284,
    "duplicates": 0,
    "failed_tests": 172,
    "success_rate": 62.28,
    "avg_latency_ms": 157.22,
    "avg_score": 98.95
  },
  "protocol_summary": {
    "vmess": {
      "count": 39,
      "avg_lat": 157.02564102564102,
      "avg_score": 98.95316239316239
    },
    "vless": {
      "count": 132,
      "avg_lat": 128.6439393939394,
      "avg_score": 99.14237373737373
    },
    "ss": {
      "count": 0,
      "avg_lat": 0.0,
      "avg_score": 0.0
    },
    "trojan": {
      "count": 113,
      "avg_lat": 190.67256637168143,
      "avg_score": 98.72884955752212
    }
  }
}