{
  "scan_timestamp": "2025-12-06T15:23:41.026993+00:00",
  "duration_seconds": 887.83,
  "performance_metrics": {
    "total_processed": 471,
    "valid_configs": 238,
    "duplicates": 0,
    "failed_tests": 233,
    "success_rate": 50.53,
    "avg_latency_ms": 147.2,
    "avg_score": 99.02
  },
  "protocol_summary": {
    "vmess": {
      "count": 66,
      "avg_lat": 186.36363636363637,
      "avg_score": 98.75757575757575
    },
    "vless": {
      "count": 124,
      "avg_lat": 103.19354838709677,
      "avg_score": 99.31204301075269
    },
    "ss": {
      "count": 0,
      "avg_lat": 0.0,
      "avg_score": 0.0
    },
    "trojan": {
      "count": 48,
      "avg_lat": 207.02083333333334,
      "avg_score": 98.6198611111111
    }
  }
}