{
  "scan_timestamp": "2025-12-01T06:35:35.659192+00:00",
  "duration_seconds": 1070.08,
  "performance_metrics": {
    "total_processed": 476,
    "valid_configs": 321,
    "duplicates": 0,
    "failed_tests": 155,
    "success_rate": 67.44,
    "avg_latency_ms": 191.11,
    "avg_score": 98.73
  },
  "protocol_summary": {
    "vmess": {
      "count": 80,
      "avg_lat": 302.65,
      "avg_score": 97.98233333333334
    },
    "vless": {
      "count": 196,
      "avg_lat": 140.76020408163265,
      "avg_score": 99.06159863945578
    },
    "ss": {
      "count": 0,
      "avg_lat": 0.0,
      "avg_score": 0.0
    },
    "trojan": {
      "count": 45,
      "avg_lat": 212.0888888888889,
      "avg_score": 98.58607407407406
    }
  }
}