{
  "scan_timestamp": "2025-11-01T19:18:28.445100+00:00",
  "duration_seconds": 799.48,
  "performance_metrics": {
    "total_processed": 374,
    "valid_configs": 194,
    "duplicates": 0,
    "failed_tests": 180,
    "success_rate": 51.87,
    "avg_latency_ms": 236.99,
    "avg_score": 98.42
  },
  "protocol_summary": {
    "vmess": {
      "count": 101,
      "avg_lat": 350.26732673267327,
      "avg_score": 97.66488448844885
    },
    "vless": {
      "count": 78,
      "avg_lat": 118.93589743589743,
      "avg_score": 99.20709401709402
    },
    "ss": {
      "count": 1,
      "avg_lat": 135.0,
      "avg_score": 99.1
    },
    "trojan": {
      "count": 14,
      "avg_lat": 84.78571428571429,
      "avg_score": 99.4347619047619
    }
  }
}