{
  "scan_timestamp": "2025-11-22T07:23:23.560711+00:00",
  "duration_seconds": 870.41,
  "performance_metrics": {
    "total_processed": 410,
    "valid_configs": 250,
    "duplicates": 0,
    "failed_tests": 160,
    "success_rate": 60.98,
    "avg_latency_ms": 133.82,
    "avg_score": 99.11
  },
  "protocol_summary": {
    "vmess": {
      "count": 47,
      "avg_lat": 159.0,
      "avg_score": 98.94000000000001
    },
    "vless": {
      "count": 117,
      "avg_lat": 128.67521367521368,
      "avg_score": 99.14216524216525
    },
    "ss": {
      "count": 0,
      "avg_lat": 0.0,
      "avg_score": 0.0
    },
    "trojan": {
      "count": 86,
      "avg_lat": 127.04651162790698,
      "avg_score": 99.15302325581395
    }
  }
}