{
  "scan_timestamp": "2025-12-04T20:29:10.121784+00:00",
  "duration_seconds": 1037.94,
  "performance_metrics": {
    "total_processed": 475,
    "valid_configs": 291,
    "duplicates": 0,
    "failed_tests": 184,
    "success_rate": 61.26,
    "avg_latency_ms": 170.04,
    "avg_score": 98.87
  },
  "protocol_summary": {
    "vmess": {
      "count": 108,
      "avg_lat": 182.9351851851852,
      "avg_score": 98.78043209876543
    },
    "vless": {
      "count": 139,
      "avg_lat": 150.41007194244605,
      "avg_score": 98.99726618705037
    },
    "ss": {
      "count": 0,
      "avg_lat": 0.0,
      "avg_score": 0.0
    },
    "trojan": {
      "count": 44,
      "avg_lat": 200.4318181818182,
      "avg_score": 98.66378787878789
    }
  }
}