{
  "scan_timestamp": "2025-12-06T04:29:11.707636+00:00",
  "duration_seconds": 1034.8,
  "performance_metrics": {
    "total_processed": 479,
    "valid_configs": 276,
    "duplicates": 0,
    "failed_tests": 203,
    "success_rate": 57.62,
    "avg_latency_ms": 139.7,
    "avg_score": 99.07
  },
  "protocol_summary": {
    "vmess": {
      "count": 96,
      "avg_lat": 149.88541666666666,
      "avg_score": 99.0007638888889
    },
    "vless": {
      "count": 125,
      "avg_lat": 103.952,
      "avg_score": 99.30698666666666
    },
    "ss": {
      "count": 0,
      "avg_lat": 0.0,
      "avg_score": 0.0
    },
    "trojan": {
      "count": 55,
      "avg_lat": 203.16363636363636,
      "avg_score": 98.64557575757576
    }
  }
}