{
  "scan_timestamp": "2025-11-13T01:06:42.056553+00:00",
  "duration_seconds": 1185.55,
  "performance_metrics": {
    "total_processed": 481,
    "valid_configs": 365,
    "duplicates": 0,
    "failed_tests": 116,
    "success_rate": 75.88,
    "avg_latency_ms": 148.03,
    "avg_score": 99.01
  },
  "protocol_summary": {
    "vmess": {
      "count": 35,
      "avg_lat": 166.5142857142857,
      "avg_score": 98.88990476190476
    },
    "vless": {
      "count": 282,
      "avg_lat": 141.64893617021278,
      "avg_score": 99.05567375886525
    },
    "ss": {
      "count": 1,
      "avg_lat": 172.0,
      "avg_score": 98.85333333333334
    },
    "trojan": {
      "count": 47,
      "avg_lat": 172.04255319148936,
      "avg_score": 98.85304964539007
    }
  }
}