{
  "scan_timestamp": "2025-11-10T18:33:48.443193+00:00",
  "duration_seconds": 1146.96,
  "performance_metrics": {
    "total_processed": 478,
    "valid_configs": 327,
    "duplicates": 0,
    "failed_tests": 151,
    "success_rate": 68.41,
    "avg_latency_ms": 157.56,
    "avg_score": 98.95
  },
  "protocol_summary": {
    "vmess": {
      "count": 52,
      "avg_lat": 159.07692307692307,
      "avg_score": 98.93948717948719
    },
    "vless": {
      "count": 248,
      "avg_lat": 153.51612903225808,
      "avg_score": 98.97655913978495
    },
    "ss": {
      "count": 1,
      "avg_lat": 180.0,
      "avg_score": 98.8
    },
    "trojan": {
      "count": 26,
      "avg_lat": 192.19230769230768,
      "avg_score": 98.71871794871794
    }
  }
}