{
  "scan_timestamp": "2025-11-27T11:25:20.213255+00:00",
  "duration_seconds": 945.64,
  "performance_metrics": {
    "total_processed": 480,
    "valid_configs": 226,
    "duplicates": 0,
    "failed_tests": 254,
    "success_rate": 47.08,
    "avg_latency_ms": 171.27,
    "avg_score": 98.86
  },
  "protocol_summary": {
    "vmess": {
      "count": 34,
      "avg_lat": 171.91176470588235,
      "avg_score": 98.85392156862746
    },
    "vless": {
      "count": 103,
      "avg_lat": 129.24271844660194,
      "avg_score": 99.13838187702267
    },
    "ss": {
      "count": 0,
      "avg_lat": 0.0,
      "avg_score": 0.0
    },
    "trojan": {
      "count": 89,
      "avg_lat": 219.65168539325842,
      "avg_score": 98.53565543071161
    }
  }
}