{
  "scan_timestamp": "2025-11-07T20:29:52.796629+00:00",
  "duration_seconds": 1122.44,
  "performance_metrics": {
    "total_processed": 475,
    "valid_configs": 332,
    "duplicates": 0,
    "failed_tests": 143,
    "success_rate": 69.89,
    "avg_latency_ms": 146.48,
    "avg_score": 99.02
  },
  "protocol_summary": {
    "vmess": {
      "count": 64,
      "avg_lat": 180.96875,
      "avg_score": 98.79354166666667
    },
    "vless": {
      "count": 263,
      "avg_lat": 136.7110266159696,
      "avg_score": 99.08859315589353
    },
    "ss": {
      "count": 0,
      "avg_lat": 0.0,
      "avg_score": 0.0
    },
    "trojan": {
      "count": 5,
      "avg_lat": 219.2,
      "avg_score": 98.53866666666667
    }
  }
}