{
  "scan_timestamp": "2025-11-19T02:42:04.499603+00:00",
  "duration_seconds": 987.97,
  "performance_metrics": {
    "total_processed": 428,
    "valid_configs": 268,
    "duplicates": 0,
    "failed_tests": 160,
    "success_rate": 62.62,
    "avg_latency_ms": 126.27,
    "avg_score": 99.16
  },
  "protocol_summary": {
    "vmess": {
      "count": 33,
      "avg_lat": 112.36363636363636,
      "avg_score": 99.25090909090909
    },
    "vless": {
      "count": 170,
      "avg_lat": 98.68235294117648,
      "avg_score": 99.34211764705883
    },
    "ss": {
      "count": 1,
      "avg_lat": 202.0,
      "avg_score": 98.65333333333334
    },
    "trojan": {
      "count": 64,
      "avg_lat": 205.53125,
      "avg_score": 98.62979166666666
    }
  }
}