{
  "scan_timestamp": "2025-11-06T07:29:59.121391+00:00",
  "duration_seconds": 1145.07,
  "performance_metrics": {
    "total_processed": 478,
    "valid_configs": 343,
    "duplicates": 0,
    "failed_tests": 135,
    "success_rate": 71.76,
    "avg_latency_ms": 117.86,
    "avg_score": 99.21
  },
  "protocol_summary": {
    "vmess": {
      "count": 54,
      "avg_lat": 113.37037037037037,
      "avg_score": 99.2441975308642
    },
    "vless": {
      "count": 281,
      "avg_lat": 116.66903914590748,
      "avg_score": 99.22220640569394
    },
    "ss": {
      "count": 0,
      "avg_lat": 0.0,
      "avg_score": 0.0
    },
    "trojan": {
      "count": 8,
      "avg_lat": 190.0,
      "avg_score": 98.73333333333333
    }
  }
}