{
  "scan_timestamp": "2025-11-07T13:39:50.926135+00:00",
  "duration_seconds": 1087.71,
  "performance_metrics": {
    "total_processed": 473,
    "valid_configs": 321,
    "duplicates": 0,
    "failed_tests": 152,
    "success_rate": 67.86,
    "avg_latency_ms": 142.5,
    "avg_score": 99.05
  },
  "protocol_summary": {
    "vmess": {
      "count": 53,
      "avg_lat": 186.9056603773585,
      "avg_score": 98.75396226415094
    },
    "vless": {
      "count": 260,
      "avg_lat": 132.06923076923076,
      "avg_score": 99.11953846153847
    },
    "ss": {
      "count": 0,
      "avg_lat": 0.0,
      "avg_score": 0.0
    },
    "trojan": {
      "count": 8,
      "avg_lat": 187.125,
      "avg_score": 98.7525
    }
  }
}