{
  "scan_timestamp": "2025-11-28T09:26:42.808041+00:00",
  "duration_seconds": 906.67,
  "performance_metrics": {
    "total_processed": 477,
    "valid_configs": 218,
    "duplicates": 0,
    "failed_tests": 259,
    "success_rate": 45.7,
    "avg_latency_ms": 175.47,
    "avg_score": 98.83
  },
  "protocol_summary": {
    "vmess": {
      "count": 43,
      "avg_lat": 194.97674418604652,
      "avg_score": 98.70015503875969
    },
    "vless": {
      "count": 98,
      "avg_lat": 109.08163265306122,
      "avg_score": 99.27278911564626
    },
    "ss": {
      "count": 0,
      "avg_lat": 0.0,
      "avg_score": 0.0
    },
    "trojan": {
      "count": 77,
      "avg_lat": 249.07792207792207,
      "avg_score": 98.33948051948052
    }
  }
}