{
  "scan_timestamp": "2025-11-27T00:58:51.402030+00:00",
  "duration_seconds": 774.88,
  "performance_metrics": {
    "total_processed": 387,
    "valid_configs": 213,
    "duplicates": 0,
    "failed_tests": 174,
    "success_rate": 55.04,
    "avg_latency_ms": 135.99,
    "avg_score": 99.09
  },
  "protocol_summary": {
    "vmess": {
      "count": 47,
      "avg_lat": 155.06382978723406,
      "avg_score": 98.96624113475177
    },
    "vless": {
      "count": 101,
      "avg_lat": 104.73267326732673,
      "avg_score": 99.30178217821782
    },
    "ss": {
      "count": 0,
      "avg_lat": 0.0,
      "avg_score": 0.0
    },
    "trojan": {
      "count": 65,
      "avg_lat": 170.76923076923077,
      "avg_score": 98.86153846153846
    }
  }
}