{
  "scan_timestamp": "2025-11-19T10:26:31.488020+00:00",
  "duration_seconds": 894.17,
  "performance_metrics": {
    "total_processed": 423,
    "valid_configs": 251,
    "duplicates": 0,
    "failed_tests": 172,
    "success_rate": 59.34,
    "avg_latency_ms": 166.09,
    "avg_score": 98.89
  },
  "protocol_summary": {
    "vmess": {
      "count": 39,
      "avg_lat": 224.43589743589743,
      "avg_score": 98.50376068376067
    },
    "vless": {
      "count": 119,
      "avg_lat": 143.57142857142858,
      "avg_score": 99.04285714285714
    },
    "ss": {
      "count": 1,
      "avg_lat": 157.0,
      "avg_score": 98.95333333333333
    },
    "trojan": {
      "count": 92,
      "avg_lat": 170.58695652173913,
      "avg_score": 98.8627536231884
    }
  }
}