{
  "scan_timestamp": "2025-11-20T01:00:07.309346+00:00",
  "duration_seconds": 873.14,
  "performance_metrics": {
    "total_processed": 412,
    "valid_configs": 245,
    "duplicates": 0,
    "failed_tests": 167,
    "success_rate": 59.47,
    "avg_latency_ms": 140.74,
    "avg_score": 99.06
  },
  "protocol_summary": {
    "vmess": {
      "count": 49,
      "avg_lat": 164.53061224489795,
      "avg_score": 98.90312925170068
    },
    "vless": {
      "count": 119,
      "avg_lat": 126.22689075630252,
      "avg_score": 99.15848739495799
    },
    "ss": {
      "count": 1,
      "avg_lat": 171.0,
      "avg_score": 98.86
    },
    "trojan": {
      "count": 76,
      "avg_lat": 147.72368421052633,
      "avg_score": 99.0151754385965
    }
  }
}