{
  "scan_timestamp": "2025-11-04T04:25:07.511422+00:00",
  "duration_seconds": 748.21,
  "performance_metrics": {
    "total_processed": 357,
    "valid_configs": 169,
    "duplicates": 0,
    "failed_tests": 188,
    "success_rate": 47.34,
    "avg_latency_ms": 88.61,
    "avg_score": 99.41
  },
  "protocol_summary": {
    "vmess": {
      "count": 53,
      "avg_lat": 133.62264150943398,
      "avg_score": 99.1091823899371
    },
    "vless": {
      "count": 94,
      "avg_lat": 62.680851063829785,
      "avg_score": 99.58212765957447
    },
    "ss": {
      "count": 1,
      "avg_lat": 185.0,
      "avg_score": 98.76666666666667
    },
    "trojan": {
      "count": 21,
      "avg_lat": 86.47619047619048,
      "avg_score": 99.42349206349206
    }
  }
}