{
  "scan_timestamp": "2025-11-05T06:34:33.462129+00:00",
  "duration_seconds": 1130.72,
  "performance_metrics": {
    "total_processed": 474,
    "valid_configs": 327,
    "duplicates": 0,
    "failed_tests": 147,
    "success_rate": 68.99,
    "avg_latency_ms": 149.39,
    "avg_score": 99.0
  },
  "protocol_summary": {
    "vmess": {
      "count": 49,
      "avg_lat": 157.9591836734694,
      "avg_score": 98.94693877551019
    },
    "vless": {
      "count": 267,
      "avg_lat": 148.39700374531836,
      "avg_score": 99.01068664169787
    },
    "ss": {
      "count": 1,
      "avg_lat": 149.0,
      "avg_score": 99.00666666666666
    },
    "trojan": {
      "count": 10,
      "avg_lat": 134.1,
      "avg_score": 99.10600000000001
    }
  }
}