{
  "scan_timestamp": "2025-11-13T21:28:48.190977+00:00",
  "duration_seconds": 1125.64,
  "performance_metrics": {
    "total_processed": 481,
    "valid_configs": 339,
    "duplicates": 0,
    "failed_tests": 142,
    "success_rate": 70.48,
    "avg_latency_ms": 109.8,
    "avg_score": 99.27
  },
  "protocol_summary": {
    "vmess": {
      "count": 40,
      "avg_lat": 161.1,
      "avg_score": 98.926
    },
    "vless": {
      "count": 253,
      "avg_lat": 94.00395256916995,
      "avg_score": 99.3733069828722
    },
    "ss": {
      "count": 1,
      "avg_lat": 132.0,
      "avg_score": 99.12
    },
    "trojan": {
      "count": 45,
      "avg_lat": 152.51111111111112,
      "avg_score": 98.98325925925927
    }
  }
}