{
  "scan_timestamp": "2025-12-02T02:47:14.322726+00:00",
  "duration_seconds": 1043.72,
  "performance_metrics": {
    "total_processed": 484,
    "valid_configs": 303,
    "duplicates": 0,
    "failed_tests": 181,
    "success_rate": 62.6,
    "avg_latency_ms": 182.44,
    "avg_score": 98.78
  },
  "protocol_summary": {
    "vmess": {
      "count": 77,
      "avg_lat": 262.8961038961039,
      "avg_score": 98.24735930735932
    },
    "vless": {
      "count": 158,
      "avg_lat": 152.0,
      "avg_score": 98.98666666666666
    },
    "ss": {
      "count": 0,
      "avg_lat": 0.0,
      "avg_score": 0.0
    },
    "trojan": {
      "count": 68,
      "avg_lat": 162.0735294117647,
      "avg_score": 98.91950980392157
    }
  }
}