{
  "scan_timestamp": "2025-11-28T11:24:00.967520+00:00",
  "duration_seconds": 895.13,
  "performance_metrics": {
    "total_processed": 477,
    "valid_configs": 208,
    "duplicates": 0,
    "failed_tests": 269,
    "success_rate": 43.61,
    "avg_latency_ms": 183.26,
    "avg_score": 98.78
  },
  "protocol_summary": {
    "vmess": {
      "count": 40,
      "avg_lat": 240.7,
      "avg_score": 98.39533333333334
    },
    "vless": {
      "count": 97,
      "avg_lat": 146.39175257731958,
      "avg_score": 99.02405498281787
    },
    "ss": {
      "count": 0,
      "avg_lat": 0.0,
      "avg_score": 0.0
    },
    "trojan": {
      "count": 71,
      "avg_lat": 201.28169014084506,
      "avg_score": 98.6581220657277
    }
  }
}