{
  "scan_timestamp": "2025-10-28T06:30:14.858686+00:00",
  "duration_seconds": 851.72,
  "performance_metrics": {
    "total_processed": 396,
    "valid_configs": 227,
    "duplicates": 0,
    "failed_tests": 169,
    "success_rate": 57.32,
    "avg_latency_ms": 139.96,
    "avg_score": 99.07
  },
  "protocol_summary": {
    "vmess": {
      "count": 69,
      "avg_lat": 202.28985507246378,
      "avg_score": 98.65140096618357
    },
    "vless": {
      "count": 121,
      "avg_lat": 90.97520661157024,
      "avg_score": 99.39349862258953
    },
    "ss": {
      "count": 1,
      "avg_lat": 188.0,
      "avg_score": 98.74666666666667
    },
    "trojan": {
      "count": 36,
      "avg_lat": 183.77777777777777,
      "avg_score": 98.77481481481482
    }
  }
}