{
  "scan_timestamp": "2025-12-04T12:37:26.267394+00:00",
  "duration_seconds": 980.94,
  "performance_metrics": {
    "total_processed": 474,
    "valid_configs": 269,
    "duplicates": 0,
    "failed_tests": 205,
    "success_rate": 56.75,
    "avg_latency_ms": 181.41,
    "avg_score": 98.79
  },
  "protocol_summary": {
    "vmess": {
      "count": 75,
      "avg_lat": 235.82666666666665,
      "avg_score": 98.42782222222223
    },
    "vless": {
      "count": 146,
      "avg_lat": 149.58904109589042,
      "avg_score": 99.0027397260274
    },
    "ss": {
      "count": 0,
      "avg_lat": 0.0,
      "avg_score": 0.0
    },
    "trojan": {
      "count": 48,
      "avg_lat": 193.1875,
      "avg_score": 98.71208333333334
    }
  }
}