{
  "scan_timestamp": "2025-10-31T04:25:48.626352+00:00",
  "duration_seconds": 728.09,
  "performance_metrics": {
    "total_processed": 371,
    "valid_configs": 186,
    "duplicates": 0,
    "failed_tests": 185,
    "success_rate": 50.13,
    "avg_latency_ms": 115.05,
    "avg_score": 99.23
  },
  "protocol_summary": {
    "vmess": {
      "count": 64,
      "avg_lat": 198.0625,
      "avg_score": 98.67958333333334
    },
    "vless": {
      "count": 104,
      "avg_lat": 56.92307692307692,
      "avg_score": 99.62051282051281
    },
    "ss": {
      "count": 1,
      "avg_lat": 125.0,
      "avg_score": 99.16666666666667
    },
    "trojan": {
      "count": 17,
      "avg_lat": 157.52941176470588,
      "avg_score": 98.94980392156862
    }
  }
}