{
  "scan_timestamp": "2025-11-15T01:04:36.788216+00:00",
  "duration_seconds": 1150.65,
  "performance_metrics": {
    "total_processed": 479,
    "valid_configs": 350,
    "duplicates": 0,
    "failed_tests": 129,
    "success_rate": 73.07,
    "avg_latency_ms": 124.48,
    "avg_score": 99.17
  },
  "protocol_summary": {
    "vmess": {
      "count": 37,
      "avg_lat": 128.35135135135135,
      "avg_score": 99.14432432432433
    },
    "vless": {
      "count": 251,
      "avg_lat": 121.0796812749004,
      "avg_score": 99.192802124834
    },
    "ss": {
      "count": 1,
      "avg_lat": 135.0,
      "avg_score": 99.1
    },
    "trojan": {
      "count": 61,
      "avg_lat": 135.9344262295082,
      "avg_score": 99.09377049180328
    }
  }
}