{
  "scan_timestamp": "2025-11-18T06:32:32.538039+00:00",
  "duration_seconds": 1013.92,
  "performance_metrics": {
    "total_processed": 465,
    "valid_configs": 306,
    "duplicates": 0,
    "failed_tests": 159,
    "success_rate": 65.81,
    "avg_latency_ms": 166.78,
    "avg_score": 98.89
  },
  "protocol_summary": {
    "vmess": {
      "count": 47,
      "avg_lat": 255.91489361702128,
      "avg_score": 98.29390070921986
    },
    "vless": {
      "count": 166,
      "avg_lat": 142.9277108433735,
      "avg_score": 99.04714859437752
    },
    "ss": {
      "count": 1,
      "avg_lat": 159.0,
      "avg_score": 98.94
    },
    "trojan": {
      "count": 92,
      "avg_lat": 164.3695652173913,
      "avg_score": 98.90420289855072
    }
  }
}