{
  "scan_timestamp": "2025-11-02T11:20:54.927467+00:00",
  "duration_seconds": 811.82,
  "performance_metrics": {
    "total_processed": 378,
    "valid_configs": 195,
    "duplicates": 0,
    "failed_tests": 183,
    "success_rate": 51.59,
    "avg_latency_ms": 121.37,
    "avg_score": 99.19
  },
  "protocol_summary": {
    "vmess": {
      "count": 52,
      "avg_lat": 174.42307692307693,
      "avg_score": 98.8371794871795
    },
    "vless": {
      "count": 119,
      "avg_lat": 99.61344537815125,
      "avg_score": 99.33591036414566
    },
    "ss": {
      "count": 1,
      "avg_lat": 180.0,
      "avg_score": 98.8
    },
    "trojan": {
      "count": 23,
      "avg_lat": 111.43478260869566,
      "avg_score": 99.25710144927537
    }
  }
}