{
  "scan_timestamp": "2025-11-02T03:55:17.685926+00:00",
  "duration_seconds": 933.66,
  "performance_metrics": {
    "total_processed": 439,
    "valid_configs": 235,
    "duplicates": 0,
    "failed_tests": 204,
    "success_rate": 53.53,
    "avg_latency_ms": 168.05,
    "avg_score": 98.88
  },
  "protocol_summary": {
    "vmess": {
      "count": 90,
      "avg_lat": 251.3,
      "avg_score": 98.32466666666666
    },
    "vless": {
      "count": 116,
      "avg_lat": 88.41379310344827,
      "avg_score": 99.41057471264368
    },
    "ss": {
      "count": 1,
      "avg_lat": 121.0,
      "avg_score": 99.19333333333333
    },
    "trojan": {
      "count": 28,
      "avg_lat": 232.03571428571428,
      "avg_score": 98.45309523809523
    }
  }
}