{
  "scan_timestamp": "2025-10-29T06:29:45.532004+00:00",
  "duration_seconds": 818.79,
  "performance_metrics": {
    "total_processed": 393,
    "valid_configs": 220,
    "duplicates": 0,
    "failed_tests": 173,
    "success_rate": 55.98,
    "avg_latency_ms": 131.44,
    "avg_score": 99.12
  },
  "protocol_summary": {
    "vmess": {
      "count": 68,
      "avg_lat": 185.47058823529412,
      "avg_score": 98.76352941176471
    },
    "vless": {
      "count": 121,
      "avg_lat": 88.87603305785125,
      "avg_score": 99.40749311294766
    },
    "ss": {
      "count": 1,
      "avg_lat": 192.0,
      "avg_score": 98.72
    },
    "trojan": {
      "count": 30,
      "avg_lat": 178.63333333333333,
      "avg_score": 98.80911111111111
    }
  }
}