{
  "scan_timestamp": "2025-10-30T02:39:03.697792+00:00",
  "duration_seconds": 764.63,
  "performance_metrics": {
    "total_processed": 365,
    "valid_configs": 200,
    "duplicates": 0,
    "failed_tests": 165,
    "success_rate": 54.79,
    "avg_latency_ms": 112.5,
    "avg_score": 99.25
  },
  "protocol_summary": {
    "vmess": {
      "count": 62,
      "avg_lat": 140.58064516129033,
      "avg_score": 99.06279569892473
    },
    "vless": {
      "count": 123,
      "avg_lat": 94.55284552845528,
      "avg_score": 99.36964769647697
    },
    "ss": {
      "count": 1,
      "avg_lat": 182.0,
      "avg_score": 98.78666666666666
    },
    "trojan": {
      "count": 14,
      "avg_lat": 140.92857142857142,
      "avg_score": 99.06047619047618
    }
  }
}