{
  "scan_timestamp": "2025-11-29T03:53:56.507111+00:00",
  "duration_seconds": 897.56,
  "performance_metrics": {
    "total_processed": 474,
    "valid_configs": 202,
    "duplicates": 0,
    "failed_tests": 272,
    "success_rate": 42.62,
    "avg_latency_ms": 187.24,
    "avg_score": 98.75
  },
  "protocol_summary": {
    "vmess": {
      "count": 33,
      "avg_lat": 164.21212121212122,
      "avg_score": 98.90525252525254
    },
    "vless": {
      "count": 85,
      "avg_lat": 140.23529411764707,
      "avg_score": 99.06509803921568
    },
    "ss": {
      "count": 0,
      "avg_lat": 0.0,
      "avg_score": 0.0
    },
    "trojan": {
      "count": 84,
      "avg_lat": 243.8452380952381,
      "avg_score": 98.37436507936508
    }
  }
}