{
  "scan_timestamp": "2025-10-28T14:23:51.945975+00:00",
  "duration_seconds": 794.21,
  "performance_metrics": {
    "total_processed": 371,
    "valid_configs": 210,
    "duplicates": 0,
    "failed_tests": 161,
    "success_rate": 56.6,
    "avg_latency_ms": 157.02,
    "avg_score": 98.95
  },
  "protocol_summary": {
    "vmess": {
      "count": 65,
      "avg_lat": 273.2769230769231,
      "avg_score": 98.17815384615385
    },
    "vless": {
      "count": 121,
      "avg_lat": 85.45454545454545,
      "avg_score": 99.43030303030304
    },
    "ss": {
      "count": 1,
      "avg_lat": 160.0,
      "avg_score": 98.93333333333334
    },
    "trojan": {
      "count": 23,
      "avg_lat": 204.8695652173913,
      "avg_score": 98.63420289855073
    }
  }
}