{
  "scan_timestamp": "2025-11-11T06:34:26.919922+00:00",
  "duration_seconds": 1099.93,
  "performance_metrics": {
    "total_processed": 478,
    "valid_configs": 332,
    "duplicates": 0,
    "failed_tests": 146,
    "success_rate": 69.46,
    "avg_latency_ms": 143.6,
    "avg_score": 99.04
  },
  "protocol_summary": {
    "vmess": {
      "count": 54,
      "avg_lat": 245.07407407407408,
      "avg_score": 98.36617283950618
    },
    "vless": {
      "count": 238,
      "avg_lat": 113.47478991596638,
      "avg_score": 99.24350140056023
    },
    "ss": {
      "count": 1,
      "avg_lat": 137.0,
      "avg_score": 99.08666666666667
    },
    "trojan": {
      "count": 39,
      "avg_lat": 187.07692307692307,
      "avg_score": 98.75282051282052
    }
  }
}