{
  "scan_timestamp": "2025-11-30T11:24:09.852357+00:00",
  "duration_seconds": 984.79,
  "performance_metrics": {
    "total_processed": 473,
    "valid_configs": 271,
    "duplicates": 0,
    "failed_tests": 202,
    "success_rate": 57.29,
    "avg_latency_ms": 163.16,
    "avg_score": 98.91
  },
  "protocol_summary": {
    "vmess": {
      "count": 76,
      "avg_lat": 217.6578947368421,
      "avg_score": 98.54894736842105
    },
    "vless": {
      "count": 108,
      "avg_lat": 118.91666666666667,
      "avg_score": 99.20722222222221
    },
    "ss": {
      "count": 0,
      "avg_lat": 0.0,
      "avg_score": 0.0
    },
    "trojan": {
      "count": 87,
      "avg_lat": 170.48275862068965,
      "avg_score": 98.86344827586208
    }
  }
}