{
  "scan_timestamp": "2025-12-03T11:27:56.485257+00:00",
  "duration_seconds": 1051.52,
  "performance_metrics": {
    "total_processed": 482,
    "valid_configs": 306,
    "duplicates": 0,
    "failed_tests": 176,
    "success_rate": 63.49,
    "avg_latency_ms": 192.62,
    "avg_score": 98.72
  },
  "protocol_summary": {
    "vmess": {
      "count": 80,
      "avg_lat": 283.5875,
      "avg_score": 98.10941666666666
    },
    "vless": {
      "count": 169,
      "avg_lat": 160.18934911242604,
      "avg_score": 98.93207100591717
    },
    "ss": {
      "count": 0,
      "avg_lat": 0.0,
      "avg_score": 0.0
    },
    "trojan": {
      "count": 57,
      "avg_lat": 161.10526315789474,
      "avg_score": 98.92596491228069
    }
  }
}