{
  "scan_timestamp": "2025-10-27T09:26:57.181017+00:00",
  "duration_seconds": 802.76,
  "performance_metrics": {
    "total_processed": 364,
    "valid_configs": 218,
    "duplicates": 0,
    "failed_tests": 146,
    "success_rate": 59.89,
    "avg_latency_ms": 102.91,
    "avg_score": 99.31
  },
  "protocol_summary": {
    "vmess": {
      "count": 68,
      "avg_lat": 143.66176470588235,
      "avg_score": 99.04225490196077
    },
    "vless": {
      "count": 121,
      "avg_lat": 65.14876033057851,
      "avg_score": 99.56567493112948
    },
    "ss": {
      "count": 1,
      "avg_lat": 145.0,
      "avg_score": 99.03333333333333
    },
    "trojan": {
      "count": 28,
      "avg_lat": 165.60714285714286,
      "avg_score": 98.89595238095238
    }
  }
}