{
  "scan_timestamp": "2025-11-21T16:26:04.989058+00:00",
  "duration_seconds": 809.88,
  "performance_metrics": {
    "total_processed": 391,
    "valid_configs": 232,
    "duplicates": 0,
    "failed_tests": 159,
    "success_rate": 59.34,
    "avg_latency_ms": 134.23,
    "avg_score": 99.11
  },
  "protocol_summary": {
    "vmess": {
      "count": 35,
      "avg_lat": 117.0,
      "avg_score": 99.22
    },
    "vless": {
      "count": 112,
      "avg_lat": 130.72321428571428,
      "avg_score": 99.12851190476191
    },
    "ss": {
      "count": 0,
      "avg_lat": 0.0,
      "avg_score": 0.0
    },
    "trojan": {
      "count": 85,
      "avg_lat": 145.94117647058823,
      "avg_score": 99.0270588235294
    }
  }
}