{
  "scan_timestamp": "2025-12-04T19:28:40.082096+00:00",
  "duration_seconds": 1052.29,
  "performance_metrics": {
    "total_processed": 475,
    "valid_configs": 292,
    "duplicates": 0,
    "failed_tests": 183,
    "success_rate": 61.47,
    "avg_latency_ms": 227.9,
    "avg_score": 98.48
  },
  "protocol_summary": {
    "vmess": {
      "count": 109,
      "avg_lat": 334.2110091743119,
      "avg_score": 97.77192660550458
    },
    "vless": {
      "count": 139,
      "avg_lat": 153.75539568345323,
      "avg_score": 98.97496402877698
    },
    "ss": {
      "count": 0,
      "avg_lat": 0.0,
      "avg_score": 0.0
    },
    "trojan": {
      "count": 44,
      "avg_lat": 198.77272727272728,
      "avg_score": 98.6748484848485
    }
  }
}