{
  "scan_timestamp": "2025-11-06T16:32:22.901365+00:00",
  "duration_seconds": 1115.06,
  "performance_metrics": {
    "total_processed": 477,
    "valid_configs": 323,
    "duplicates": 0,
    "failed_tests": 154,
    "success_rate": 67.71,
    "avg_latency_ms": 109.02,
    "avg_score": 99.27
  },
  "protocol_summary": {
    "vmess": {
      "count": 56,
      "avg_lat": 145.25,
      "avg_score": 99.03166666666667
    },
    "vless": {
      "count": 254,
      "avg_lat": 93.81889763779527,
      "avg_score": 99.3745406824147
    },
    "ss": {
      "count": 1,
      "avg_lat": 132.0,
      "avg_score": 99.12
    },
    "trojan": {
      "count": 12,
      "avg_lat": 259.75,
      "avg_score": 98.26833333333333
    }
  }
}