{
  "scan_timestamp": "2025-10-26T16:16:30.611375+00:00",
  "duration_seconds": 343.53,
  "performance_metrics": {
    "total_processed": 156,
    "valid_configs": 91,
    "duplicates": 0,
    "failed_tests": 65,
    "success_rate": 58.33,
    "avg_latency_ms": 179.04,
    "avg_score": 98.81
  },
  "protocol_summary": {
    "vmess": {
      "count": 63,
      "avg_lat": 203.85714285714286,
      "avg_score": 98.64095238095238
    },
    "vless": {
      "count": 10,
      "avg_lat": 39.8,
      "avg_score": 99.73466666666667
    },
    "ss": {
      "count": 0,
      "avg_lat": 0.0,
      "avg_score": 0.0
    },
    "trojan": {
      "count": 18,
      "avg_lat": 169.55555555555554,
      "avg_score": 98.86962962962963
    }
  }
}