{
  "scan_timestamp": "2025-11-24T23:25:36.344417+00:00",
  "duration_seconds": 962.73,
  "performance_metrics": {
    "total_processed": 458,
    "valid_configs": 273,
    "duplicates": 0,
    "failed_tests": 185,
    "success_rate": 59.61,
    "avg_latency_ms": 115.44,
    "avg_score": 99.23
  },
  "protocol_summary": {
    "vmess": {
      "count": 55,
      "avg_lat": 103.83636363636364,
      "avg_score": 99.30775757575756
    },
    "vless": {
      "count": 102,
      "avg_lat": 111.49019607843137,
      "avg_score": 99.2567320261438
    },
    "ss": {
      "count": 0,
      "avg_lat": 0.0,
      "avg_score": 0.0
    },
    "trojan": {
      "count": 116,
      "avg_lat": 124.42241379310344,
      "avg_score": 99.17051724137932
    }
  }
}