{
  "scan_timestamp": "2025-11-15T16:29:11.135489+00:00",
  "duration_seconds": 1143.82,
  "performance_metrics": {
    "total_processed": 474,
    "valid_configs": 332,
    "duplicates": 0,
    "failed_tests": 142,
    "success_rate": 70.04,
    "avg_latency_ms": 124.87,
    "avg_score": 99.17
  },
  "protocol_summary": {
    "vmess": {
      "count": 37,
      "avg_lat": 189.13513513513513,
      "avg_score": 98.7390990990991
    },
    "vless": {
      "count": 237,
      "avg_lat": 100.68776371308017,
      "avg_score": 99.3287482419128
    },
    "ss": {
      "count": 1,
      "avg_lat": 144.0,
      "avg_score": 99.04
    },
    "trojan": {
      "count": 57,
      "avg_lat": 183.3859649122807,
      "avg_score": 98.7774269005848
    }
  }
}