{
  "scan_timestamp": "2025-11-26T18:26:02.864345+00:00",
  "duration_seconds": 776.98,
  "performance_metrics": {
    "total_processed": 393,
    "valid_configs": 214,
    "duplicates": 0,
    "failed_tests": 179,
    "success_rate": 54.45,
    "avg_latency_ms": 130.64,
    "avg_score": 99.13
  },
  "protocol_summary": {
    "vmess": {
      "count": 51,
      "avg_lat": 157.15686274509804,
      "avg_score": 98.95228758169935
    },
    "vless": {
      "count": 99,
      "avg_lat": 106.11111111111111,
      "avg_score": 99.2925925925926
    },
    "ss": {
      "count": 0,
      "avg_lat": 0.0,
      "avg_score": 0.0
    },
    "trojan": {
      "count": 64,
      "avg_lat": 147.453125,
      "avg_score": 99.01697916666667
    }
  }
}