{
  "scan_timestamp": "2025-11-22T11:21:28.746613+00:00",
  "duration_seconds": 857.63,
  "performance_metrics": {
    "total_processed": 415,
    "valid_configs": 245,
    "duplicates": 0,
    "failed_tests": 170,
    "success_rate": 59.04,
    "avg_latency_ms": 151.58,
    "avg_score": 98.99
  },
  "protocol_summary": {
    "vmess": {
      "count": 42,
      "avg_lat": 148.0952380952381,
      "avg_score": 99.01269841269843
    },
    "vless": {
      "count": 111,
      "avg_lat": 163.23423423423424,
      "avg_score": 98.91177177177177
    },
    "ss": {
      "count": 0,
      "avg_lat": 0.0,
      "avg_score": 0.0
    },
    "trojan": {
      "count": 92,
      "avg_lat": 139.1086956521739,
      "avg_score": 99.07260869565218
    }
  }
}