{
  "scan_timestamp": "2025-11-19T16:27:20.807158+00:00",
  "duration_seconds": 824.4,
  "performance_metrics": {
    "total_processed": 419,
    "valid_configs": 220,
    "duplicates": 0,
    "failed_tests": 199,
    "success_rate": 52.51,
    "avg_latency_ms": 153.69,
    "avg_score": 98.98
  },
  "protocol_summary": {
    "vmess": {
      "count": 40,
      "avg_lat": 260.725,
      "avg_score": 98.26183333333333
    },
    "vless": {
      "count": 98,
      "avg_lat": 89.48979591836735,
      "avg_score": 99.40340136054421
    },
    "ss": {
      "count": 1,
      "avg_lat": 128.0,
      "avg_score": 99.14666666666666
    },
    "trojan": {
      "count": 81,
      "avg_lat": 178.82716049382717,
      "avg_score": 98.80781893004115
    }
  }
}