{
  "scan_timestamp": "2025-11-02T01:05:05.428443+00:00",
  "duration_seconds": 889.27,
  "performance_metrics": {
    "total_processed": 413,
    "valid_configs": 226,
    "duplicates": 0,
    "failed_tests": 187,
    "success_rate": 54.72,
    "avg_latency_ms": 206.98,
    "avg_score": 98.62
  },
  "protocol_summary": {
    "vmess": {
      "count": 87,
      "avg_lat": 326.7586206896552,
      "avg_score": 97.82160919540229
    },
    "vless": {
      "count": 117,
      "avg_lat": 125.96581196581197,
      "avg_score": 99.16022792022791
    },
    "ss": {
      "count": 1,
      "avg_lat": 145.0,
      "avg_score": 99.03333333333333
    },
    "trojan": {
      "count": 21,
      "avg_lat": 165.0952380952381,
      "avg_score": 98.89936507936508
    }
  }
}