{
  "scan_timestamp": "2025-11-14T18:31:55.608337+00:00",
  "duration_seconds": 1048.2,
  "performance_metrics": {
    "total_processed": 436,
    "valid_configs": 318,
    "duplicates": 0,
    "failed_tests": 118,
    "success_rate": 72.94,
    "avg_latency_ms": 162.7,
    "avg_score": 98.92
  },
  "protocol_summary": {
    "vmess": {
      "count": 33,
      "avg_lat": 112.48484848484848,
      "avg_score": 99.25010101010102
    },
    "vless": {
      "count": 208,
      "avg_lat": 164.57692307692307,
      "avg_score": 98.90282051282051
    },
    "ss": {
      "count": 1,
      "avg_lat": 194.0,
      "avg_score": 98.70666666666666
    },
    "trojan": {
      "count": 76,
      "avg_lat": 178.94736842105263,
      "avg_score": 98.80701754385964
    }
  }
}