{
  "scan_timestamp": "2025-12-03T07:31:17.152209+00:00",
  "duration_seconds": 1075.16,
  "performance_metrics": {
    "total_processed": 483,
    "valid_configs": 315,
    "duplicates": 0,
    "failed_tests": 168,
    "success_rate": 65.22,
    "avg_latency_ms": 194.58,
    "avg_score": 98.7
  },
  "protocol_summary": {
    "vmess": {
      "count": 81,
      "avg_lat": 367.6666666666667,
      "avg_score": 97.54888888888888
    },
    "vless": {
      "count": 171,
      "avg_lat": 119.83625730994152,
      "avg_score": 99.20109161793371
    },
    "ss": {
      "count": 0,
      "avg_lat": 0.0,
      "avg_score": 0.0
    },
    "trojan": {
      "count": 63,
      "avg_lat": 174.9206349206349,
      "avg_score": 98.83386243386242
    }
  }
}