{
  "scan_timestamp": "2025-12-02T09:32:43.137484+00:00",
  "duration_seconds": 990.98,
  "performance_metrics": {
    "total_processed": 478,
    "valid_configs": 288,
    "duplicates": 0,
    "failed_tests": 190,
    "success_rate": 60.25,
    "avg_latency_ms": 167.83,
    "avg_score": 98.88
  },
  "protocol_summary": {
    "vmess": {
      "count": 70,
      "avg_lat": 184.4857142857143,
      "avg_score": 98.77009523809524
    },
    "vless": {
      "count": 156,
      "avg_lat": 165.0897435897436,
      "avg_score": 98.89940170940172
    },
    "ss": {
      "count": 0,
      "avg_lat": 0.0,
      "avg_score": 0.0
    },
    "trojan": {
      "count": 62,
      "avg_lat": 155.93548387096774,
      "avg_score": 98.96043010752689
    }
  }
}