{
  "scan_timestamp": "2025-11-30T20:28:23.204377+00:00",
  "duration_seconds": 1049.02,
  "performance_metrics": {
    "total_processed": 474,
    "valid_configs": 312,
    "duplicates": 0,
    "failed_tests": 162,
    "success_rate": 65.82,
    "avg_latency_ms": 167.02,
    "avg_score": 98.89
  },
  "protocol_summary": {
    "vmess": {
      "count": 72,
      "avg_lat": 163.65277777777777,
      "avg_score": 98.90898148148148
    },
    "vless": {
      "count": 197,
      "avg_lat": 165.54314720812184,
      "avg_score": 98.89637901861252
    },
    "ss": {
      "count": 0,
      "avg_lat": 0.0,
      "avg_score": 0.0
    },
    "trojan": {
      "count": 43,
      "avg_lat": 179.41860465116278,
      "avg_score": 98.80387596899224
    }
  }
}