{
  "scan_timestamp": "2025-11-22T02:33:22.856393+00:00",
  "duration_seconds": 814.81,
  "performance_metrics": {
    "total_processed": 382,
    "valid_configs": 241,
    "duplicates": 0,
    "failed_tests": 141,
    "success_rate": 63.09,
    "avg_latency_ms": 135.52,
    "avg_score": 99.1
  },
  "protocol_summary": {
    "vmess": {
      "count": 40,
      "avg_lat": 216.2,
      "avg_score": 98.55866666666667
    },
    "vless": {
      "count": 106,
      "avg_lat": 110.51886792452831,
      "avg_score": 99.26320754716981
    },
    "ss": {
      "count": 0,
      "avg_lat": 0.0,
      "avg_score": 0.0
    },
    "trojan": {
      "count": 95,
      "avg_lat": 129.45263157894738,
      "avg_score": 99.13698245614034
    }
  }
}