{
  "scan_timestamp": "2025-11-14T17:28:04.126567+00:00",
  "duration_seconds": 1118.63,
  "performance_metrics": {
    "total_processed": 478,
    "valid_configs": 329,
    "duplicates": 0,
    "failed_tests": 149,
    "success_rate": 68.83,
    "avg_latency_ms": 122.42,
    "avg_score": 99.18
  },
  "protocol_summary": {
    "vmess": {
      "count": 32,
      "avg_lat": 121.28125,
      "avg_score": 99.19145833333333
    },
    "vless": {
      "count": 232,
      "avg_lat": 108.03879310344827,
      "avg_score": 99.27974137931035
    },
    "ss": {
      "count": 1,
      "avg_lat": 131.0,
      "avg_score": 99.12666666666667
    },
    "trojan": {
      "count": 64,
      "avg_lat": 174.984375,
      "avg_score": 98.8334375
    }
  }
}