{
  "scan_timestamp": "2025-11-08T10:28:16.199780+00:00",
  "duration_seconds": 1139.38,
  "performance_metrics": {
    "total_processed": 477,
    "valid_configs": 349,
    "duplicates": 0,
    "failed_tests": 128,
    "success_rate": 73.17,
    "avg_latency_ms": 139.74,
    "avg_score": 99.07
  },
  "protocol_summary": {
    "vmess": {
      "count": 74,
      "avg_lat": 99.94594594594595,
      "avg_score": 99.3336936936937
    },
    "vless": {
      "count": 264,
      "avg_lat": 147.41666666666666,
      "avg_score": 99.01722222222222
    },
    "ss": {
      "count": 0,
      "avg_lat": 0.0,
      "avg_score": 0.0
    },
    "trojan": {
      "count": 11,
      "avg_lat": 223.27272727272728,
      "avg_score": 98.51151515151516
    }
  }
}