{
  "scan_timestamp": "2025-12-01T07:32:22.204212+00:00",
  "duration_seconds": 1067.26,
  "performance_metrics": {
    "total_processed": 476,
    "valid_configs": 322,
    "duplicates": 0,
    "failed_tests": 154,
    "success_rate": 67.65,
    "avg_latency_ms": 181.7,
    "avg_score": 98.79
  },
  "protocol_summary": {
    "vmess": {
      "count": 80,
      "avg_lat": 315.625,
      "avg_score": 97.89583333333334
    },
    "vless": {
      "count": 197,
      "avg_lat": 122.15228426395939,
      "avg_score": 99.18565143824027
    },
    "ss": {
      "count": 0,
      "avg_lat": 0.0,
      "avg_score": 0.0
    },
    "trojan": {
      "count": 45,
      "avg_lat": 204.26666666666668,
      "avg_score": 98.63822222222223
    }
  }
}