{
  "scan_timestamp": "2025-10-26T14:13:56.031271+00:00",
  "duration_seconds": 343.35,
  "performance_metrics": {
    "total_processed": 156,
    "valid_configs": 91,
    "duplicates": 0,
    "failed_tests": 65,
    "success_rate": 58.33,
    "avg_latency_ms": 142.75,
    "avg_score": 99.05
  },
  "protocol_summary": {
    "vmess": {
      "count": 63,
      "avg_lat": 161.25396825396825,
      "avg_score": 98.92497354497355
    },
    "vless": {
      "count": 10,
      "avg_lat": 50.2,
      "avg_score": 99.66533333333334
    },
    "ss": {
      "count": 0,
      "avg_lat": 0.0,
      "avg_score": 0.0
    },
    "trojan": {
      "count": 18,
      "avg_lat": 129.38888888888889,
      "avg_score": 99.13740740740741
    }
  }
}