{
  "scan_timestamp": "2025-12-02T19:29:16.059589+00:00",
  "duration_seconds": 1044.13,
  "performance_metrics": {
    "total_processed": 477,
    "valid_configs": 297,
    "duplicates": 0,
    "failed_tests": 180,
    "success_rate": 62.26,
    "avg_latency_ms": 204.25,
    "avg_score": 98.64
  },
  "protocol_summary": {
    "vmess": {
      "count": 55,
      "avg_lat": 359.2,
      "avg_score": 97.60533333333333
    },
    "vless": {
      "count": 170,
      "avg_lat": 180.56470588235294,
      "avg_score": 98.79623529411765
    },
    "ss": {
      "count": 0,
      "avg_lat": 0.0,
      "avg_score": 0.0
    },
    "trojan": {
      "count": 72,
      "avg_lat": 141.81944444444446,
      "avg_score": 99.05453703703704
    }
  }
}