{
  "scan_timestamp": "2025-12-05T21:26:25.381221+00:00",
  "duration_seconds": 1007.46,
  "performance_metrics": {
    "total_processed": 471,
    "valid_configs": 272,
    "duplicates": 0,
    "failed_tests": 199,
    "success_rate": 57.75,
    "avg_latency_ms": 144.92,
    "avg_score": 99.03
  },
  "protocol_summary": {
    "vmess": {
      "count": 105,
      "avg_lat": 153.54285714285714,
      "avg_score": 98.97638095238095
    },
    "vless": {
      "count": 126,
      "avg_lat": 116.5,
      "avg_score": 99.22333333333333
    },
    "ss": {
      "count": 0,
      "avg_lat": 0.0,
      "avg_score": 0.0
    },
    "trojan": {
      "count": 41,
      "avg_lat": 210.17073170731706,
      "avg_score": 98.59886178861788
    }
  }
}