{
  "scan_timestamp": "2025-12-05T23:27:23.103195+00:00",
  "duration_seconds": 1036.18,
  "performance_metrics": {
    "total_processed": 479,
    "valid_configs": 278,
    "duplicates": 0,
    "failed_tests": 201,
    "success_rate": 58.04,
    "avg_latency_ms": 159.63,
    "avg_score": 98.94
  },
  "protocol_summary": {
    "vmess": {
      "count": 93,
      "avg_lat": 209.33333333333334,
      "avg_score": 98.60444444444444
    },
    "vless": {
      "count": 127,
      "avg_lat": 114.43307086614173,
      "avg_score": 99.23711286089238
    },
    "ss": {
      "count": 0,
      "avg_lat": 0.0,
      "avg_score": 0.0
    },
    "trojan": {
      "count": 58,
      "avg_lat": 178.8793103448276,
      "avg_score": 98.8074712643678
    }
  }
}