{
  "scan_timestamp": "2025-11-01T09:26:21.632584+00:00",
  "duration_seconds": 1005.45,
  "performance_metrics": {
    "total_processed": 443,
    "valid_configs": 265,
    "duplicates": 0,
    "failed_tests": 178,
    "success_rate": 59.82,
    "avg_latency_ms": 187.21,
    "avg_score": 98.75
  },
  "protocol_summary": {
    "vmess": {
      "count": 132,
      "avg_lat": 290.8484848484849,
      "avg_score": 98.0610101010101
    },
    "vless": {
      "count": 108,
      "avg_lat": 74.51851851851852,
      "avg_score": 99.50320987654321
    },
    "ss": {
      "count": 1,
      "avg_lat": 124.0,
      "avg_score": 99.17333333333333
    },
    "trojan": {
      "count": 24,
      "avg_lat": 126.91666666666667,
      "avg_score": 99.15388888888889
    }
  }
}