{
  "scan_timestamp": "2025-11-16T03:01:11.565239+00:00",
  "duration_seconds": 1091.44,
  "performance_metrics": {
    "total_processed": 476,
    "valid_configs": 325,
    "duplicates": 0,
    "failed_tests": 151,
    "success_rate": 68.28,
    "avg_latency_ms": 151.05,
    "avg_score": 98.99
  },
  "protocol_summary": {
    "vmess": {
      "count": 58,
      "avg_lat": 149.9655172413793,
      "avg_score": 99.00022988505746
    },
    "vless": {
      "count": 214,
      "avg_lat": 149.65420560747663,
      "avg_score": 99.00230529595015
    },
    "ss": {
      "count": 1,
      "avg_lat": 182.0,
      "avg_score": 98.78666666666666
    },
    "trojan": {
      "count": 52,
      "avg_lat": 157.40384615384616,
      "avg_score": 98.95064102564103
    }
  }
}