{
  "scan_timestamp": "2025-11-14T09:29:43.627847+00:00",
  "duration_seconds": 1115.42,
  "performance_metrics": {
    "total_processed": 480,
    "valid_configs": 335,
    "duplicates": 0,
    "failed_tests": 145,
    "success_rate": 69.79,
    "avg_latency_ms": 132.02,
    "avg_score": 99.12
  },
  "protocol_summary": {
    "vmess": {
      "count": 28,
      "avg_lat": 286.89285714285717,
      "avg_score": 98.08738095238095
    },
    "vless": {
      "count": 247,
      "avg_lat": 112.01619433198381,
      "avg_score": 99.25322537112011
    },
    "ss": {
      "count": 0,
      "avg_lat": 0.0,
      "avg_score": 0.0
    },
    "trojan": {
      "count": 60,
      "avg_lat": 142.1,
      "avg_score": 99.05266666666667
    }
  }
}