{
  "scan_timestamp": "2025-11-03T14:23:19.280148+00:00",
  "duration_seconds": 769.75,
  "performance_metrics": {
    "total_processed": 356,
    "valid_configs": 181,
    "duplicates": 0,
    "failed_tests": 175,
    "success_rate": 50.84,
    "avg_latency_ms": 108.25,
    "avg_score": 99.28
  },
  "protocol_summary": {
    "vmess": {
      "count": 63,
      "avg_lat": 178.61904761904762,
      "avg_score": 98.80920634920635
    },
    "vless": {
      "count": 97,
      "avg_lat": 60.5360824742268,
      "avg_score": 99.59642611683849
    },
    "ss": {
      "count": 1,
      "avg_lat": 136.0,
      "avg_score": 99.09333333333333
    },
    "trojan": {
      "count": 20,
      "avg_lat": 116.65,
      "avg_score": 99.22233333333334
    }
  }
}