{
  "scan_timestamp": "2025-10-30T17:20:18.525026+00:00",
  "duration_seconds": 648.93,
  "performance_metrics": {
    "total_processed": 351,
    "valid_configs": 158,
    "duplicates": 0,
    "failed_tests": 193,
    "success_rate": 45.01,
    "avg_latency_ms": 152.63,
    "avg_score": 98.98
  },
  "protocol_summary": {
    "vmess": {
      "count": 58,
      "avg_lat": 284.7068965517241,
      "avg_score": 98.1019540229885
    },
    "vless": {
      "count": 95,
      "avg_lat": 58.83157894736842,
      "avg_score": 99.6077894736842
    },
    "ss": {
      "count": 1,
      "avg_lat": 128.0,
      "avg_score": 99.14666666666666
    },
    "trojan": {
      "count": 4,
      "avg_lat": 471.25,
      "avg_score": 96.85833333333333
    }
  }
}