{
  "scan_timestamp": "2025-10-29T14:24:16.423407+00:00",
  "duration_seconds": 806.56,
  "performance_metrics": {
    "total_processed": 394,
    "valid_configs": 213,
    "duplicates": 0,
    "failed_tests": 181,
    "success_rate": 54.06,
    "avg_latency_ms": 131.9,
    "avg_score": 99.12
  },
  "protocol_summary": {
    "vmess": {
      "count": 65,
      "avg_lat": 195.6769230769231,
      "avg_score": 98.69548717948719
    },
    "vless": {
      "count": 117,
      "avg_lat": 80.11111111111111,
      "avg_score": 99.46592592592593
    },
    "ss": {
      "count": 1,
      "avg_lat": 193.0,
      "avg_score": 98.71333333333334
    },
    "trojan": {
      "count": 30,
      "avg_lat": 193.63333333333333,
      "avg_score": 98.7091111111111
    }
  }
}