{
  "scan_timestamp": "2025-11-06T14:29:24.303003+00:00",
  "duration_seconds": 1125.71,
  "performance_metrics": {
    "total_processed": 477,
    "valid_configs": 323,
    "duplicates": 0,
    "failed_tests": 154,
    "success_rate": 67.71,
    "avg_latency_ms": 172.72,
    "avg_score": 98.85
  },
  "protocol_summary": {
    "vmess": {
      "count": 56,
      "avg_lat": 186.875,
      "avg_score": 98.75416666666668
    },
    "vless": {
      "count": 254,
      "avg_lat": 158.29921259842519,
      "avg_score": 98.94467191601049
    },
    "ss": {
      "count": 1,
      "avg_lat": 181.0,
      "avg_score": 98.79333333333334
    },
    "trojan": {
      "count": 12,
      "avg_lat": 411.1666666666667,
      "avg_score": 97.25888888888888
    }
  }
}