{
  "scan_timestamp": "2025-11-01T04:23:33.253080+00:00",
  "duration_seconds": 765.66,
  "performance_metrics": {
    "total_processed": 383,
    "valid_configs": 202,
    "duplicates": 0,
    "failed_tests": 181,
    "success_rate": 52.74,
    "avg_latency_ms": 120.17,
    "avg_score": 99.2
  },
  "protocol_summary": {
    "vmess": {
      "count": 69,
      "avg_lat": 162.768115942029,
      "avg_score": 98.91487922705315
    },
    "vless": {
      "count": 103,
      "avg_lat": 61.33980582524272,
      "avg_score": 99.59106796116504
    },
    "ss": {
      "count": 1,
      "avg_lat": 124.0,
      "avg_score": 99.17333333333333
    },
    "trojan": {
      "count": 29,
      "avg_lat": 227.6551724137931,
      "avg_score": 98.48229885057471
    }
  }
}