{
  "scan_timestamp": "2025-11-18T07:28:02.206265+00:00",
  "duration_seconds": 1024.6,
  "performance_metrics": {
    "total_processed": 468,
    "valid_configs": 308,
    "duplicates": 0,
    "failed_tests": 160,
    "success_rate": 65.81,
    "avg_latency_ms": 157.49,
    "avg_score": 98.95
  },
  "protocol_summary": {
    "vmess": {
      "count": 50,
      "avg_lat": 238.62,
      "avg_score": 98.4092
    },
    "vless": {
      "count": 165,
      "avg_lat": 133.55757575757576,
      "avg_score": 99.10961616161616
    },
    "ss": {
      "count": 1,
      "avg_lat": 175.0,
      "avg_score": 98.83333333333333
    },
    "trojan": {
      "count": 92,
      "avg_lat": 156.1195652173913,
      "avg_score": 98.95920289855071
    }
  }
}