{
  "scan_timestamp": "2025-12-06T17:23:08.821579+00:00",
  "duration_seconds": 903.68,
  "performance_metrics": {
    "total_processed": 471,
    "valid_configs": 240,
    "duplicates": 0,
    "failed_tests": 231,
    "success_rate": 50.96,
    "avg_latency_ms": 167.3,
    "avg_score": 98.88
  },
  "protocol_summary": {
    "vmess": {
      "count": 60,
      "avg_lat": 166.0,
      "avg_score": 98.89333333333335
    },
    "vless": {
      "count": 132,
      "avg_lat": 159.75757575757575,
      "avg_score": 98.93494949494949
    },
    "ss": {
      "count": 0,
      "avg_lat": 0.0,
      "avg_score": 0.0
    },
    "trojan": {
      "count": 48,
      "avg_lat": 189.6875,
      "avg_score": 98.73541666666667
    }
  }
}