{
  "scan_timestamp": "2025-10-29T18:29:42.822517+00:00",
  "duration_seconds": 802.09,
  "performance_metrics": {
    "total_processed": 392,
    "valid_configs": 214,
    "duplicates": 0,
    "failed_tests": 178,
    "success_rate": 54.59,
    "avg_latency_ms": 94.37,
    "avg_score": 99.37
  },
  "protocol_summary": {
    "vmess": {
      "count": 64,
      "avg_lat": 130.53125,
      "avg_score": 99.12979166666666
    },
    "vless": {
      "count": 119,
      "avg_lat": 61.2436974789916,
      "avg_score": 99.5917086834734
    },
    "ss": {
      "count": 1,
      "avg_lat": 129.0,
      "avg_score": 99.14
    },
    "trojan": {
      "count": 30,
      "avg_lat": 147.5,
      "avg_score": 99.01666666666667
    }
  }
}