{
  "scan_timestamp": "2025-11-03T23:21:28.793309+00:00",
  "duration_seconds": 737.7,
  "performance_metrics": {
    "total_processed": 357,
    "valid_configs": 169,
    "duplicates": 0,
    "failed_tests": 188,
    "success_rate": 47.34,
    "avg_latency_ms": 71.78,
    "avg_score": 99.52
  },
  "protocol_summary": {
    "vmess": {
      "count": 51,
      "avg_lat": 89.58823529411765,
      "avg_score": 99.40274509803922
    },
    "vless": {
      "count": 97,
      "avg_lat": 50.649484536082475,
      "avg_score": 99.66233676975945
    },
    "ss": {
      "count": 1,
      "avg_lat": 125.0,
      "avg_score": 99.16666666666667
    },
    "trojan": {
      "count": 20,
      "avg_lat": 126.15,
      "avg_score": 99.159
    }
  }
}