{
  "scan_timestamp": "2025-11-23T04:05:32.380230+00:00",
  "duration_seconds": 787.18,
  "performance_metrics": {
    "total_processed": 381,
    "valid_configs": 234,
    "duplicates": 0,
    "failed_tests": 147,
    "success_rate": 61.42,
    "avg_latency_ms": 111.5,
    "avg_score": 99.26
  },
  "protocol_summary": {
    "vmess": {
      "count": 38,
      "avg_lat": 73.1842105263158,
      "avg_score": 99.51210526315789
    },
    "vless": {
      "count": 91,
      "avg_lat": 70.57142857142857,
      "avg_score": 99.52952380952381
    },
    "ss": {
      "count": 0,
      "avg_lat": 0.0,
      "avg_score": 0.0
    },
    "trojan": {
      "count": 105,
      "avg_lat": 160.83809523809524,
      "avg_score": 98.92774603174604
    }
  }
}