{
  "scan_timestamp": "2025-12-05T05:27:51.237938+00:00",
  "duration_seconds": 1010.11,
  "performance_metrics": {
    "total_processed": 470,
    "valid_configs": 278,
    "duplicates": 0,
    "failed_tests": 192,
    "success_rate": 59.15,
    "avg_latency_ms": 164.54,
    "avg_score": 98.9
  },
  "protocol_summary": {
    "vmess": {
      "count": 96,
      "avg_lat": 195.01041666666666,
      "avg_score": 98.69993055555555
    },
    "vless": {
      "count": 140,
      "avg_lat": 133.35714285714286,
      "avg_score": 99.11095238095238
    },
    "ss": {
      "count": 0,
      "avg_lat": 0.0,
      "avg_score": 0.0
    },
    "trojan": {
      "count": 42,
      "avg_lat": 198.85714285714286,
      "avg_score": 98.6742857142857
    }
  }
}