{
  "scan_timestamp": "2025-11-05T03:57:19.942469+00:00",
  "duration_seconds": 1127.9,
  "performance_metrics": {
    "total_processed": 477,
    "valid_configs": 338,
    "duplicates": 0,
    "failed_tests": 139,
    "success_rate": 70.86,
    "avg_latency_ms": 137.92,
    "avg_score": 99.08
  },
  "protocol_summary": {
    "vmess": {
      "count": 53,
      "avg_lat": 295.6981132075472,
      "avg_score": 98.02867924528302
    },
    "vless": {
      "count": 275,
      "avg_lat": 106.99636363636364,
      "avg_score": 99.28669090909091
    },
    "ss": {
      "count": 0,
      "avg_lat": 0.0,
      "avg_score": 0.0
    },
    "trojan": {
      "count": 10,
      "avg_lat": 152.0,
      "avg_score": 98.98666666666666
    }
  }
}