{
  "scan_timestamp": "2025-10-30T21:20:51.663021+00:00",
  "duration_seconds": 676.94,
  "performance_metrics": {
    "total_processed": 352,
    "valid_configs": 166,
    "duplicates": 0,
    "failed_tests": 186,
    "success_rate": 47.16,
    "avg_latency_ms": 183.43,
    "avg_score": 98.78
  },
  "protocol_summary": {
    "vmess": {
      "count": 59,
      "avg_lat": 285.1186440677966,
      "avg_score": 98.09920903954803
    },
    "vless": {
      "count": 102,
      "avg_lat": 124.73529411764706,
      "avg_score": 99.16843137254902
    },
    "ss": {
      "count": 1,
      "avg_lat": 147.0,
      "avg_score": 99.02
    },
    "trojan": {
      "count": 4,
      "avg_lat": 189.25,
      "avg_score": 98.73833333333333
    }
  }
}