{
  "scan_timestamp": "2025-11-02T06:27:46.444394+00:00",
  "duration_seconds": 823.81,
  "performance_metrics": {
    "total_processed": 390,
    "valid_configs": 194,
    "duplicates": 0,
    "failed_tests": 196,
    "success_rate": 49.74,
    "avg_latency_ms": 82.16,
    "avg_score": 99.45
  },
  "protocol_summary": {
    "vmess": {
      "count": 52,
      "avg_lat": 115.67307692307692,
      "avg_score": 99.22884615384615
    },
    "vless": {
      "count": 122,
      "avg_lat": 59.0655737704918,
      "avg_score": 99.60622950819672
    },
    "ss": {
      "count": 1,
      "avg_lat": 157.0,
      "avg_score": 98.95333333333333
    },
    "trojan": {
      "count": 19,
      "avg_lat": 134.8421052631579,
      "avg_score": 99.10105263157895
    }
  }
}