{
  "scan_timestamp": "2025-11-29T05:25:16.319158+00:00",
  "duration_seconds": 897.71,
  "performance_metrics": {
    "total_processed": 474,
    "valid_configs": 200,
    "duplicates": 0,
    "failed_tests": 274,
    "success_rate": 42.19,
    "avg_latency_ms": 155.59,
    "avg_score": 98.96
  },
  "protocol_summary": {
    "vmess": {
      "count": 33,
      "avg_lat": 159.5151515151515,
      "avg_score": 98.93656565656566
    },
    "vless": {
      "count": 84,
      "avg_lat": 109.48809523809524,
      "avg_score": 99.27007936507937
    },
    "ss": {
      "count": 0,
      "avg_lat": 0.0,
      "avg_score": 0.0
    },
    "trojan": {
      "count": 83,
      "avg_lat": 200.67469879518072,
      "avg_score": 98.66216867469879
    }
  }
}