{
  "scan_timestamp": "2025-11-12T18:33:25.603648+00:00",
  "duration_seconds": 1105.76,
  "performance_metrics": {
    "total_processed": 474,
    "valid_configs": 330,
    "duplicates": 0,
    "failed_tests": 144,
    "success_rate": 69.62,
    "avg_latency_ms": 165.13,
    "avg_score": 98.9
  },
  "protocol_summary": {
    "vmess": {
      "count": 43,
      "avg_lat": 367.04651162790697,
      "avg_score": 97.55302325581395
    },
    "vless": {
      "count": 231,
      "avg_lat": 128.51082251082252,
      "avg_score": 99.14326118326119
    },
    "ss": {
      "count": 1,
      "avg_lat": 141.0,
      "avg_score": 99.06
    },
    "trojan": {
      "count": 55,
      "avg_lat": 161.52727272727273,
      "avg_score": 98.92315151515152
    }
  }
}