{
  "scan_timestamp": "2025-11-22T19:21:41.284903+00:00",
  "duration_seconds": 852.78,
  "performance_metrics": {
    "total_processed": 411,
    "valid_configs": 241,
    "duplicates": 0,
    "failed_tests": 170,
    "success_rate": 58.64,
    "avg_latency_ms": 157.0,
    "avg_score": 98.95
  },
  "protocol_summary": {
    "vmess": {
      "count": 44,
      "avg_lat": 122.8409090909091,
      "avg_score": 99.18106060606061
    },
    "vless": {
      "count": 107,
      "avg_lat": 153.45794392523365,
      "avg_score": 98.97694704049844
    },
    "ss": {
      "count": 4,
      "avg_lat": 406.0,
      "avg_score": 97.29333333333334
    },
    "trojan": {
      "count": 86,
      "avg_lat": 167.2906976744186,
      "avg_score": 98.88472868217053
    }
  }
}