{
  "scan_timestamp": "2025-12-01T04:58:24.375278+00:00",
  "duration_seconds": 1074.1,
  "performance_metrics": {
    "total_processed": 475,
    "valid_configs": 317,
    "duplicates": 0,
    "failed_tests": 158,
    "success_rate": 66.74,
    "avg_latency_ms": 198.23,
    "avg_score": 98.68
  },
  "protocol_summary": {
    "vmess": {
      "count": 80,
      "avg_lat": 362.0875,
      "avg_score": 97.58608333333333
    },
    "vless": {
      "count": 197,
      "avg_lat": 142.0203045685279,
      "avg_score": 99.05319796954315
    },
    "ss": {
      "count": 0,
      "avg_lat": 0.0,
      "avg_score": 0.0
    },
    "trojan": {
      "count": 40,
      "avg_lat": 147.375,
      "avg_score": 99.0175
    }
  }
}