{
  "scan_timestamp": "2025-11-21T12:31:19.888542+00:00",
  "duration_seconds": 774.31,
  "performance_metrics": {
    "total_processed": 387,
    "valid_configs": 213,
    "duplicates": 0,
    "failed_tests": 174,
    "success_rate": 55.04,
    "avg_latency_ms": 130.72,
    "avg_score": 99.13
  },
  "protocol_summary": {
    "vmess": {
      "count": 31,
      "avg_lat": 125.87096774193549,
      "avg_score": 99.16086021505376
    },
    "vless": {
      "count": 102,
      "avg_lat": 110.62745098039215,
      "avg_score": 99.26248366013071
    },
    "ss": {
      "count": 1,
      "avg_lat": 139.0,
      "avg_score": 99.07333333333334
    },
    "trojan": {
      "count": 79,
      "avg_lat": 158.45569620253164,
      "avg_score": 98.94362869198312
    }
  }
}