{
  "scan_timestamp": "2025-10-30T03:50:16.426088+00:00",
  "duration_seconds": 752.1,
  "performance_metrics": {
    "total_processed": 360,
    "valid_configs": 197,
    "duplicates": 0,
    "failed_tests": 163,
    "success_rate": 54.72,
    "avg_latency_ms": 109.7,
    "avg_score": 99.27
  },
  "protocol_summary": {
    "vmess": {
      "count": 61,
      "avg_lat": 154.8360655737705,
      "avg_score": 98.96775956284154
    },
    "vless": {
      "count": 123,
      "avg_lat": 84.42276422764228,
      "avg_score": 99.43718157181573
    },
    "ss": {
      "count": 1,
      "avg_lat": 181.0,
      "avg_score": 98.79333333333334
    },
    "trojan": {
      "count": 12,
      "avg_lat": 133.33333333333334,
      "avg_score": 99.1111111111111
    }
  }
}