{
  "scan_timestamp": "2025-10-29T21:22:28.037867+00:00",
  "duration_seconds": 809.07,
  "performance_metrics": {
    "total_processed": 392,
    "valid_configs": 214,
    "duplicates": 0,
    "failed_tests": 178,
    "success_rate": 54.59,
    "avg_latency_ms": 124.55,
    "avg_score": 99.17
  },
  "protocol_summary": {
    "vmess": {
      "count": 64,
      "avg_lat": 192.359375,
      "avg_score": 98.71760416666666
    },
    "vless": {
      "count": 119,
      "avg_lat": 84.52941176470588,
      "avg_score": 99.4364705882353
    },
    "ss": {
      "count": 1,
      "avg_lat": 138.0,
      "avg_score": 99.08
    },
    "trojan": {
      "count": 30,
      "avg_lat": 138.16666666666666,
      "avg_score": 99.0788888888889
    }
  }
}