{
  "scan_timestamp": "2025-11-09T04:31:00.173050+00:00",
  "duration_seconds": 1099.77,
  "performance_metrics": {
    "total_processed": 475,
    "valid_configs": 324,
    "duplicates": 0,
    "failed_tests": 151,
    "success_rate": 68.21,
    "avg_latency_ms": 103.17,
    "avg_score": 99.31
  },
  "protocol_summary": {
    "vmess": {
      "count": 61,
      "avg_lat": 117.63934426229508,
      "avg_score": 99.21573770491803
    },
    "vless": {
      "count": 247,
      "avg_lat": 93.94331983805668,
      "avg_score": 99.37371120107963
    },
    "ss": {
      "count": 1,
      "avg_lat": 124.0,
      "avg_score": 99.17333333333333
    },
    "trojan": {
      "count": 15,
      "avg_lat": 194.86666666666667,
      "avg_score": 98.70088888888888
    }
  }
}