{
  "scan_timestamp": "2025-11-01T16:24:58.733481+00:00",
  "duration_seconds": 899.36,
  "performance_metrics": {
    "total_processed": 431,
    "valid_configs": 231,
    "duplicates": 0,
    "failed_tests": 200,
    "success_rate": 53.6,
    "avg_latency_ms": 207.51,
    "avg_score": 98.62
  },
  "protocol_summary": {
    "vmess": {
      "count": 109,
      "avg_lat": 342.1651376146789,
      "avg_score": 97.71889908256881
    },
    "vless": {
      "count": 106,
      "avg_lat": 87.86792452830188,
      "avg_score": 99.41421383647798
    },
    "ss": {
      "count": 1,
      "avg_lat": 127.0,
      "avg_score": 99.15333333333334
    },
    "trojan": {
      "count": 15,
      "avg_lat": 79.86666666666666,
      "avg_score": 99.46755555555555
    }
  }
}