{
  "scan_timestamp": "2025-11-21T15:24:05.291423+00:00",
  "duration_seconds": 834.21,
  "performance_metrics": {
    "total_processed": 391,
    "valid_configs": 235,
    "duplicates": 0,
    "failed_tests": 156,
    "success_rate": 60.1,
    "avg_latency_ms": 123.54,
    "avg_score": 99.18
  },
  "protocol_summary": {
    "vmess": {
      "count": 36,
      "avg_lat": 108.0,
      "avg_score": 99.28
    },
    "vless": {
      "count": 114,
      "avg_lat": 119.89473684210526,
      "avg_score": 99.20070175438596
    },
    "ss": {
      "count": 0,
      "avg_lat": 0.0,
      "avg_score": 0.0
    },
    "trojan": {
      "count": 85,
      "avg_lat": 135.01176470588234,
      "avg_score": 99.09992156862745
    }
  }
}