{
  "scan_timestamp": "2025-12-02T16:31:36.615272+00:00",
  "duration_seconds": 1061.35,
  "performance_metrics": {
    "total_processed": 477,
    "valid_configs": 309,
    "duplicates": 0,
    "failed_tests": 168,
    "success_rate": 64.78,
    "avg_latency_ms": 179.61,
    "avg_score": 98.8
  },
  "protocol_summary": {
    "vmess": {
      "count": 61,
      "avg_lat": 253.04918032786884,
      "avg_score": 98.31300546448087
    },
    "vless": {
      "count": 173,
      "avg_lat": 153.13294797687863,
      "avg_score": 98.97911368015413
    },
    "ss": {
      "count": 0,
      "avg_lat": 0.0,
      "avg_score": 0.0
    },
    "trojan": {
      "count": 75,
      "avg_lat": 180.94666666666666,
      "avg_score": 98.7936888888889
    }
  }
}