{
  "scan_timestamp": "2025-11-07T23:28:37.553454+00:00",
  "duration_seconds": 1159.58,
  "performance_metrics": {
    "total_processed": 479,
    "valid_configs": 351,
    "duplicates": 0,
    "failed_tests": 128,
    "success_rate": 73.28,
    "avg_latency_ms": 131.38,
    "avg_score": 99.12
  },
  "protocol_summary": {
    "vmess": {
      "count": 74,
      "avg_lat": 88.97297297297297,
      "avg_score": 99.40684684684685
    },
    "vless": {
      "count": 270,
      "avg_lat": 143.34814814814814,
      "avg_score": 99.04434567901234
    },
    "ss": {
      "count": 0,
      "avg_lat": 0.0,
      "avg_score": 0.0
    },
    "trojan": {
      "count": 7,
      "avg_lat": 117.85714285714286,
      "avg_score": 99.21428571428571
    }
  }
}