{
  "scan_timestamp": "2025-11-26T10:26:42.929526+00:00",
  "duration_seconds": 867.52,
  "performance_metrics": {
    "total_processed": 423,
    "valid_configs": 244,
    "duplicates": 0,
    "failed_tests": 179,
    "success_rate": 57.68,
    "avg_latency_ms": 123.42,
    "avg_score": 99.18
  },
  "protocol_summary": {
    "vmess": {
      "count": 56,
      "avg_lat": 108.25,
      "avg_score": 99.27833333333334
    },
    "vless": {
      "count": 102,
      "avg_lat": 122.13725490196079,
      "avg_score": 99.18575163398692
    },
    "ss": {
      "count": 0,
      "avg_lat": 0.0,
      "avg_score": 0.0
    },
    "trojan": {
      "count": 86,
      "avg_lat": 134.82558139534885,
      "avg_score": 99.10116279069769
    }
  }
}