{
  "scan_timestamp": "2025-12-01T09:34:57.490309+00:00",
  "duration_seconds": 1065.38,
  "performance_metrics": {
    "total_processed": 475,
    "valid_configs": 320,
    "duplicates": 0,
    "failed_tests": 155,
    "success_rate": 67.37,
    "avg_latency_ms": 182.18,
    "avg_score": 98.79
  },
  "protocol_summary": {
    "vmess": {
      "count": 80,
      "avg_lat": 313.475,
      "avg_score": 97.91016666666667
    },
    "vless": {
      "count": 196,
      "avg_lat": 126.4234693877551,
      "avg_score": 99.1571768707483
    },
    "ss": {
      "count": 0,
      "avg_lat": 0.0,
      "avg_score": 0.0
    },
    "trojan": {
      "count": 44,
      "avg_lat": 191.8181818181818,
      "avg_score": 98.72121212121213
    }
  }
}