{
  "scan_timestamp": "2025-11-18T08:30:58.212403+00:00",
  "duration_seconds": 975.41,
  "performance_metrics": {
    "total_processed": 469,
    "valid_configs": 294,
    "duplicates": 0,
    "failed_tests": 175,
    "success_rate": 62.69,
    "avg_latency_ms": 167.89,
    "avg_score": 98.88
  },
  "protocol_summary": {
    "vmess": {
      "count": 47,
      "avg_lat": 330.74468085106383,
      "avg_score": 97.7950354609929
    },
    "vless": {
      "count": 162,
      "avg_lat": 132.82716049382717,
      "avg_score": 99.11448559670782
    },
    "ss": {
      "count": 1,
      "avg_lat": 158.0,
      "avg_score": 98.94666666666667
    },
    "trojan": {
      "count": 84,
      "avg_lat": 144.5,
      "avg_score": 99.03666666666666
    }
  }
}