{
  "scan_timestamp": "2025-10-31T16:27:05.365582+00:00",
  "duration_seconds": 909.57,
  "performance_metrics": {
    "total_processed": 417,
    "valid_configs": 243,
    "duplicates": 0,
    "failed_tests": 174,
    "success_rate": 58.27,
    "avg_latency_ms": 165.69,
    "avg_score": 98.9
  },
  "protocol_summary": {
    "vmess": {
      "count": 109,
      "avg_lat": 223.87155963302752,
      "avg_score": 98.50752293577982
    },
    "vless": {
      "count": 102,
      "avg_lat": 119.66666666666667,
      "avg_score": 99.20222222222223
    },
    "ss": {
      "count": 1,
      "avg_lat": 188.0,
      "avg_score": 98.74666666666667
    },
    "trojan": {
      "count": 31,
      "avg_lat": 111.80645161290323,
      "avg_score": 99.25462365591399
    }
  }
}