{
  "scan_timestamp": "2025-12-06T01:03:05.604349+00:00",
  "duration_seconds": 1038.7,
  "performance_metrics": {
    "total_processed": 479,
    "valid_configs": 277,
    "duplicates": 0,
    "failed_tests": 202,
    "success_rate": 57.83,
    "avg_latency_ms": 176.73,
    "avg_score": 98.82
  },
  "protocol_summary": {
    "vmess": {
      "count": 93,
      "avg_lat": 276.1720430107527,
      "avg_score": 98.15885304659497
    },
    "vless": {
      "count": 126,
      "avg_lat": 82.87301587301587,
      "avg_score": 99.44751322751323
    },
    "ss": {
      "count": 0,
      "avg_lat": 0.0,
      "avg_score": 0.0
    },
    "trojan": {
      "count": 58,
      "avg_lat": 221.1551724137931,
      "avg_score": 98.52563218390804
    }
  }
}