{
  "scan_timestamp": "2025-11-24T18:31:44.672739+00:00",
  "duration_seconds": 969.09,
  "performance_metrics": {
    "total_processed": 467,
    "valid_configs": 276,
    "duplicates": 0,
    "failed_tests": 191,
    "success_rate": 59.1,
    "avg_latency_ms": 146.05,
    "avg_score": 99.03
  },
  "protocol_summary": {
    "vmess": {
      "count": 49,
      "avg_lat": 165.6326530612245,
      "avg_score": 98.89578231292518
    },
    "vless": {
      "count": 103,
      "avg_lat": 134.29126213592232,
      "avg_score": 99.10472491909385
    },
    "ss": {
      "count": 0,
      "avg_lat": 0.0,
      "avg_score": 0.0
    },
    "trojan": {
      "count": 124,
      "avg_lat": 148.08064516129033,
      "avg_score": 99.01279569892473
    }
  }
}