{
  "scan_timestamp": "2025-11-17T06:34:46.271810+00:00",
  "duration_seconds": 1076.24,
  "performance_metrics": {
    "total_processed": 454,
    "valid_configs": 320,
    "duplicates": 0,
    "failed_tests": 134,
    "success_rate": 70.48,
    "avg_latency_ms": 148.8,
    "avg_score": 99.01
  },
  "protocol_summary": {
    "vmess": {
      "count": 40,
      "avg_lat": 139.55,
      "avg_score": 99.06966666666668
    },
    "vless": {
      "count": 210,
      "avg_lat": 151.05238095238096,
      "avg_score": 98.99298412698414
    },
    "ss": {
      "count": 1,
      "avg_lat": 211.0,
      "avg_score": 98.59333333333333
    },
    "trojan": {
      "count": 69,
      "avg_lat": 146.42028985507247,
      "avg_score": 99.02386473429951
    }
  }
}