{
  "scan_timestamp": "2025-12-01T16:32:15.775238+00:00",
  "duration_seconds": 1056.65,
  "performance_metrics": {
    "total_processed": 479,
    "valid_configs": 314,
    "duplicates": 0,
    "failed_tests": 165,
    "success_rate": 65.55,
    "avg_latency_ms": 172.32,
    "avg_score": 98.85
  },
  "protocol_summary": {
    "vmess": {
      "count": 79,
      "avg_lat": 260.1898734177215,
      "avg_score": 98.26540084388186
    },
    "vless": {
      "count": 174,
      "avg_lat": 126.83333333333333,
      "avg_score": 99.15444444444444
    },
    "ss": {
      "count": 0,
      "avg_lat": 0.0,
      "avg_score": 0.0
    },
    "trojan": {
      "count": 61,
      "avg_lat": 188.24590163934425,
      "avg_score": 98.74502732240437
    }
  }
}