{
  "scan_timestamp": "2025-12-05T08:32:06.367081+00:00",
  "duration_seconds": 1032.74,
  "performance_metrics": {
    "total_processed": 469,
    "valid_configs": 298,
    "duplicates": 0,
    "failed_tests": 171,
    "success_rate": 63.54,
    "avg_latency_ms": 193.88,
    "avg_score": 98.71
  },
  "protocol_summary": {
    "vmess": {
      "count": 110,
      "avg_lat": 243.61818181818182,
      "avg_score": 98.37587878787879
    },
    "vless": {
      "count": 141,
      "avg_lat": 144.25531914893617,
      "avg_score": 99.03829787234042
    },
    "ss": {
      "count": 0,
      "avg_lat": 0.0,
      "avg_score": 0.0
    },
    "trojan": {
      "count": 47,
      "avg_lat": 226.36170212765958,
      "avg_score": 98.49092198581562
    }
  }
}