{
  "scan_timestamp": "2025-12-02T23:28:06.568326+00:00",
  "duration_seconds": 1124.2,
  "performance_metrics": {
    "total_processed": 484,
    "valid_configs": 323,
    "duplicates": 0,
    "failed_tests": 161,
    "success_rate": 66.74,
    "avg_latency_ms": 155.33,
    "avg_score": 98.96
  },
  "protocol_summary": {
    "vmess": {
      "count": 72,
      "avg_lat": 279.3333333333333,
      "avg_score": 98.13777777777779
    },
    "vless": {
      "count": 171,
      "avg_lat": 109.10526315789474,
      "avg_score": 99.27263157894737
    },
    "ss": {
      "count": 1,
      "avg_lat": 203.0,
      "avg_score": 98.64666666666666
    },
    "trojan": {
      "count": 79,
      "avg_lat": 141.74683544303798,
      "avg_score": 99.0550210970464
    }
  }
}