{
  "scan_timestamp": "2025-11-20T13:39:19.041486+00:00",
  "duration_seconds": 929.02,
  "performance_metrics": {
    "total_processed": 416,
    "valid_configs": 263,
    "duplicates": 0,
    "failed_tests": 153,
    "success_rate": 63.22,
    "avg_latency_ms": 124.36,
    "avg_score": 99.17
  },
  "protocol_summary": {
    "vmess": {
      "count": 35,
      "avg_lat": 219.22857142857143,
      "avg_score": 98.53847619047619
    },
    "vless": {
      "count": 137,
      "avg_lat": 75.94890510948905,
      "avg_score": 99.49367396593674
    },
    "ss": {
      "count": 1,
      "avg_lat": 147.0,
      "avg_score": 99.02
    },
    "trojan": {
      "count": 90,
      "avg_lat": 160.9,
      "avg_score": 98.92733333333332
    }
  }
}