{
  "scan_timestamp": "2025-11-16T13:34:54.623142+00:00",
  "duration_seconds": 1076.37,
  "performance_metrics": {
    "total_processed": 475,
    "valid_configs": 316,
    "duplicates": 0,
    "failed_tests": 159,
    "success_rate": 66.53,
    "avg_latency_ms": 120.69,
    "avg_score": 99.2
  },
  "protocol_summary": {
    "vmess": {
      "count": 49,
      "avg_lat": 173.59183673469389,
      "avg_score": 98.84272108843537
    },
    "vless": {
      "count": 208,
      "avg_lat": 99.875,
      "avg_score": 99.33416666666668
    },
    "ss": {
      "count": 1,
      "avg_lat": 124.0,
      "avg_score": 99.17333333333333
    },
    "trojan": {
      "count": 58,
      "avg_lat": 150.56896551724137,
      "avg_score": 98.99620689655173
    }
  }
}