{
  "scan_timestamp": "2025-12-05T04:01:51.337858+00:00",
  "duration_seconds": 1013.91,
  "performance_metrics": {
    "total_processed": 470,
    "valid_configs": 284,
    "duplicates": 0,
    "failed_tests": 186,
    "success_rate": 60.43,
    "avg_latency_ms": 186.89,
    "avg_score": 98.75
  },
  "protocol_summary": {
    "vmess": {
      "count": 97,
      "avg_lat": 246.70103092783506,
      "avg_score": 98.35532646048111
    },
    "vless": {
      "count": 143,
      "avg_lat": 145.16083916083917,
      "avg_score": 99.03226107226106
    },
    "ss": {
      "count": 0,
      "avg_lat": 0.0,
      "avg_score": 0.0
    },
    "trojan": {
      "count": 44,
      "avg_lat": 190.63636363636363,
      "avg_score": 98.72909090909091
    }
  }
}